anio,trimestre,indicador,regimen,corte,categoria_origen,valor,ee,n_obs
2026,2,TIL1,enoe_2023,edad,14 a 19,85.76,0.599,8736
2026,2,TIL1,enoe_2023,edad,20 a 29,53.06,0.453,39925
2026,2,TIL1,enoe_2023,edad,30 a 39,48.04,0.454,44656
2026,2,TIL1,enoe_2023,edad,40 a 49,50.02,0.449,41341
2026,2,TIL1,enoe_2023,edad,50 a 59,53.96,0.481,34526
2026,2,TIL1,enoe_2023,edad,60 y más,72.14,0.546,20064
2026,2,TIL1,enoe_2023,entidad,Aguascalientes,42.54,1.083,5013
2026,2,TIL1,enoe_2023,entidad,Baja California,36.19,0.89,7299
2026,2,TIL1,enoe_2023,entidad,Baja California Sur,39.61,0.986,4118
2026,2,TIL1,enoe_2023,entidad,Campeche,61.36,1.066,7204
2026,2,TIL1,enoe_2023,entidad,Chiapas,76.88,0.996,8467
2026,2,TIL1,enoe_2023,entidad,Chihuahua,35.09,0.862,6876
2026,2,TIL1,enoe_2023,entidad,Ciudad de México,45.3,0.94,4760
2026,2,TIL1,enoe_2023,entidad,Coahuila de Zaragoza,35.54,0.866,7225
2026,2,TIL1,enoe_2023,entidad,Colima,46.24,1.124,5203
2026,2,TIL1,enoe_2023,entidad,Durango,55.52,1.209,6025
2026,2,TIL1,enoe_2023,entidad,Guanajuato,54.77,1.217,7486
2026,2,TIL1,enoe_2023,entidad,Guerrero,77.6,1.01,5287
2026,2,TIL1,enoe_2023,entidad,Hidalgo,71.95,1.668,4615
2026,2,TIL1,enoe_2023,entidad,Jalisco,46.54,1.181,5886
2026,2,TIL1,enoe_2023,entidad,Michoacán de Ocampo,71.33,1.43,5175
2026,2,TIL1,enoe_2023,entidad,Morelos,67.23,1.013,4902
2026,2,TIL1,enoe_2023,entidad,México,55.27,0.988,7867
2026,2,TIL1,enoe_2023,entidad,Nayarit,58.9,1.206,5912
2026,2,TIL1,enoe_2023,entidad,Nuevo León,34.83,0.818,5959
2026,2,TIL1,enoe_2023,entidad,Oaxaca,80.14,0.811,6395
2026,2,TIL1,enoe_2023,entidad,Puebla,70.25,1.987,6812
2026,2,TIL1,enoe_2023,entidad,Querétaro,39.18,1.151,5284
2026,2,TIL1,enoe_2023,entidad,Quintana Roo,44.97,1.219,4880
2026,2,TIL1,enoe_2023,entidad,San Luis Potosí,54.89,1.25,5343
2026,2,TIL1,enoe_2023,entidad,Sinaloa,49.01,1.039,4920
2026,2,TIL1,enoe_2023,entidad,Sonora,43.89,1.229,4998
2026,2,TIL1,enoe_2023,entidad,Tabasco,66.22,1.157,5135
2026,2,TIL1,enoe_2023,entidad,Tamaulipas,44.4,1.046,6934
2026,2,TIL1,enoe_2023,entidad,Tlaxcala,72.01,1.054,5510
2026,2,TIL1,enoe_2023,entidad,Veracruz de Ignacio de la Llave,69.05,1.134,7594
2026,2,TIL1,enoe_2023,entidad,Yucatán,59.14,0.947,5544
2026,2,TIL1,enoe_2023,entidad,Zacatecas,61.25,1.144,4725
2005,1,TIL1,tradicional,nacional,NA,59.12,0.245,162499
2005,2,TIL1,tradicional,nacional,NA,59.38,0.248,164852
2005,3,TIL1,tradicional,nacional,NA,59.72,0.243,166954
2005,4,TIL1,tradicional,nacional,NA,59.56,0.247,170012
2006,1,TIL1,tradicional,nacional,NA,58.58,0.259,169766
2006,2,TIL1,tradicional,nacional,NA,59.08,0.245,170456
2006,3,TIL1,tradicional,nacional,NA,58.06,0.245,170635
2006,4,TIL1,tradicional,nacional,NA,57.75,0.254,171164
2007,1,TIL1,tradicional,nacional,NA,57.53,0.257,170778
2007,2,TIL1,tradicional,nacional,NA,57.95,0.258,171553
2007,3,TIL1,tradicional,nacional,NA,57.66,0.258,169770
2007,4,TIL1,tradicional,nacional,NA,58.3,0.271,170666
2008,1,TIL1,tradicional,nacional,NA,57.69,0.261,170640
2008,2,TIL1,tradicional,nacional,NA,58.33,0.253,172087
2008,3,TIL1,tradicional,nacional,NA,58.01,0.253,168429
2008,4,TIL1,tradicional,nacional,NA,58.46,0.26,166075
2009,1,TIL1,tradicional,nacional,NA,58.64,0.263,163870
2009,2,TIL1,tradicional,nacional,NA,59.49,0.261,163618
2009,3,TIL1,tradicional,nacional,NA,59.76,0.251,163375
2009,4,TIL1,tradicional,nacional,NA,60.02,0.249,166013
2010,1,TIL1,tradicional,nacional,NA,59.51,0.252,164447
2010,2,TIL1,tradicional,nacional,NA,59.89,0.254,167900
2010,3,TIL1,tradicional,nacional,NA,59.26,0.262,165883
2010,4,TIL1,tradicional,nacional,NA,59.27,0.257,162020
2011,1,TIL1,tradicional,nacional,NA,59.2,0.258,162184
2011,2,TIL1,tradicional,nacional,NA,59.2,0.254,163948
2011,3,TIL1,tradicional,nacional,NA,59.6,0.254,163965
2011,4,TIL1,tradicional,nacional,NA,59.66,0.256,167141
2012,1,TIL1,tradicional,nacional,NA,59.45,0.259,165535
2012,2,TIL1,tradicional,nacional,NA,59.63,0.262,168445
2012,3,TIL1,tradicional,nacional,NA,59.78,0.255,167371
2012,4,TIL1,tradicional,nacional,NA,59.63,0.26,163221
2013,1,TIL1,tradicional,nacional,NA,58.73,0.263,161887
2013,2,TIL1,tradicional,nacional,NA,58.88,0.26,164543
2013,3,TIL1,tradicional,nacional,NA,58.92,0.26,164005
2013,4,TIL1,tradicional,nacional,NA,58.6,0.258,168486
2014,1,TIL1,tradicional,nacional,NA,58,0.262,166166
2014,2,TIL1,tradicional,nacional,NA,57.56,0.259,167875
2014,3,TIL1,tradicional,nacional,NA,57.88,0.251,167705
2014,4,TIL1,tradicional,nacional,NA,57.92,0.256,168790
2015,1,TIL1,tradicional,nacional,NA,57.61,0.253,168042
2015,2,TIL1,tradicional,nacional,NA,57.81,0.251,169457
2015,3,TIL1,tradicional,nacional,NA,57.79,0.243,168161
2015,4,TIL1,tradicional,nacional,NA,58.18,0.249,169392
2016,1,TIL1,tradicional,nacional,NA,57.36,0.248,166740
2016,2,TIL1,tradicional,nacional,NA,57.18,0.244,168615
2016,3,TIL1,tradicional,nacional,NA,57.37,0.249,166920
2016,4,TIL1,tradicional,nacional,NA,57.24,0.246,167112
2017,1,TIL1,tradicional,nacional,NA,57.17,0.243,165959
2017,2,TIL1,tradicional,nacional,NA,56.51,0.245,169722
2017,3,TIL1,tradicional,nacional,NA,57.19,0.252,166630
2017,4,TIL1,tradicional,nacional,NA,57.05,0.252,167947
2018,1,TIL1,tradicional,nacional,NA,56.75,0.257,167104
2018,2,TIL1,tradicional,nacional,NA,56.65,0.257,170060
2018,3,TIL1,tradicional,nacional,NA,56.7,0.256,169141
2018,4,TIL1,tradicional,nacional,NA,56.63,0.257,169782
2019,1,TIL1,tradicional,nacional,NA,56.73,0.254,175901
2019,2,TIL1,tradicional,nacional,NA,56.2,0.252,178329
2019,3,TIL1,tradicional,nacional,NA,56.37,0.248,177816
2019,4,TIL1,tradicional,nacional,NA,56.09,0.253,177877
2020,1,TIL1,tradicional,nacional,NA,55.85,0.254,182969
2020,3,TIL1,enoen,nacional,NA,54.19,0.417,119456
2020,4,TIL1,enoen,nacional,NA,55.59,0.332,150956
2021,1,TIL1,enoen,nacional,NA,55.07,0.343,147949
2021,2,TIL1,enoen,nacional,NA,56.16,0.304,166309
2021,3,TIL1,enoen,nacional,NA,56.3,0.262,186663
2021,4,TIL1,enoen,nacional,NA,55.84,0.258,191760
2022,1,TIL1,enoen,nacional,NA,55.24,0.271,176192
2022,2,TIL1,enoen,nacional,NA,55.75,0.256,180969
2022,3,TIL1,enoen,nacional,NA,55.6,0.252,178090
2022,4,TIL1,enoen,nacional,NA,55.11,0.254,179580
2023,1,TIL1,enoe_2023,nacional,NA,55.06,0.245,203575
2023,2,TIL1,enoe_2023,nacional,NA,55.18,0.253,195374
2023,3,TIL1,enoe_2023,nacional,NA,55.12,0.255,195781
2023,4,TIL1,enoe_2023,nacional,NA,54.77,0.267,192399
2024,1,TIL1,enoe_2023,nacional,NA,54.35,0.261,193108
2024,2,TIL1,enoe_2023,nacional,NA,54.26,0.272,195278
2024,3,TIL1,enoe_2023,nacional,NA,54.64,0.26,193623
2024,4,TIL1,enoe_2023,nacional,NA,54.45,0.251,191738
2025,1,TIL1,enoe_2023,nacional,NA,54.31,0.262,189481
2025,2,TIL1,enoe_2023,nacional,NA,54.83,0.251,190687
2025,3,TIL1,enoe_2023,nacional,NA,55.41,0.259,190938
2025,4,TIL1,enoe_2023,nacional,NA,55,0.254,190187
2026,1,TIL1,enoe_2023,nacional,NA,54.78,0.249,187657
2026,2,TIL1,enoe_2023,nacional,NA,55.1,0.256,189353
2026,2,TIL1,enoe_2023,nivel_educativo,Medio superior y superior,37.94,0.31,93866
2026,2,TIL1,enoe_2023,nivel_educativo,Primaria completa,79.1,0.45,23622
2026,2,TIL1,enoe_2023,nivel_educativo,Primaria incompleta,87.61,0.457,12102
2026,2,TIL1,enoe_2023,nivel_educativo,Secundaria completa,62.88,0.379,59263
2026,2,TIL1,enoe_2023,sexo,Hombre,54.61,0.308,110181
2026,2,TIL1,enoe_2023,sexo,Mujer,55.81,0.331,79172
2026,2,TIL2,enoe_2023,edad,14 a 19,83.53,0.695,7648
2026,2,TIL2,enoe_2023,edad,20 a 29,50.52,0.472,37708
2026,2,TIL2,enoe_2023,edad,30 a 39,45.25,0.466,42126
2026,2,TIL2,enoe_2023,edad,40 a 49,46.72,0.471,38717
2026,2,TIL2,enoe_2023,edad,50 a 59,50.62,0.511,31689
2026,2,TIL2,enoe_2023,edad,60 y más,68.77,0.631,16519
2026,2,TIL2,enoe_2023,entidad,Aguascalientes,41.06,1.055,4707
2026,2,TIL2,enoe_2023,entidad,Baja California,35.75,0.781,7050
2026,2,TIL2,enoe_2023,entidad,Baja California Sur,38.77,1.033,3933
2026,2,TIL2,enoe_2023,entidad,Campeche,55.48,1.114,6556
2026,2,TIL2,enoe_2023,entidad,Chiapas,70.36,1.202,7394
2026,2,TIL2,enoe_2023,entidad,Chihuahua,31.9,0.902,6604
2026,2,TIL2,enoe_2023,entidad,Ciudad de México,45.13,0.946,4718
2026,2,TIL2,enoe_2023,entidad,Coahuila de Zaragoza,35.09,0.851,7096
2026,2,TIL2,enoe_2023,entidad,Colima,43.11,1.114,4765
2026,2,TIL2,enoe_2023,entidad,Durango,52.08,1.022,5586
2026,2,TIL2,enoe_2023,entidad,Guanajuato,52.56,1.2,7129
2026,2,TIL2,enoe_2023,entidad,Guerrero,74.04,1.18,4450
2026,2,TIL2,enoe_2023,entidad,Hidalgo,68.56,1.948,4231
2026,2,TIL2,enoe_2023,entidad,Jalisco,44.9,1.162,5526
2026,2,TIL2,enoe_2023,entidad,Michoacán de Ocampo,67.32,1.635,4492
2026,2,TIL2,enoe_2023,entidad,Morelos,64.36,1.046,4497
2026,2,TIL2,enoe_2023,entidad,México,53.73,0.99,7559
2026,2,TIL2,enoe_2023,entidad,Nayarit,55.01,1.287,5215
2026,2,TIL2,enoe_2023,entidad,Nuevo León,34.45,0.8,5830
2026,2,TIL2,enoe_2023,entidad,Oaxaca,75.25,0.959,5265
2026,2,TIL2,enoe_2023,entidad,Puebla,66.91,2.186,6047
2026,2,TIL2,enoe_2023,entidad,Querétaro,38.05,1.128,5054
2026,2,TIL2,enoe_2023,entidad,Quintana Roo,43.29,1.23,4682
2026,2,TIL2,enoe_2023,entidad,San Luis Potosí,49,1.234,4709
2026,2,TIL2,enoe_2023,entidad,Sinaloa,47.21,1.072,4513
2026,2,TIL2,enoe_2023,entidad,Sonora,41.83,1.272,4612
2026,2,TIL2,enoe_2023,entidad,Tabasco,62.81,1.259,4673
2026,2,TIL2,enoe_2023,entidad,Tamaulipas,42.42,1.053,6719
2026,2,TIL2,enoe_2023,entidad,Tlaxcala,69.19,1.131,4863
2026,2,TIL2,enoe_2023,entidad,Veracruz de Ignacio de la Llave,64.1,1.327,6848
2026,2,TIL2,enoe_2023,entidad,Yucatán,56.59,0.903,5016
2026,2,TIL2,enoe_2023,entidad,Zacatecas,54.15,1.492,4168
2005,1,TIL2,tradicional,nacional,NA,53.72,0.269,144758
2005,2,TIL2,tradicional,nacional,NA,53.99,0.265,147062
2005,3,TIL2,tradicional,nacional,NA,53.97,0.267,148429
2005,4,TIL2,tradicional,nacional,NA,54.07,0.266,151882
2006,1,TIL2,tradicional,nacional,NA,53.38,0.279,152443
2006,2,TIL2,tradicional,nacional,NA,53.69,0.267,152913
2006,3,TIL2,tradicional,nacional,NA,52.57,0.266,153123
2006,4,TIL2,tradicional,nacional,NA,52.26,0.275,153329
2007,1,TIL2,tradicional,nacional,NA,52.39,0.277,153893
2007,2,TIL2,tradicional,nacional,NA,52.9,0.279,154696
2007,3,TIL2,tradicional,nacional,NA,52.27,0.289,152624
2007,4,TIL2,tradicional,nacional,NA,53.16,0.297,153354
2008,1,TIL2,tradicional,nacional,NA,52.77,0.283,154064
2008,2,TIL2,tradicional,nacional,NA,53.35,0.269,155071
2008,3,TIL2,tradicional,nacional,NA,52.73,0.27,151345
2008,4,TIL2,tradicional,nacional,NA,53.1,0.281,148787
2009,1,TIL2,tradicional,nacional,NA,53.89,0.285,147749
2009,2,TIL2,tradicional,nacional,NA,54.61,0.283,146917
2009,3,TIL2,tradicional,nacional,NA,54.53,0.281,145731
2009,4,TIL2,tradicional,nacional,NA,54.89,0.267,147904
2010,1,TIL2,tradicional,nacional,NA,54.92,0.271,147625
2010,2,TIL2,tradicional,nacional,NA,54.97,0.274,150101
2010,3,TIL2,tradicional,nacional,NA,54.08,0.278,148009
2010,4,TIL2,tradicional,nacional,NA,54.02,0.27,144198
2011,1,TIL2,tradicional,nacional,NA,54.39,0.275,145886
2011,2,TIL2,tradicional,nacional,NA,54.4,0.272,147142
2011,3,TIL2,tradicional,nacional,NA,54.51,0.274,146319
2011,4,TIL2,tradicional,nacional,NA,54.75,0.276,149470
2012,1,TIL2,tradicional,nacional,NA,54.71,0.279,148908
2012,2,TIL2,tradicional,nacional,NA,54.74,0.28,151118
2012,3,TIL2,tradicional,nacional,NA,54.8,0.282,149682
2012,4,TIL2,tradicional,nacional,NA,54.38,0.287,145403
2013,1,TIL2,tradicional,nacional,NA,53.9,0.28,145961
2013,2,TIL2,tradicional,nacional,NA,53.98,0.279,148333
2013,3,TIL2,tradicional,nacional,NA,53.77,0.275,147804
2013,4,TIL2,tradicional,nacional,NA,53.6,0.268,151995
2014,1,TIL2,tradicional,nacional,NA,53.01,0.275,150744
2014,2,TIL2,tradicional,nacional,NA,52.54,0.275,152151
2014,3,TIL2,tradicional,nacional,NA,52.55,0.266,151730
2014,4,TIL2,tradicional,nacional,NA,52.76,0.271,152791
2015,1,TIL2,tradicional,nacional,NA,52.82,0.269,152867
2015,2,TIL2,tradicional,nacional,NA,52.79,0.27,153846
2015,3,TIL2,tradicional,nacional,NA,52.88,0.26,152631
2015,4,TIL2,tradicional,nacional,NA,53.41,0.265,153595
2016,1,TIL2,tradicional,nacional,NA,52.89,0.266,152041
2016,2,TIL2,tradicional,nacional,NA,52.46,0.262,153614
2016,3,TIL2,tradicional,nacional,NA,52.43,0.269,151650
2016,4,TIL2,tradicional,nacional,NA,52.36,0.27,151581
2017,1,TIL2,tradicional,nacional,NA,52.67,0.263,151351
2017,2,TIL2,tradicional,nacional,NA,51.79,0.266,154827
2017,3,TIL2,tradicional,nacional,NA,52.15,0.271,151540
2017,4,TIL2,tradicional,nacional,NA,52.1,0.274,152472
2018,1,TIL2,tradicional,nacional,NA,52.19,0.28,152590
2018,2,TIL2,tradicional,nacional,NA,52.11,0.277,155390
2018,3,TIL2,tradicional,nacional,NA,51.92,0.273,154112
2018,4,TIL2,tradicional,nacional,NA,52.03,0.275,154712
2019,1,TIL2,tradicional,nacional,NA,52.49,0.269,161435
2019,2,TIL2,tradicional,nacional,NA,51.93,0.264,163748
2019,3,TIL2,tradicional,nacional,NA,51.91,0.266,162832
2019,4,TIL2,tradicional,nacional,NA,51.81,0.268,163296
2020,1,TIL2,tradicional,nacional,NA,51.75,0.269,168951
2020,3,TIL2,enoen,nacional,NA,49.21,0.44,110017
2020,4,TIL2,enoen,nacional,NA,51.07,0.351,139487
2021,1,TIL2,enoen,nacional,NA,50.78,0.368,136895
2021,2,TIL2,enoen,nacional,NA,51.82,0.324,153760
2021,3,TIL2,enoen,nacional,NA,51.82,0.275,169933
2021,4,TIL2,enoen,nacional,NA,51.53,0.269,174850
2022,1,TIL2,enoen,nacional,NA,51.11,0.284,162441
2022,2,TIL2,enoen,nacional,NA,51.7,0.272,166824
2022,3,TIL2,enoen,nacional,NA,51.2,0.268,163709
2022,4,TIL2,enoen,nacional,NA,51.03,0.274,165425
2023,1,TIL2,enoe_2023,nacional,NA,51.35,0.256,186788
2023,2,TIL2,enoe_2023,nacional,NA,51.37,0.264,179394
2023,3,TIL2,enoe_2023,nacional,NA,51.28,0.27,179759
2023,4,TIL2,enoe_2023,nacional,NA,51,0.276,177274
2024,1,TIL2,enoe_2023,nacional,NA,50.8,0.274,177857
2024,2,TIL2,enoe_2023,nacional,NA,50.76,0.286,180233
2024,3,TIL2,enoe_2023,nacional,NA,50.59,0.272,177441
2024,4,TIL2,enoe_2023,nacional,NA,50.83,0.267,175898
2025,1,TIL2,enoe_2023,nacional,NA,50.7,0.278,174023
2025,2,TIL2,enoe_2023,nacional,NA,51.13,0.268,175122
2025,3,TIL2,enoe_2023,nacional,NA,51.7,0.277,174990
2025,4,TIL2,enoe_2023,nacional,NA,51.49,0.27,175149
2026,1,TIL2,enoe_2023,nacional,NA,51.37,0.262,172955
2026,2,TIL2,enoe_2023,nacional,NA,51.7,0.269,174507
2026,2,TIL2,enoe_2023,nivel_educativo,Medio superior y superior,36.65,0.312,91360
2026,2,TIL2,enoe_2023,nivel_educativo,Primaria completa,77,0.523,19642
2026,2,TIL2,enoe_2023,nivel_educativo,Primaria incompleta,86.69,0.589,8364
2026,2,TIL2,enoe_2023,nivel_educativo,Secundaria completa,60.63,0.397,54687
2026,2,TIL2,enoe_2023,sexo,Hombre,49.36,0.332,97476
2026,2,TIL2,enoe_2023,sexo,Mujer,54.67,0.337,77031
2026,2,TOSI1,enoe_2023,edad,14 a 19,39.64,0.86,8736
2026,2,TOSI1,enoe_2023,edad,20 a 29,26.61,0.425,39925
2026,2,TOSI1,enoe_2023,edad,30 a 39,27.07,0.408,44656
2026,2,TOSI1,enoe_2023,edad,40 a 49,28.36,0.401,41341
2026,2,TOSI1,enoe_2023,edad,50 a 59,31.55,0.456,34526
2026,2,TOSI1,enoe_2023,edad,60 y más,41.02,0.603,20064
2026,2,TOSI1,enoe_2023,entidad,Aguascalientes,22.42,0.811,5013
2026,2,TOSI1,enoe_2023,entidad,Baja California,18.82,0.636,7299
2026,2,TOSI1,enoe_2023,entidad,Baja California Sur,19.83,0.944,4118
2026,2,TOSI1,enoe_2023,entidad,Campeche,29.41,1.23,7204
2026,2,TOSI1,enoe_2023,entidad,Chiapas,32.03,1.446,8467
2026,2,TOSI1,enoe_2023,entidad,Chihuahua,15.52,0.659,6876
2026,2,TOSI1,enoe_2023,entidad,Ciudad de México,27.93,0.836,4760
2026,2,TOSI1,enoe_2023,entidad,Coahuila de Zaragoza,22.3,0.754,7225
2026,2,TOSI1,enoe_2023,entidad,Colima,18.31,0.772,5203
2026,2,TOSI1,enoe_2023,entidad,Durango,29.03,1.008,6025
2026,2,TOSI1,enoe_2023,entidad,Guanajuato,28.59,0.934,7486
2026,2,TOSI1,enoe_2023,entidad,Guerrero,42.87,1.499,5287
2026,2,TOSI1,enoe_2023,entidad,Hidalgo,39.19,2.415,4615
2026,2,TOSI1,enoe_2023,entidad,Jalisco,24.93,0.785,5886
2026,2,TOSI1,enoe_2023,entidad,Michoacán de Ocampo,37.86,1.484,5175
2026,2,TOSI1,enoe_2023,entidad,Morelos,34.88,1.118,4902
2026,2,TOSI1,enoe_2023,entidad,México,38.62,1.025,7867
2026,2,TOSI1,enoe_2023,entidad,Nayarit,27.5,1.046,5912
2026,2,TOSI1,enoe_2023,entidad,Nuevo León,20.39,0.658,5959
2026,2,TOSI1,enoe_2023,entidad,Oaxaca,43.21,1.492,6395
2026,2,TOSI1,enoe_2023,entidad,Puebla,35.63,1.446,6812
2026,2,TOSI1,enoe_2023,entidad,Querétaro,20.93,0.879,5284
2026,2,TOSI1,enoe_2023,entidad,Quintana Roo,23.69,0.955,4880
2026,2,TOSI1,enoe_2023,entidad,San Luis Potosí,25.6,1.068,5343
2026,2,TOSI1,enoe_2023,entidad,Sinaloa,26.65,1.201,4920
2026,2,TOSI1,enoe_2023,entidad,Sonora,22.23,1.117,4998
2026,2,TOSI1,enoe_2023,entidad,Tabasco,34.95,1.315,5135
2026,2,TOSI1,enoe_2023,entidad,Tamaulipas,25.37,0.847,6934
2026,2,TOSI1,enoe_2023,entidad,Tlaxcala,41.7,1.065,5510
2026,2,TOSI1,enoe_2023,entidad,Veracruz de Ignacio de la Llave,34.49,1.317,7594
2026,2,TOSI1,enoe_2023,entidad,Yucatán,31.64,0.925,5544
2026,2,TOSI1,enoe_2023,entidad,Zacatecas,26.55,1.485,4725
2005,1,TOSI1,tradicional,nacional,NA,28.03,0.245,162499
2005,2,TOSI1,tradicional,nacional,NA,28.15,0.251,164852
2005,3,TOSI1,tradicional,nacional,NA,27.97,0.255,166954
2005,4,TOSI1,tradicional,nacional,NA,28.34,0.252,170012
2006,1,TOSI1,tradicional,nacional,NA,27.7,0.251,169766
2006,2,TOSI1,tradicional,nacional,NA,27.3,0.25,170456
2006,3,TOSI1,tradicional,nacional,NA,26.83,0.244,170635
2006,4,TOSI1,tradicional,nacional,NA,26.79,0.253,171164
2007,1,TOSI1,tradicional,nacional,NA,27.02,0.246,170778
2007,2,TOSI1,tradicional,nacional,NA,27.22,0.245,171553
2007,3,TOSI1,tradicional,nacional,NA,27,0.258,169770
2007,4,TOSI1,tradicional,nacional,NA,27.35,0.264,170666
2008,1,TOSI1,tradicional,nacional,NA,27.55,0.262,170640
2008,2,TOSI1,tradicional,nacional,NA,27.56,0.246,172087
2008,3,TOSI1,tradicional,nacional,NA,27.19,0.251,168429
2008,4,TOSI1,tradicional,nacional,NA,27.01,0.255,166075
2009,1,TOSI1,tradicional,nacional,NA,28.09,0.253,163870
2009,2,TOSI1,tradicional,nacional,NA,28.22,0.255,163618
2009,3,TOSI1,tradicional,nacional,NA,28.23,0.258,163375
2009,4,TOSI1,tradicional,nacional,NA,28.37,0.246,166013
2010,1,TOSI1,tradicional,nacional,NA,28.41,0.256,164447
2010,2,TOSI1,tradicional,nacional,NA,28.71,0.253,167900
2010,3,TOSI1,tradicional,nacional,NA,27.8,0.239,165883
2010,4,TOSI1,tradicional,nacional,NA,26.9,0.243,162020
2011,1,TOSI1,tradicional,nacional,NA,28.24,0.243,162184
2011,2,TOSI1,tradicional,nacional,NA,28.64,0.253,163948
2011,3,TOSI1,tradicional,nacional,NA,28.46,0.248,163965
2011,4,TOSI1,tradicional,nacional,NA,28.86,0.25,167141
2012,1,TOSI1,tradicional,nacional,NA,28.78,0.249,165535
2012,2,TOSI1,tradicional,nacional,NA,29.05,0.242,168445
2012,3,TOSI1,tradicional,nacional,NA,29.09,0.248,167371
2012,4,TOSI1,tradicional,nacional,NA,27.81,0.26,163221
2013,1,TOSI1,tradicional,nacional,NA,28.62,0.253,161887
2013,2,TOSI1,tradicional,nacional,NA,28.58,0.251,164543
2013,3,TOSI1,tradicional,nacional,NA,28.06,0.244,164005
2013,4,TOSI1,tradicional,nacional,NA,27.87,0.237,168486
2014,1,TOSI1,tradicional,nacional,NA,27.82,0.243,166166
2014,2,TOSI1,tradicional,nacional,NA,27.28,0.24,167875
2014,3,TOSI1,tradicional,nacional,NA,27.1,0.236,167705
2014,4,TOSI1,tradicional,nacional,NA,27.46,0.242,168790
2015,1,TOSI1,tradicional,nacional,NA,27.13,0.242,168042
2015,2,TOSI1,tradicional,nacional,NA,27.25,0.237,169457
2015,3,TOSI1,tradicional,nacional,NA,27.36,0.235,168161
2015,4,TOSI1,tradicional,nacional,NA,27.75,0.235,169392
2016,1,TOSI1,tradicional,nacional,NA,27.07,0.232,166740
2016,2,TOSI1,tradicional,nacional,NA,27.08,0.231,168615
2016,3,TOSI1,tradicional,nacional,NA,27.1,0.24,166920
2016,4,TOSI1,tradicional,nacional,NA,27.21,0.249,167112
2017,1,TOSI1,tradicional,nacional,NA,27.29,0.233,165959
2017,2,TOSI1,tradicional,nacional,NA,26.97,0.234,169722
2017,3,TOSI1,tradicional,nacional,NA,26.6,0.236,166630
2017,4,TOSI1,tradicional,nacional,NA,26.94,0.24,167947
2018,1,TOSI1,tradicional,nacional,NA,27.27,0.239,167104
2018,2,TOSI1,tradicional,nacional,NA,27.42,0.256,170060
2018,3,TOSI1,tradicional,nacional,NA,27.46,0.241,169141
2018,4,TOSI1,tradicional,nacional,NA,27.42,0.248,169782
2019,1,TOSI1,tradicional,nacional,NA,27.76,0.244,175901
2019,2,TOSI1,tradicional,nacional,NA,27.8,0.24,178329
2019,3,TOSI1,tradicional,nacional,NA,27.61,0.243,177816
2019,4,TOSI1,tradicional,nacional,NA,27.41,0.246,177877
2020,1,TOSI1,tradicional,nacional,NA,27.52,0.245,182969
2020,3,TOSI1,enoen,nacional,NA,26.85,0.381,119456
2020,4,TOSI1,enoen,nacional,NA,27.85,0.306,150956
2021,1,TOSI1,enoen,nacional,NA,28,0.314,147949
2021,2,TOSI1,enoen,nacional,NA,28.59,0.28,166309
2021,3,TOSI1,enoen,nacional,NA,28.67,0.238,186663
2021,4,TOSI1,enoen,nacional,NA,28.83,0.235,191760
2022,1,TOSI1,enoen,nacional,NA,28.31,0.244,176192
2022,2,TOSI1,enoen,nacional,NA,28.68,0.251,180969
2022,3,TOSI1,enoen,nacional,NA,28.18,0.244,178090
2022,4,TOSI1,enoen,nacional,NA,28.11,0.247,179580
2023,1,TOSI1,enoe_2023,nacional,NA,28.22,0.233,203575
2023,2,TOSI1,enoe_2023,nacional,NA,28.26,0.24,195374
2023,3,TOSI1,enoe_2023,nacional,NA,28.24,0.24,195781
2023,4,TOSI1,enoe_2023,nacional,NA,28.26,0.242,192399
2024,1,TOSI1,enoe_2023,nacional,NA,27.84,0.243,193108
2024,2,TOSI1,enoe_2023,nacional,NA,28.13,0.253,195278
2024,3,TOSI1,enoe_2023,nacional,NA,28.11,0.24,193623
2024,4,TOSI1,enoe_2023,nacional,NA,28.61,0.239,191738
2025,1,TOSI1,enoe_2023,nacional,NA,28.8,0.249,189481
2025,2,TOSI1,enoe_2023,nacional,NA,29,0.238,190687
2025,3,TOSI1,enoe_2023,nacional,NA,29.5,0.253,190938
2025,4,TOSI1,enoe_2023,nacional,NA,29.48,0.245,190187
2026,1,TOSI1,enoe_2023,nacional,NA,29.55,0.237,187657
2026,2,TOSI1,enoe_2023,nacional,NA,30.24,0.246,189353
2026,2,TOSI1,enoe_2023,nivel_educativo,Medio superior y superior,20.53,0.268,93866
2026,2,TOSI1,enoe_2023,nivel_educativo,Primaria completa,43.22,0.603,23622
2026,2,TOSI1,enoe_2023,nivel_educativo,Primaria incompleta,41.66,0.81,12102
2026,2,TOSI1,enoe_2023,nivel_educativo,Secundaria completa,36.56,0.372,59263
2026,2,TOSI1,enoe_2023,sexo,Hombre,29.82,0.312,110181
2026,2,TOSI1,enoe_2023,sexo,Mujer,30.85,0.326,79172
2026,2,TOSI2,enoe_2023,edad,14 a 19,47.22,0.938,7648
2026,2,TOSI2,enoe_2023,edad,20 a 29,28.74,0.447,37708
2026,2,TOSI2,enoe_2023,edad,30 a 39,29.26,0.437,42126
2026,2,TOSI2,enoe_2023,edad,40 a 49,31.06,0.428,38717
2026,2,TOSI2,enoe_2023,edad,50 a 59,35.25,0.499,31689
2026,2,TOSI2,enoe_2023,edad,60 y más,52.21,0.679,16519
2026,2,TOSI2,enoe_2023,entidad,Aguascalientes,23.43,0.849,4707
2026,2,TOSI2,enoe_2023,entidad,Baja California,19.85,0.647,7050
2026,2,TOSI2,enoe_2023,entidad,Baja California Sur,21.06,0.927,3933
2026,2,TOSI2,enoe_2023,entidad,Campeche,35.68,1.353,6556
2026,2,TOSI2,enoe_2023,entidad,Chiapas,46.38,1.593,7394
2026,2,TOSI2,enoe_2023,entidad,Chihuahua,16.58,0.683,6604
2026,2,TOSI2,enoe_2023,entidad,Ciudad de México,28.09,0.837,4718
2026,2,TOSI2,enoe_2023,entidad,Coahuila de Zaragoza,22.8,0.767,7096
2026,2,TOSI2,enoe_2023,entidad,Colima,20.49,0.863,4765
2026,2,TOSI2,enoe_2023,entidad,Durango,33.3,0.916,5586
2026,2,TOSI2,enoe_2023,entidad,Guanajuato,30.98,0.957,7129
2026,2,TOSI2,enoe_2023,entidad,Guerrero,55.86,1.455,4450
2026,2,TOSI2,enoe_2023,entidad,Hidalgo,44.86,2.42,4231
2026,2,TOSI2,enoe_2023,entidad,Jalisco,27.35,0.874,5526
2026,2,TOSI2,enoe_2023,entidad,Michoacán de Ocampo,48.13,1.781,4492
2026,2,TOSI2,enoe_2023,entidad,Morelos,39.15,1.127,4497
2026,2,TOSI2,enoe_2023,entidad,México,40.23,1.047,7559
2026,2,TOSI2,enoe_2023,entidad,Nayarit,32.59,1.155,5215
2026,2,TOSI2,enoe_2023,entidad,Nuevo León,20.66,0.667,5830
2026,2,TOSI2,enoe_2023,entidad,Oaxaca,59.52,1.072,5265
2026,2,TOSI2,enoe_2023,entidad,Puebla,42.07,1.862,6047
2026,2,TOSI2,enoe_2023,entidad,Querétaro,21.79,0.916,5054
2026,2,TOSI2,enoe_2023,entidad,Quintana Roo,24.55,0.998,4682
2026,2,TOSI2,enoe_2023,entidad,San Luis Potosí,29.97,1.225,4709
2026,2,TOSI2,enoe_2023,entidad,Sinaloa,30.25,1.185,4513
2026,2,TOSI2,enoe_2023,entidad,Sonora,24.39,1.172,4612
2026,2,TOSI2,enoe_2023,entidad,Tabasco,40.48,1.433,4673
2026,2,TOSI2,enoe_2023,entidad,Tamaulipas,26.55,0.884,6719
2026,2,TOSI2,enoe_2023,entidad,Tlaxcala,46.91,1.205,4863
2026,2,TOSI2,enoe_2023,entidad,Veracruz de Ignacio de la Llave,42.5,1.381,6848
2026,2,TOSI2,enoe_2023,entidad,Yucatán,34.99,1.042,5016
2026,2,TOSI2,enoe_2023,entidad,Zacatecas,32.9,1.432,4168
2005,1,TOSI2,tradicional,nacional,NA,32.85,0.263,144758
2005,2,TOSI2,tradicional,nacional,NA,32.98,0.272,147062
2005,3,TOSI2,tradicional,nacional,NA,32.98,0.277,148429
2005,4,TOSI2,tradicional,nacional,NA,33.18,0.274,151882
2006,1,TOSI2,tradicional,nacional,NA,32.21,0.276,152443
2006,2,TOSI2,tradicional,nacional,NA,31.83,0.268,152913
2006,3,TOSI2,tradicional,nacional,NA,31.24,0.263,153123
2006,4,TOSI2,tradicional,nacional,NA,31.21,0.274,153329
2007,1,TOSI2,tradicional,nacional,NA,31.27,0.263,153893
2007,2,TOSI2,tradicional,nacional,NA,31.48,0.259,154696
2007,3,TOSI2,tradicional,nacional,NA,31.33,0.274,152624
2007,4,TOSI2,tradicional,nacional,NA,31.7,0.285,153354
2008,1,TOSI2,tradicional,nacional,NA,31.77,0.279,154064
2008,2,TOSI2,tradicional,nacional,NA,31.82,0.264,155071
2008,3,TOSI2,tradicional,nacional,NA,31.55,0.272,151345
2008,4,TOSI2,tradicional,nacional,NA,31.38,0.276,148787
2009,1,TOSI2,tradicional,nacional,NA,32.3,0.269,147749
2009,2,TOSI2,tradicional,nacional,NA,32.6,0.267,146917
2009,3,TOSI2,tradicional,nacional,NA,32.82,0.273,145731
2009,4,TOSI2,tradicional,nacional,NA,33.07,0.261,147904
2010,1,TOSI2,tradicional,nacional,NA,32.77,0.277,147625
2010,2,TOSI2,tradicional,nacional,NA,33.3,0.274,150101
2010,3,TOSI2,tradicional,nacional,NA,32.29,0.265,148009
2010,4,TOSI2,tradicional,nacional,NA,31.37,0.268,144198
2011,1,TOSI2,tradicional,nacional,NA,32.5,0.266,145886
2011,2,TOSI2,tradicional,nacional,NA,33.04,0.271,147142
2011,3,TOSI2,tradicional,nacional,NA,33.13,0.263,146319
2011,4,TOSI2,tradicional,nacional,NA,33.46,0.265,149470
2012,1,TOSI2,tradicional,nacional,NA,33.16,0.267,148908
2012,2,TOSI2,tradicional,nacional,NA,33.55,0.26,151118
2012,3,TOSI2,tradicional,nacional,NA,33.68,0.263,149682
2012,4,TOSI2,tradicional,nacional,NA,32.38,0.278,145403
2013,1,TOSI2,tradicional,nacional,NA,33,0.267,145961
2013,2,TOSI2,tradicional,nacional,NA,32.99,0.271,148333
2013,3,TOSI2,tradicional,nacional,NA,32.53,0.261,147804
2013,4,TOSI2,tradicional,nacional,NA,32.32,0.255,151995
2014,1,TOSI2,tradicional,nacional,NA,32.12,0.26,150744
2014,2,TOSI2,tradicional,nacional,NA,31.55,0.26,152151
2014,3,TOSI2,tradicional,nacional,NA,31.48,0.255,151730
2014,4,TOSI2,tradicional,nacional,NA,31.84,0.262,152791
2015,1,TOSI2,tradicional,nacional,NA,31.21,0.26,152867
2015,2,TOSI2,tradicional,nacional,NA,31.49,0.255,153846
2015,3,TOSI2,tradicional,nacional,NA,31.59,0.25,152631
2015,4,TOSI2,tradicional,nacional,NA,32.04,0.254,153595
2016,1,TOSI2,tradicional,nacional,NA,30.99,0.248,152041
2016,2,TOSI2,tradicional,nacional,NA,31.08,0.248,153614
2016,3,TOSI2,tradicional,nacional,NA,31.23,0.255,151650
2016,4,TOSI2,tradicional,nacional,NA,31.37,0.263,151581
2017,1,TOSI2,tradicional,nacional,NA,31.23,0.245,151351
2017,2,TOSI2,tradicional,nacional,NA,30.94,0.248,154827
2017,3,TOSI2,tradicional,nacional,NA,30.66,0.255,151540
2017,4,TOSI2,tradicional,nacional,NA,31.09,0.258,152472
2018,1,TOSI2,tradicional,nacional,NA,31.24,0.257,152590
2018,2,TOSI2,tradicional,nacional,NA,31.33,0.274,155390
2018,3,TOSI2,tradicional,nacional,NA,31.54,0.259,154112
2018,4,TOSI2,tradicional,nacional,NA,31.4,0.266,154712
2019,1,TOSI2,tradicional,nacional,NA,31.54,0.26,161435
2019,2,TOSI2,tradicional,nacional,NA,31.62,0.257,163748
2019,3,TOSI2,tradicional,nacional,NA,31.56,0.254,162832
2019,4,TOSI2,tradicional,nacional,NA,31.24,0.256,163296
2020,1,TOSI2,tradicional,nacional,NA,31.16,0.257,168951
2020,3,TOSI2,enoen,nacional,NA,30.81,0.413,110017
2020,4,TOSI2,enoen,nacional,NA,31.84,0.328,139487
2021,1,TOSI2,enoen,nacional,NA,31.88,0.331,136895
2021,2,TOSI2,enoen,nacional,NA,32.62,0.299,153760
2021,3,TOSI2,enoen,nacional,NA,32.74,0.254,169933
2021,4,TOSI2,enoen,nacional,NA,32.77,0.251,174850
2022,1,TOSI2,enoen,nacional,NA,32.01,0.259,162441
2022,2,TOSI2,enoen,nacional,NA,32.49,0.262,166824
2022,3,TOSI2,enoen,nacional,NA,32.12,0.258,163709
2022,4,TOSI2,enoen,nacional,NA,31.86,0.263,165425
2023,1,TOSI2,enoe_2023,nacional,NA,31.78,0.248,186788
2023,2,TOSI2,enoe_2023,nacional,NA,31.84,0.255,179394
2023,3,TOSI2,enoe_2023,nacional,NA,31.85,0.254,179759
2023,4,TOSI2,enoe_2023,nacional,NA,31.7,0.258,177274
2024,1,TOSI2,enoe_2023,nacional,NA,31.2,0.256,177857
2024,2,TOSI2,enoe_2023,nacional,NA,31.44,0.269,180233
2024,3,TOSI2,enoe_2023,nacional,NA,31.76,0.253,177441
2024,4,TOSI2,enoe_2023,nacional,NA,31.97,0.249,175898
2025,1,TOSI2,enoe_2023,nacional,NA,32.14,0.26,174023
2025,2,TOSI2,enoe_2023,nacional,NA,32.44,0.25,175122
2025,3,TOSI2,enoe_2023,nacional,NA,33.1,0.262,174990
2025,4,TOSI2,enoe_2023,nacional,NA,32.91,0.256,175149
2026,1,TOSI2,enoe_2023,nacional,NA,32.93,0.248,172955
2026,2,TOSI2,enoe_2023,nacional,NA,33.7,0.26,174507
2026,2,TOSI2,enoe_2023,nivel_educativo,Medio superior y superior,21.24,0.277,91360
2026,2,TOSI2,enoe_2023,nivel_educativo,Primaria completa,54.86,0.64,19642
2026,2,TOSI2,enoe_2023,nivel_educativo,Primaria incompleta,66.42,0.899,8364
2026,2,TOSI2,enoe_2023,nivel_educativo,Secundaria completa,40.41,0.396,54687
2026,2,TOSI2,enoe_2023,sexo,Hombre,34.99,0.343,97476
2026,2,TOSI2,enoe_2023,sexo,Mujer,32.06,0.332,77031
2005,1,TPEA,tradicional,edad,14 a 19,36.98,0.386,42365
2005,2,TPEA,tradicional,edad,14 a 19,35.74,0.405,42572
2005,3,TPEA,tradicional,edad,14 a 19,38.03,0.404,42942
2005,4,TPEA,tradicional,edad,14 a 19,36.56,0.382,43117
2006,1,TPEA,tradicional,edad,14 a 19,35.95,0.398,43106
2006,2,TPEA,tradicional,edad,14 a 19,36.7,0.402,42923
2006,3,TPEA,tradicional,edad,14 a 19,38.35,0.419,42622
2006,4,TPEA,tradicional,edad,14 a 19,37.66,0.392,42442
2007,1,TPEA,tradicional,edad,14 a 19,36.31,0.398,42747
2007,2,TPEA,tradicional,edad,14 a 19,35.98,0.403,42564
2007,3,TPEA,tradicional,edad,14 a 19,37.62,0.404,42334
2007,4,TPEA,tradicional,edad,14 a 19,39.82,0.438,41754
2008,1,TPEA,tradicional,edad,14 a 19,36.54,0.399,42085
2008,2,TPEA,tradicional,edad,14 a 19,36.18,0.41,42088
2008,3,TPEA,tradicional,edad,14 a 19,37.36,0.403,41364
2008,4,TPEA,tradicional,edad,14 a 19,35.44,0.409,41472
2009,1,TPEA,tradicional,edad,14 a 19,33.76,0.426,41270
2009,2,TPEA,tradicional,edad,14 a 19,33.93,0.415,40878
2009,3,TPEA,tradicional,edad,14 a 19,36.21,0.43,40603
2009,4,TPEA,tradicional,edad,14 a 19,36.96,0.41,41052
2010,1,TPEA,tradicional,edad,14 a 19,33.86,0.404,40933
2010,2,TPEA,tradicional,edad,14 a 19,35.18,0.405,41041
2010,3,TPEA,tradicional,edad,14 a 19,36.39,0.433,40509
2010,4,TPEA,tradicional,edad,14 a 19,33.88,0.391,40227
2011,1,TPEA,tradicional,edad,14 a 19,32.28,0.387,39823
2011,2,TPEA,tradicional,edad,14 a 19,33.67,0.426,39451
2011,3,TPEA,tradicional,edad,14 a 19,35.22,0.398,39126
2011,4,TPEA,tradicional,edad,14 a 19,36.58,0.421,39074
2012,1,TPEA,tradicional,edad,14 a 19,32.77,0.416,39207
2012,2,TPEA,tradicional,edad,14 a 19,34.87,0.426,38849
2012,3,TPEA,tradicional,edad,14 a 19,36.2,0.423,38135
2012,4,TPEA,tradicional,edad,14 a 19,33.77,0.415,37322
2013,1,TPEA,tradicional,edad,14 a 19,31.25,0.375,37357
2013,2,TPEA,tradicional,edad,14 a 19,32.94,0.404,37200
2013,3,TPEA,tradicional,edad,14 a 19,33.88,0.388,37140
2013,4,TPEA,tradicional,edad,14 a 19,33.09,0.39,37693
2014,1,TPEA,tradicional,edad,14 a 19,30.81,0.398,37582
2014,2,TPEA,tradicional,edad,14 a 19,31.04,0.385,37283
2014,3,TPEA,tradicional,edad,14 a 19,32.76,0.39,36908
2014,4,TPEA,tradicional,edad,14 a 19,30.96,0.395,37176
2015,1,TPEA,tradicional,edad,14 a 19,29.28,0.388,37006
2015,2,TPEA,tradicional,edad,14 a 19,30.35,0.385,36823
2015,3,TPEA,tradicional,edad,14 a 19,31.83,0.387,36702
2015,4,TPEA,tradicional,edad,14 a 19,32.42,0.403,36455
2016,1,TPEA,tradicional,edad,14 a 19,29.22,0.381,36100
2016,2,TPEA,tradicional,edad,14 a 19,29.55,0.384,36082
2016,3,TPEA,tradicional,edad,14 a 19,31.66,0.402,35456
2016,4,TPEA,tradicional,edad,14 a 19,29.69,0.391,35464
2017,1,TPEA,tradicional,edad,14 a 19,28.73,0.38,35447
2017,2,TPEA,tradicional,edad,14 a 19,29.28,0.397,36054
2017,3,TPEA,tradicional,edad,14 a 19,30.34,0.385,35484
2017,4,TPEA,tradicional,edad,14 a 19,30.94,0.399,35421
2018,1,TPEA,tradicional,edad,14 a 19,28.7,0.373,35496
2018,2,TPEA,tradicional,edad,14 a 19,29.73,0.396,35610
2018,3,TPEA,tradicional,edad,14 a 19,31.09,0.418,35160
2018,4,TPEA,tradicional,edad,14 a 19,30.84,0.415,35171
2019,1,TPEA,tradicional,edad,14 a 19,29.42,0.393,36509
2019,2,TPEA,tradicional,edad,14 a 19,31.07,0.395,36740
2019,3,TPEA,tradicional,edad,14 a 19,32.42,0.4,36401
2019,4,TPEA,tradicional,edad,14 a 19,30.79,0.393,36073
2020,1,TPEA,tradicional,edad,14 a 19,29.29,0.396,36844
2020,3,TPEA,enoen,edad,14 a 19,27.1,0.596,25928
2020,4,TPEA,enoen,edad,14 a 19,28.65,0.499,30729
2021,1,TPEA,enoen,edad,14 a 19,27.98,0.486,30101
2021,2,TPEA,enoen,edad,14 a 19,31.13,0.468,32736
2021,3,TPEA,enoen,edad,14 a 19,32.87,0.431,36616
2021,4,TPEA,enoen,edad,14 a 19,31.21,0.425,37053
2022,1,TPEA,enoen,edad,14 a 19,28.73,0.419,34521
2022,2,TPEA,enoen,edad,14 a 19,29.34,0.409,34798
2022,3,TPEA,enoen,edad,14 a 19,30.38,0.408,34179
2022,4,TPEA,enoen,edad,14 a 19,30.01,0.401,34203
2023,1,TPEA,enoe_2023,edad,14 a 19,29.15,0.402,38379
2023,2,TPEA,enoe_2023,edad,14 a 19,29.52,0.401,36414
2023,3,TPEA,enoe_2023,edad,14 a 19,31,0.407,35952
2023,4,TPEA,enoe_2023,edad,14 a 19,29.97,0.413,35045
2024,1,TPEA,enoe_2023,edad,14 a 19,29.39,0.418,35195
2024,2,TPEA,enoe_2023,edad,14 a 19,29.99,0.442,35809
2024,3,TPEA,enoe_2023,edad,14 a 19,30.58,0.431,35909
2024,4,TPEA,enoe_2023,edad,14 a 19,29.14,0.421,35951
2025,1,TPEA,enoe_2023,edad,14 a 19,27.57,0.423,35860
2025,2,TPEA,enoe_2023,edad,14 a 19,27.24,0.406,36179
2025,3,TPEA,enoe_2023,edad,14 a 19,29.28,0.416,35940
2025,4,TPEA,enoe_2023,edad,14 a 19,27.94,0.426,35293
2026,1,TPEA,enoe_2023,edad,14 a 19,26.57,0.401,34930
2026,2,TPEA,enoe_2023,edad,14 a 19,27.27,0.418,34768
2005,1,TPEA,tradicional,edad,20 a 29,64.89,0.281,66955
2005,2,TPEA,tradicional,edad,20 a 29,64.96,0.298,66857
2005,3,TPEA,tradicional,edad,20 a 29,65.58,0.286,66950
2005,4,TPEA,tradicional,edad,20 a 29,65.86,0.289,67647
2006,1,TPEA,tradicional,edad,20 a 29,65.45,0.287,68128
2006,2,TPEA,tradicional,edad,20 a 29,65.52,0.283,67756
2006,3,TPEA,tradicional,edad,20 a 29,66.57,0.281,67686
2006,4,TPEA,tradicional,edad,20 a 29,66.33,0.29,67574
2007,1,TPEA,tradicional,edad,20 a 29,65.81,0.287,67949
2007,2,TPEA,tradicional,edad,20 a 29,65.79,0.284,67080
2007,3,TPEA,tradicional,edad,20 a 29,65.55,0.29,66232
2007,4,TPEA,tradicional,edad,20 a 29,66.61,0.284,64770
2008,1,TPEA,tradicional,edad,20 a 29,66.01,0.284,66355
2008,2,TPEA,tradicional,edad,20 a 29,66.31,0.282,66394
2008,3,TPEA,tradicional,edad,20 a 29,66.11,0.29,65290
2008,4,TPEA,tradicional,edad,20 a 29,65.53,0.298,64816
2009,1,TPEA,tradicional,edad,20 a 29,64.99,0.298,65287
2009,2,TPEA,tradicional,edad,20 a 29,65.7,0.299,64965
2009,3,TPEA,tradicional,edad,20 a 29,67.25,0.302,64787
2009,4,TPEA,tradicional,edad,20 a 29,67.21,0.301,65380
2010,1,TPEA,tradicional,edad,20 a 29,66.02,0.301,66124
2010,2,TPEA,tradicional,edad,20 a 29,66.64,0.292,66485
2010,3,TPEA,tradicional,edad,20 a 29,66.94,0.283,65913
2010,4,TPEA,tradicional,edad,20 a 29,65.77,0.304,65192
2011,1,TPEA,tradicional,edad,20 a 29,65.38,0.313,65820
2011,2,TPEA,tradicional,edad,20 a 29,66.4,0.3,65745
2011,3,TPEA,tradicional,edad,20 a 29,66.52,0.308,65769
2011,4,TPEA,tradicional,edad,20 a 29,67.28,0.296,65556
2012,1,TPEA,tradicional,edad,20 a 29,65.94,0.301,65807
2012,2,TPEA,tradicional,edad,20 a 29,67.23,0.295,65732
2012,3,TPEA,tradicional,edad,20 a 29,67.81,0.289,64947
2012,4,TPEA,tradicional,edad,20 a 29,66.91,0.303,64218
2013,1,TPEA,tradicional,edad,20 a 29,66.18,0.284,63775
2013,2,TPEA,tradicional,edad,20 a 29,67.33,0.293,63671
2013,3,TPEA,tradicional,edad,20 a 29,67.37,0.274,63575
2013,4,TPEA,tradicional,edad,20 a 29,67.48,0.277,64340
2014,1,TPEA,tradicional,edad,20 a 29,66.48,0.276,64712
2014,2,TPEA,tradicional,edad,20 a 29,66.5,0.275,65014
2014,3,TPEA,tradicional,edad,20 a 29,66.34,0.281,64814
2014,4,TPEA,tradicional,edad,20 a 29,65.71,0.286,64731
2015,1,TPEA,tradicional,edad,20 a 29,65.28,0.278,64525
2015,2,TPEA,tradicional,edad,20 a 29,65.71,0.28,64391
2015,3,TPEA,tradicional,edad,20 a 29,65.93,0.283,64218
2015,4,TPEA,tradicional,edad,20 a 29,66.41,0.285,63647
2016,1,TPEA,tradicional,edad,20 a 29,65.01,0.285,63249
2016,2,TPEA,tradicional,edad,20 a 29,65.75,0.286,63279
2016,3,TPEA,tradicional,edad,20 a 29,67.2,0.293,61635
2016,4,TPEA,tradicional,edad,20 a 29,65.84,0.285,62150
2017,1,TPEA,tradicional,edad,20 a 29,65.35,0.292,61918
2017,2,TPEA,tradicional,edad,20 a 29,65.76,0.292,62784
2017,3,TPEA,tradicional,edad,20 a 29,65.96,0.287,61836
2017,4,TPEA,tradicional,edad,20 a 29,65.64,0.299,62158
2018,1,TPEA,tradicional,edad,20 a 29,64.83,0.298,61820
2018,2,TPEA,tradicional,edad,20 a 29,66.01,0.298,62416
2018,3,TPEA,tradicional,edad,20 a 29,66,0.295,61940
2018,4,TPEA,tradicional,edad,20 a 29,65.75,0.295,61474
2019,1,TPEA,tradicional,edad,20 a 29,65.81,0.293,63244
2019,2,TPEA,tradicional,edad,20 a 29,67.26,0.287,63671
2019,3,TPEA,tradicional,edad,20 a 29,67.45,0.294,63134
2019,4,TPEA,tradicional,edad,20 a 29,67.31,0.293,63019
2020,1,TPEA,tradicional,edad,20 a 29,66.99,0.289,65111
2020,3,TPEA,enoen,edad,20 a 29,63.09,0.46,45994
2020,4,TPEA,enoen,edad,20 a 29,64.44,0.403,55349
2021,1,TPEA,enoen,edad,20 a 29,63.9,0.412,54379
2021,2,TPEA,enoen,edad,20 a 29,65.92,0.365,58922
2021,3,TPEA,enoen,edad,20 a 29,66.29,0.3,66732
2021,4,TPEA,enoen,edad,20 a 29,66.82,0.302,67699
2022,1,TPEA,enoen,edad,20 a 29,65.96,0.321,62798
2022,2,TPEA,enoen,edad,20 a 29,67.04,0.31,63304
2022,3,TPEA,enoen,edad,20 a 29,67.48,0.301,61963
2022,4,TPEA,enoen,edad,20 a 29,67.74,0.311,61475
2023,1,TPEA,enoe_2023,edad,20 a 29,67,0.298,69499
2023,2,TPEA,enoe_2023,edad,20 a 29,67.51,0.307,65890
2023,3,TPEA,enoe_2023,edad,20 a 29,68.41,0.306,65350
2023,4,TPEA,enoe_2023,edad,20 a 29,68.08,0.308,64349
2024,1,TPEA,enoe_2023,edad,20 a 29,67.93,0.314,64551
2024,2,TPEA,enoe_2023,edad,20 a 29,68.33,0.318,64844
2024,3,TPEA,enoe_2023,edad,20 a 29,68.44,0.325,63267
2024,4,TPEA,enoe_2023,edad,20 a 29,67.41,0.321,62944
2025,1,TPEA,enoe_2023,edad,20 a 29,66.87,0.329,62105
2025,2,TPEA,enoe_2023,edad,20 a 29,67.61,0.341,61924
2025,3,TPEA,enoe_2023,edad,20 a 29,67.35,0.327,62004
2025,4,TPEA,enoe_2023,edad,20 a 29,66.97,0.345,61522
2026,1,TPEA,enoe_2023,edad,20 a 29,66.41,0.334,61365
2026,2,TPEA,enoe_2023,edad,20 a 29,66.69,0.331,61695
2005,1,TPEA,tradicional,edad,30 a 39,71.45,0.262,59109
2005,2,TPEA,tradicional,edad,30 a 39,71.47,0.281,59485
2005,3,TPEA,tradicional,edad,30 a 39,72,0.272,59557
2005,4,TPEA,tradicional,edad,30 a 39,72.22,0.274,60071
2006,1,TPEA,tradicional,edad,30 a 39,72.49,0.282,60576
2006,2,TPEA,tradicional,edad,30 a 39,72.65,0.274,60139
2006,3,TPEA,tradicional,edad,30 a 39,72.89,0.264,59766
2006,4,TPEA,tradicional,edad,30 a 39,73.03,0.272,59499
2007,1,TPEA,tradicional,edad,30 a 39,72.74,0.284,60102
2007,2,TPEA,tradicional,edad,30 a 39,72.98,0.285,59857
2007,3,TPEA,tradicional,edad,30 a 39,72.83,0.276,58963
2007,4,TPEA,tradicional,edad,30 a 39,73.26,0.291,57603
2008,1,TPEA,tradicional,edad,30 a 39,72.67,0.287,58601
2008,2,TPEA,tradicional,edad,30 a 39,73.38,0.28,58210
2008,3,TPEA,tradicional,edad,30 a 39,73.07,0.276,57063
2008,4,TPEA,tradicional,edad,30 a 39,72.92,0.28,57008
2009,1,TPEA,tradicional,edad,30 a 39,72.88,0.28,56959
2009,2,TPEA,tradicional,edad,30 a 39,72.97,0.266,56746
2009,3,TPEA,tradicional,edad,30 a 39,74.01,0.267,55739
2009,4,TPEA,tradicional,edad,30 a 39,73.65,0.269,55770
2010,1,TPEA,tradicional,edad,30 a 39,73.03,0.277,56218
2010,2,TPEA,tradicional,edad,30 a 39,74.19,0.284,56430
2010,3,TPEA,tradicional,edad,30 a 39,73.16,0.27,56093
2010,4,TPEA,tradicional,edad,30 a 39,72.55,0.275,55501
2011,1,TPEA,tradicional,edad,30 a 39,72.37,0.286,55555
2011,2,TPEA,tradicional,edad,30 a 39,73.47,0.282,55260
2011,3,TPEA,tradicional,edad,30 a 39,73.64,0.293,54837
2011,4,TPEA,tradicional,edad,30 a 39,74.41,0.297,54906
2012,1,TPEA,tradicional,edad,30 a 39,73.91,0.273,55140
2012,2,TPEA,tradicional,edad,30 a 39,75.44,0.271,54918
2012,3,TPEA,tradicional,edad,30 a 39,75.13,0.273,54379
2012,4,TPEA,tradicional,edad,30 a 39,74.95,0.289,53403
2013,1,TPEA,tradicional,edad,30 a 39,74.32,0.281,54012
2013,2,TPEA,tradicional,edad,30 a 39,75.22,0.276,54765
2013,3,TPEA,tradicional,edad,30 a 39,74.44,0.272,55095
2013,4,TPEA,tradicional,edad,30 a 39,75.04,0.262,56481
2014,1,TPEA,tradicional,edad,30 a 39,73.97,0.265,57305
2014,2,TPEA,tradicional,edad,30 a 39,74.43,0.255,57392
2014,3,TPEA,tradicional,edad,30 a 39,73.81,0.265,56825
2014,4,TPEA,tradicional,edad,30 a 39,74.29,0.26,56575
2015,1,TPEA,tradicional,edad,30 a 39,74.09,0.257,56640
2015,2,TPEA,tradicional,edad,30 a 39,74.55,0.263,56829
2015,3,TPEA,tradicional,edad,30 a 39,74.52,0.259,56345
2015,4,TPEA,tradicional,edad,30 a 39,75.43,0.26,56099
2016,1,TPEA,tradicional,edad,30 a 39,74.53,0.268,55749
2016,2,TPEA,tradicional,edad,30 a 39,74.73,0.275,55512
2016,3,TPEA,tradicional,edad,30 a 39,74.58,0.273,54589
2016,4,TPEA,tradicional,edad,30 a 39,74.95,0.264,54373
2017,1,TPEA,tradicional,edad,30 a 39,74.47,0.278,54167
2017,2,TPEA,tradicional,edad,30 a 39,74.53,0.28,54743
2017,3,TPEA,tradicional,edad,30 a 39,74.61,0.282,52925
2017,4,TPEA,tradicional,edad,30 a 39,74.98,0.276,53115
2018,1,TPEA,tradicional,edad,30 a 39,74.47,0.286,53028
2018,2,TPEA,tradicional,edad,30 a 39,75.03,0.273,53164
2018,3,TPEA,tradicional,edad,30 a 39,75.1,0.279,52855
2018,4,TPEA,tradicional,edad,30 a 39,75.13,0.282,53219
2019,1,TPEA,tradicional,edad,30 a 39,75.51,0.272,55120
2019,2,TPEA,tradicional,edad,30 a 39,75.95,0.281,55121
2019,3,TPEA,tradicional,edad,30 a 39,75.75,0.292,54486
2019,4,TPEA,tradicional,edad,30 a 39,76.09,0.286,54365
2020,1,TPEA,tradicional,edad,30 a 39,76.28,0.286,56477
2020,3,TPEA,enoen,edad,30 a 39,71.51,0.565,40860
2020,4,TPEA,enoen,edad,30 a 39,74.28,0.397,48666
2021,1,TPEA,enoen,edad,30 a 39,74.28,0.407,47748
2021,2,TPEA,enoen,edad,30 a 39,75.94,0.337,51940
2021,3,TPEA,enoen,edad,30 a 39,76.03,0.28,58033
2021,4,TPEA,enoen,edad,30 a 39,76.15,0.276,58797
2022,1,TPEA,enoen,edad,30 a 39,75.79,0.296,54455
2022,2,TPEA,enoen,edad,30 a 39,76.89,0.272,54733
2022,3,TPEA,enoen,edad,30 a 39,76.46,0.276,53916
2022,4,TPEA,enoen,edad,30 a 39,76.96,0.277,53803
2023,1,TPEA,enoe_2023,edad,30 a 39,77.08,0.272,61273
2023,2,TPEA,enoe_2023,edad,30 a 39,77.27,0.268,58693
2023,3,TPEA,enoe_2023,edad,30 a 39,77.54,0.273,58352
2023,4,TPEA,enoe_2023,edad,30 a 39,77.63,0.278,57062
2024,1,TPEA,enoe_2023,edad,30 a 39,77.36,0.285,57498
2024,2,TPEA,enoe_2023,edad,30 a 39,77.48,0.281,58437
2024,3,TPEA,enoe_2023,edad,30 a 39,77.74,0.265,58441
2024,4,TPEA,enoe_2023,edad,30 a 39,77.74,0.278,58169
2025,1,TPEA,enoe_2023,edad,30 a 39,77.48,0.28,58577
2025,2,TPEA,enoe_2023,edad,30 a 39,77.68,0.288,58928
2025,3,TPEA,enoe_2023,edad,30 a 39,77.28,0.277,58519
2025,4,TPEA,enoe_2023,edad,30 a 39,77.68,0.272,57929
2026,1,TPEA,enoe_2023,edad,30 a 39,77.6,0.272,58007
2026,2,TPEA,enoe_2023,edad,30 a 39,77.67,0.285,57857
2005,1,TPEA,tradicional,edad,40 a 49,71.66,0.303,47787
2005,2,TPEA,tradicional,edad,40 a 49,72.13,0.31,48290
2005,3,TPEA,tradicional,edad,40 a 49,72.7,0.295,48942
2005,4,TPEA,tradicional,edad,40 a 49,72.82,0.292,49426
2006,1,TPEA,tradicional,edad,40 a 49,72.65,0.298,49851
2006,2,TPEA,tradicional,edad,40 a 49,72.94,0.288,49711
2006,3,TPEA,tradicional,edad,40 a 49,73.29,0.296,50081
2006,4,TPEA,tradicional,edad,40 a 49,73.55,0.311,49916
2007,1,TPEA,tradicional,edad,40 a 49,72.88,0.308,50263
2007,2,TPEA,tradicional,edad,40 a 49,73.59,0.3,50316
2007,3,TPEA,tradicional,edad,40 a 49,73.1,0.306,50079
2007,4,TPEA,tradicional,edad,40 a 49,73.84,0.302,49128
2008,1,TPEA,tradicional,edad,40 a 49,73.47,0.296,50394
2008,2,TPEA,tradicional,edad,40 a 49,74.02,0.307,50222
2008,3,TPEA,tradicional,edad,40 a 49,73.18,0.302,49837
2008,4,TPEA,tradicional,edad,40 a 49,73.13,0.297,49345
2009,1,TPEA,tradicional,edad,40 a 49,73.6,0.298,49576
2009,2,TPEA,tradicional,edad,40 a 49,73.44,0.308,49300
2009,3,TPEA,tradicional,edad,40 a 49,74.43,0.308,48724
2009,4,TPEA,tradicional,edad,40 a 49,74.18,0.311,49008
2010,1,TPEA,tradicional,edad,40 a 49,73.48,0.303,49574
2010,2,TPEA,tradicional,edad,40 a 49,74.3,0.299,49668
2010,3,TPEA,tradicional,edad,40 a 49,73.82,0.301,49278
2010,4,TPEA,tradicional,edad,40 a 49,73.31,0.307,48863
2011,1,TPEA,tradicional,edad,40 a 49,73.87,0.298,48980
2011,2,TPEA,tradicional,edad,40 a 49,74.04,0.303,49069
2011,3,TPEA,tradicional,edad,40 a 49,74.05,0.302,49080
2011,4,TPEA,tradicional,edad,40 a 49,74.34,0.299,49104
2012,1,TPEA,tradicional,edad,40 a 49,74.29,0.298,49437
2012,2,TPEA,tradicional,edad,40 a 49,74.47,0.29,49606
2012,3,TPEA,tradicional,edad,40 a 49,74.66,0.292,49374
2012,4,TPEA,tradicional,edad,40 a 49,73.86,0.291,48940
2013,1,TPEA,tradicional,edad,40 a 49,73.66,0.299,49182
2013,2,TPEA,tradicional,edad,40 a 49,74.49,0.288,49176
2013,3,TPEA,tradicional,edad,40 a 49,74.86,0.276,49400
2013,4,TPEA,tradicional,edad,40 a 49,75.4,0.282,50528
2014,1,TPEA,tradicional,edad,40 a 49,74.37,0.287,51055
2014,2,TPEA,tradicional,edad,40 a 49,74.26,0.284,51633
2014,3,TPEA,tradicional,edad,40 a 49,74.31,0.28,51897
2014,4,TPEA,tradicional,edad,40 a 49,74.3,0.275,52016
2015,1,TPEA,tradicional,edad,40 a 49,74.28,0.281,51652
2015,2,TPEA,tradicional,edad,40 a 49,74.61,0.275,51660
2015,3,TPEA,tradicional,edad,40 a 49,74.44,0.274,51150
2015,4,TPEA,tradicional,edad,40 a 49,75.61,0.271,50770
2016,1,TPEA,tradicional,edad,40 a 49,74.95,0.276,50795
2016,2,TPEA,tradicional,edad,40 a 49,75.06,0.273,51083
2016,3,TPEA,tradicional,edad,40 a 49,74.98,0.284,50451
2016,4,TPEA,tradicional,edad,40 a 49,74.8,0.279,50498
2017,1,TPEA,tradicional,edad,40 a 49,74.53,0.287,50670
2017,2,TPEA,tradicional,edad,40 a 49,74.71,0.274,51757
2017,3,TPEA,tradicional,edad,40 a 49,74.28,0.278,51066
2017,4,TPEA,tradicional,edad,40 a 49,74.35,0.288,50960
2018,1,TPEA,tradicional,edad,40 a 49,74.63,0.296,50905
2018,2,TPEA,tradicional,edad,40 a 49,75.22,0.289,51134
2018,3,TPEA,tradicional,edad,40 a 49,74.99,0.282,50896
2018,4,TPEA,tradicional,edad,40 a 49,75.35,0.284,50805
2019,1,TPEA,tradicional,edad,40 a 49,75.25,0.281,53156
2019,2,TPEA,tradicional,edad,40 a 49,75.7,0.282,53279
2019,3,TPEA,tradicional,edad,40 a 49,75.87,0.286,53282
2019,4,TPEA,tradicional,edad,40 a 49,76.09,0.286,52811
2020,1,TPEA,tradicional,edad,40 a 49,75.81,0.285,54432
2020,3,TPEA,enoen,edad,40 a 49,70.93,0.471,39003
2020,4,TPEA,enoen,edad,40 a 49,73.31,0.41,47054
2021,1,TPEA,enoen,edad,40 a 49,72.85,0.405,46417
2021,2,TPEA,enoen,edad,40 a 49,74.89,0.35,50419
2021,3,TPEA,enoen,edad,40 a 49,74.79,0.285,56397
2021,4,TPEA,enoen,edad,40 a 49,75.78,0.273,57382
2022,1,TPEA,enoen,edad,40 a 49,75.16,0.299,53173
2022,2,TPEA,enoen,edad,40 a 49,76.05,0.287,53639
2022,3,TPEA,enoen,edad,40 a 49,75.69,0.288,52552
2022,4,TPEA,enoen,edad,40 a 49,76.87,0.283,52158
2023,1,TPEA,enoe_2023,edad,40 a 49,76.76,0.262,59069
2023,2,TPEA,enoe_2023,edad,40 a 49,76.67,0.278,55987
2023,3,TPEA,enoe_2023,edad,40 a 49,76.43,0.282,55931
2023,4,TPEA,enoe_2023,edad,40 a 49,76.89,0.286,54565
2024,1,TPEA,enoe_2023,edad,40 a 49,76.28,0.294,54665
2024,2,TPEA,enoe_2023,edad,40 a 49,76.94,0.291,55401
2024,3,TPEA,enoe_2023,edad,40 a 49,76.81,0.284,55067
2024,4,TPEA,enoe_2023,edad,40 a 49,76.67,0.278,54928
2025,1,TPEA,enoe_2023,edad,40 a 49,76.02,0.289,55189
2025,2,TPEA,enoe_2023,edad,40 a 49,76.08,0.309,55514
2025,3,TPEA,enoe_2023,edad,40 a 49,76.25,0.292,54993
2025,4,TPEA,enoe_2023,edad,40 a 49,76.26,0.304,54580
2026,1,TPEA,enoe_2023,edad,40 a 49,75.99,0.286,54052
2026,2,TPEA,enoe_2023,edad,40 a 49,76.46,0.297,53963
2005,1,TPEA,tradicional,edad,50 a 59,62.66,0.417,31613
2005,2,TPEA,tradicional,edad,50 a 59,62.88,0.418,32143
2005,3,TPEA,tradicional,edad,50 a 59,63.15,0.413,32398
2005,4,TPEA,tradicional,edad,50 a 59,63.72,0.391,32789
2006,1,TPEA,tradicional,edad,50 a 59,63.76,0.397,33419
2006,2,TPEA,tradicional,edad,50 a 59,64.06,0.386,33343
2006,3,TPEA,tradicional,edad,50 a 59,64.8,0.391,33493
2006,4,TPEA,tradicional,edad,50 a 59,65.03,0.394,33688
2007,1,TPEA,tradicional,edad,50 a 59,64.98,0.383,33965
2007,2,TPEA,tradicional,edad,50 a 59,64.55,0.388,34164
2007,3,TPEA,tradicional,edad,50 a 59,64.51,0.396,34287
2007,4,TPEA,tradicional,edad,50 a 59,65.35,0.392,33845
2008,1,TPEA,tradicional,edad,50 a 59,64.9,0.382,34900
2008,2,TPEA,tradicional,edad,50 a 59,65.11,0.375,34760
2008,3,TPEA,tradicional,edad,50 a 59,64.46,0.389,34499
2008,4,TPEA,tradicional,edad,50 a 59,64.43,0.395,34529
2009,1,TPEA,tradicional,edad,50 a 59,64.11,0.401,35129
2009,2,TPEA,tradicional,edad,50 a 59,64.55,0.398,35139
2009,3,TPEA,tradicional,edad,50 a 59,65.33,0.383,35332
2009,4,TPEA,tradicional,edad,50 a 59,65.01,0.393,35777
2010,1,TPEA,tradicional,edad,50 a 59,63.62,0.384,35908
2010,2,TPEA,tradicional,edad,50 a 59,64.93,0.377,36190
2010,3,TPEA,tradicional,edad,50 a 59,64.63,0.393,36046
2010,4,TPEA,tradicional,edad,50 a 59,64.08,0.392,35787
2011,1,TPEA,tradicional,edad,50 a 59,63.96,0.382,36126
2011,2,TPEA,tradicional,edad,50 a 59,64.73,0.386,36177
2011,3,TPEA,tradicional,edad,50 a 59,65.49,0.386,36376
2011,4,TPEA,tradicional,edad,50 a 59,65.7,0.407,36466
2012,1,TPEA,tradicional,edad,50 a 59,65.07,0.374,37151
2012,2,TPEA,tradicional,edad,50 a 59,66.21,0.391,37259
2012,3,TPEA,tradicional,edad,50 a 59,66.12,0.394,37506
2012,4,TPEA,tradicional,edad,50 a 59,65.59,0.403,37193
2013,1,TPEA,tradicional,edad,50 a 59,65.33,0.38,37237
2013,2,TPEA,tradicional,edad,50 a 59,66.36,0.374,36964
2013,3,TPEA,tradicional,edad,50 a 59,66.15,0.368,36889
2013,4,TPEA,tradicional,edad,50 a 59,66.07,0.361,36965
2014,1,TPEA,tradicional,edad,50 a 59,65.69,0.358,37309
2014,2,TPEA,tradicional,edad,50 a 59,65.55,0.352,37873
2014,3,TPEA,tradicional,edad,50 a 59,65.86,0.35,38227
2014,4,TPEA,tradicional,edad,50 a 59,65.41,0.353,38346
2015,1,TPEA,tradicional,edad,50 a 59,65.46,0.356,38613
2015,2,TPEA,tradicional,edad,50 a 59,65.7,0.353,38595
2015,3,TPEA,tradicional,edad,50 a 59,66.2,0.353,38482
2015,4,TPEA,tradicional,edad,50 a 59,65.94,0.353,38414
2016,1,TPEA,tradicional,edad,50 a 59,65.49,0.351,38604
2016,2,TPEA,tradicional,edad,50 a 59,66.04,0.35,38699
2016,3,TPEA,tradicional,edad,50 a 59,66.2,0.363,38440
2016,4,TPEA,tradicional,edad,50 a 59,66.38,0.345,38827
2017,1,TPEA,tradicional,edad,50 a 59,66.07,0.345,38912
2017,2,TPEA,tradicional,edad,50 a 59,66.22,0.34,39869
2017,3,TPEA,tradicional,edad,50 a 59,65.96,0.355,39490
2017,4,TPEA,tradicional,edad,50 a 59,66.31,0.355,39703
2018,1,TPEA,tradicional,edad,50 a 59,66.59,0.376,40027
2018,2,TPEA,tradicional,edad,50 a 59,66.92,0.371,40560
2018,3,TPEA,tradicional,edad,50 a 59,67.18,0.354,40719
2018,4,TPEA,tradicional,edad,50 a 59,66.82,0.362,40791
2019,1,TPEA,tradicional,edad,50 a 59,67.21,0.344,42582
2019,2,TPEA,tradicional,edad,50 a 59,67.23,0.357,42884
2019,3,TPEA,tradicional,edad,50 a 59,67.37,0.361,42926
2019,4,TPEA,tradicional,edad,50 a 59,68.11,0.364,42726
2020,1,TPEA,tradicional,edad,50 a 59,67.12,0.357,44780
2020,3,TPEA,enoen,edad,50 a 59,61.75,0.551,32771
2020,4,TPEA,enoen,edad,50 a 59,65.19,0.487,39498
2021,1,TPEA,enoen,edad,50 a 59,64.79,0.48,38691
2021,2,TPEA,enoen,edad,50 a 59,66.12,0.411,42383
2021,3,TPEA,enoen,edad,50 a 59,66.59,0.333,47644
2021,4,TPEA,enoen,edad,50 a 59,66.98,0.33,48612
2022,1,TPEA,enoen,edad,50 a 59,66.33,0.341,45548
2022,2,TPEA,enoen,edad,50 a 59,67.85,0.339,46069
2022,3,TPEA,enoen,edad,50 a 59,68.4,0.33,45332
2022,4,TPEA,enoen,edad,50 a 59,69.18,0.328,45338
2023,1,TPEA,enoe_2023,edad,50 a 59,69.53,0.31,51573
2023,2,TPEA,enoe_2023,edad,50 a 59,69.61,0.323,49746
2023,3,TPEA,enoe_2023,edad,50 a 59,69.79,0.313,49903
2023,4,TPEA,enoe_2023,edad,50 a 59,69.92,0.325,48959
2024,1,TPEA,enoe_2023,edad,50 a 59,70.03,0.32,49930
2024,2,TPEA,enoe_2023,edad,50 a 59,69.55,0.35,50184
2024,3,TPEA,enoe_2023,edad,50 a 59,69.7,0.325,49671
2024,4,TPEA,enoe_2023,edad,50 a 59,69.42,0.334,49275
2025,1,TPEA,enoe_2023,edad,50 a 59,69.32,0.36,49050
2025,2,TPEA,enoe_2023,edad,50 a 59,69.48,0.34,48847
2025,3,TPEA,enoe_2023,edad,50 a 59,69.43,0.342,49369
2025,4,TPEA,enoe_2023,edad,50 a 59,69.49,0.333,49282
2026,1,TPEA,enoe_2023,edad,50 a 59,69.04,0.358,49488
2026,2,TPEA,enoe_2023,edad,50 a 59,69.44,0.352,49824
2005,1,TPEA,tradicional,edad,60 y más,34.69,0.416,35603
2005,2,TPEA,tradicional,edad,60 y más,34.71,0.429,36195
2005,3,TPEA,tradicional,edad,60 y más,35.85,0.398,36767
2005,4,TPEA,tradicional,edad,60 y más,35.71,0.406,37494
2006,1,TPEA,tradicional,edad,60 y más,35.45,0.385,38069
2006,2,TPEA,tradicional,edad,60 y más,35.33,0.384,37763
2006,3,TPEA,tradicional,edad,60 y más,35.3,0.394,38054
2006,4,TPEA,tradicional,edad,60 y más,35.49,0.419,38159
2007,1,TPEA,tradicional,edad,60 y más,34.18,0.398,38508
2007,2,TPEA,tradicional,edad,60 y más,34.72,0.396,38344
2007,3,TPEA,tradicional,edad,60 y más,34.8,0.391,38670
2007,4,TPEA,tradicional,edad,60 y más,35.71,0.417,38318
2008,1,TPEA,tradicional,edad,60 y más,34.67,0.39,38994
2008,2,TPEA,tradicional,edad,60 y más,35.4,0.393,38802
2008,3,TPEA,tradicional,edad,60 y más,34.48,0.398,38763
2008,4,TPEA,tradicional,edad,60 y más,33.41,0.391,38615
2009,1,TPEA,tradicional,edad,60 y más,33.26,0.384,38804
2009,2,TPEA,tradicional,edad,60 y más,33.66,0.383,38925
2009,3,TPEA,tradicional,edad,60 y más,34.57,0.38,39131
2009,4,TPEA,tradicional,edad,60 y más,34.86,0.392,39416
2010,1,TPEA,tradicional,edad,60 y más,33.93,0.377,39711
2010,2,TPEA,tradicional,edad,60 y más,35.19,0.391,40158
2010,3,TPEA,tradicional,edad,60 y más,34.44,0.391,40262
2010,4,TPEA,tradicional,edad,60 y más,32.69,0.383,40263
2011,1,TPEA,tradicional,edad,60 y más,32.46,0.39,40616
2011,2,TPEA,tradicional,edad,60 y más,33.38,0.389,40668
2011,3,TPEA,tradicional,edad,60 y más,33.99,0.383,40787
2011,4,TPEA,tradicional,edad,60 y más,33.81,0.388,40926
2012,1,TPEA,tradicional,edad,60 y más,34.02,0.386,41386
2012,2,TPEA,tradicional,edad,60 y más,34.92,0.387,41353
2012,3,TPEA,tradicional,edad,60 y más,34.69,0.405,41562
2012,4,TPEA,tradicional,edad,60 y más,33.58,0.394,41612
2013,1,TPEA,tradicional,edad,60 y más,32.8,0.385,41476
2013,2,TPEA,tradicional,edad,60 y más,33.8,0.372,40842
2013,3,TPEA,tradicional,edad,60 y más,33.98,0.373,40778
2013,4,TPEA,tradicional,edad,60 y más,34.44,0.367,40885
2014,1,TPEA,tradicional,edad,60 y más,33.4,0.382,40543
2014,2,TPEA,tradicional,edad,60 y más,33.68,0.369,41365
2014,3,TPEA,tradicional,edad,60 y más,33.67,0.385,41922
2014,4,TPEA,tradicional,edad,60 y más,33.59,0.352,42117
2015,1,TPEA,tradicional,edad,60 y más,33.81,0.362,42590
2015,2,TPEA,tradicional,edad,60 y más,34.27,0.358,42774
2015,3,TPEA,tradicional,edad,60 y más,34.85,0.364,42897
2015,4,TPEA,tradicional,edad,60 y más,34.51,0.36,42941
2016,1,TPEA,tradicional,edad,60 y más,33.49,0.352,43206
2016,2,TPEA,tradicional,edad,60 y más,34.07,0.357,43337
2016,3,TPEA,tradicional,edad,60 y más,34.36,0.351,43309
2016,4,TPEA,tradicional,edad,60 y más,34.28,0.346,43705
2017,1,TPEA,tradicional,edad,60 y más,33.89,0.354,44177
2017,2,TPEA,tradicional,edad,60 y más,33.79,0.346,45471
2017,3,TPEA,tradicional,edad,60 y más,34.06,0.357,45291
2017,4,TPEA,tradicional,edad,60 y más,33.42,0.374,45530
2018,1,TPEA,tradicional,edad,60 y más,33.33,0.351,45519
2018,2,TPEA,tradicional,edad,60 y más,34.07,0.365,46093
2018,3,TPEA,tradicional,edad,60 y más,33.74,0.356,46628
2018,4,TPEA,tradicional,edad,60 y más,33.69,0.351,47146
2019,1,TPEA,tradicional,edad,60 y más,33.29,0.331,49638
2019,2,TPEA,tradicional,edad,60 y más,34.04,0.347,50563
2019,3,TPEA,tradicional,edad,60 y más,34.36,0.337,50864
2019,4,TPEA,tradicional,edad,60 y más,34.7,0.331,51188
2020,1,TPEA,tradicional,edad,60 y más,34.07,0.337,53887
2020,3,TPEA,enoen,edad,60 y más,28.65,0.544,39445
2020,4,TPEA,enoen,edad,60 y más,29.96,0.451,48211
2021,1,TPEA,enoen,edad,60 y más,28.99,0.396,46926
2021,2,TPEA,enoen,edad,60 y más,31.58,0.393,51602
2021,3,TPEA,enoen,edad,60 y más,31.58,0.346,57939
2021,4,TPEA,enoen,edad,60 y más,31.81,0.338,59244
2022,1,TPEA,enoen,edad,60 y más,31.04,0.341,55374
2022,2,TPEA,enoen,edad,60 y más,32.57,0.324,56046
2022,3,TPEA,enoen,edad,60 y más,32.29,0.323,55768
2022,4,TPEA,enoen,edad,60 y más,33.03,0.322,56002
2023,1,TPEA,enoe_2023,edad,60 y más,33.03,0.307,64209
2023,2,TPEA,enoe_2023,edad,60 y más,32.81,0.33,62712
2023,3,TPEA,enoe_2023,edad,60 y más,33.37,0.318,63699
2023,4,TPEA,enoe_2023,edad,60 y más,33.12,0.317,62928
2024,1,TPEA,enoe_2023,edad,60 y más,31.9,0.316,64592
2024,2,TPEA,enoe_2023,edad,60 y más,32.08,0.319,64307
2024,3,TPEA,enoe_2023,edad,60 y más,32.31,0.331,63599
2024,4,TPEA,enoe_2023,edad,60 y más,31.92,0.332,62799
2025,1,TPEA,enoe_2023,edad,60 y más,30.85,0.342,63025
2025,2,TPEA,enoe_2023,edad,60 y más,32.04,0.333,63039
2025,3,TPEA,enoe_2023,edad,60 y más,31.84,0.316,64120
2025,4,TPEA,enoe_2023,edad,60 y más,31.54,0.313,64574
2026,1,TPEA,enoe_2023,edad,60 y más,30.8,0.308,65282
2026,2,TPEA,enoe_2023,edad,60 y más,31.52,0.312,65974
2005,1,TPEA,tradicional,entidad,Aguascalientes,57.29,0.585,8717
2005,2,TPEA,tradicional,entidad,Aguascalientes,58.29,0.557,8736
2005,3,TPEA,tradicional,entidad,Aguascalientes,58.13,0.537,8822
2005,4,TPEA,tradicional,entidad,Aguascalientes,58.65,0.514,9117
2006,1,TPEA,tradicional,entidad,Aguascalientes,57.83,0.57,9168
2006,2,TPEA,tradicional,entidad,Aguascalientes,57.45,0.472,8990
2006,3,TPEA,tradicional,entidad,Aguascalientes,58.55,0.517,8833
2006,4,TPEA,tradicional,entidad,Aguascalientes,59.99,0.589,8768
2007,1,TPEA,tradicional,entidad,Aguascalientes,59.31,0.515,8897
2007,2,TPEA,tradicional,entidad,Aguascalientes,58.96,0.543,8777
2007,3,TPEA,tradicional,entidad,Aguascalientes,59.27,0.578,8705
2007,4,TPEA,tradicional,entidad,Aguascalientes,60.21,0.555,8786
2008,1,TPEA,tradicional,entidad,Aguascalientes,58.86,0.554,8897
2008,2,TPEA,tradicional,entidad,Aguascalientes,58.15,0.509,8910
2008,3,TPEA,tradicional,entidad,Aguascalientes,58.98,0.541,8854
2008,4,TPEA,tradicional,entidad,Aguascalientes,58.97,0.535,8825
2009,1,TPEA,tradicional,entidad,Aguascalientes,56.66,0.557,8781
2009,2,TPEA,tradicional,entidad,Aguascalientes,57.89,0.545,8696
2009,3,TPEA,tradicional,entidad,Aguascalientes,58.94,0.576,8730
2009,4,TPEA,tradicional,entidad,Aguascalientes,58.92,0.56,8825
2010,1,TPEA,tradicional,entidad,Aguascalientes,57.9,0.547,8814
2010,2,TPEA,tradicional,entidad,Aguascalientes,59.89,0.539,8906
2010,3,TPEA,tradicional,entidad,Aguascalientes,59.87,0.551,8917
2010,4,TPEA,tradicional,entidad,Aguascalientes,58.46,0.554,8892
2011,1,TPEA,tradicional,entidad,Aguascalientes,57.68,0.575,8929
2011,2,TPEA,tradicional,entidad,Aguascalientes,58.05,0.559,8992
2011,3,TPEA,tradicional,entidad,Aguascalientes,58.98,0.569,8928
2011,4,TPEA,tradicional,entidad,Aguascalientes,59.77,0.581,8960
2012,1,TPEA,tradicional,entidad,Aguascalientes,57.45,0.552,8996
2012,2,TPEA,tradicional,entidad,Aguascalientes,59.39,0.566,8957
2012,3,TPEA,tradicional,entidad,Aguascalientes,59.2,0.545,8909
2012,4,TPEA,tradicional,entidad,Aguascalientes,58.45,0.529,8877
2013,1,TPEA,tradicional,entidad,Aguascalientes,57.65,0.579,8952
2013,2,TPEA,tradicional,entidad,Aguascalientes,58.82,0.587,8927
2013,3,TPEA,tradicional,entidad,Aguascalientes,59.25,0.548,8947
2013,4,TPEA,tradicional,entidad,Aguascalientes,60.38,0.577,8995
2014,1,TPEA,tradicional,entidad,Aguascalientes,58.79,0.58,9020
2014,2,TPEA,tradicional,entidad,Aguascalientes,59.04,0.578,9129
2014,3,TPEA,tradicional,entidad,Aguascalientes,59.56,0.552,9079
2014,4,TPEA,tradicional,entidad,Aguascalientes,58.96,0.537,9054
2015,1,TPEA,tradicional,entidad,Aguascalientes,58.36,0.558,9057
2015,2,TPEA,tradicional,entidad,Aguascalientes,59.42,0.54,8922
2015,3,TPEA,tradicional,entidad,Aguascalientes,59.71,0.563,8831
2015,4,TPEA,tradicional,entidad,Aguascalientes,59.82,0.571,8720
2016,1,TPEA,tradicional,entidad,Aguascalientes,59.49,0.558,8728
2016,2,TPEA,tradicional,entidad,Aguascalientes,60.46,0.538,8731
2016,3,TPEA,tradicional,entidad,Aguascalientes,60.24,0.557,8702
2016,4,TPEA,tradicional,entidad,Aguascalientes,59.73,0.589,8739
2017,1,TPEA,tradicional,entidad,Aguascalientes,58.45,0.533,8792
2017,2,TPEA,tradicional,entidad,Aguascalientes,59.66,0.544,8706
2017,3,TPEA,tradicional,entidad,Aguascalientes,58.3,0.53,8729
2017,4,TPEA,tradicional,entidad,Aguascalientes,58.45,0.538,8828
2018,1,TPEA,tradicional,entidad,Aguascalientes,58.76,0.576,8754
2018,2,TPEA,tradicional,entidad,Aguascalientes,59.34,0.577,8816
2018,3,TPEA,tradicional,entidad,Aguascalientes,59.69,0.566,8798
2018,4,TPEA,tradicional,entidad,Aguascalientes,59.58,0.57,8769
2019,1,TPEA,tradicional,entidad,Aguascalientes,58.95,0.57,8687
2019,2,TPEA,tradicional,entidad,Aguascalientes,59.13,0.571,8786
2019,3,TPEA,tradicional,entidad,Aguascalientes,58.32,0.578,8619
2019,4,TPEA,tradicional,entidad,Aguascalientes,59.95,0.582,8648
2020,1,TPEA,tradicional,entidad,Aguascalientes,59.62,0.574,8728
2020,3,TPEA,enoen,entidad,Aguascalientes,57.43,0.806,6108
2020,4,TPEA,enoen,entidad,Aguascalientes,57.7,0.72,8280
2021,1,TPEA,enoen,entidad,Aguascalientes,57.82,0.728,8500
2021,2,TPEA,enoen,entidad,Aguascalientes,58.69,0.68,8447
2021,3,TPEA,enoen,entidad,Aguascalientes,59.41,0.641,9331
2021,4,TPEA,enoen,entidad,Aguascalientes,59.64,0.65,8684
2022,1,TPEA,enoen,entidad,Aguascalientes,58.45,0.655,9038
2022,2,TPEA,enoen,entidad,Aguascalientes,58.78,0.64,8922
2022,3,TPEA,enoen,entidad,Aguascalientes,59.8,0.666,8272
2022,4,TPEA,enoen,entidad,Aguascalientes,60.15,0.647,8342
2023,1,TPEA,enoe_2023,entidad,Aguascalientes,60.14,0.613,9835
2023,2,TPEA,enoe_2023,entidad,Aguascalientes,58.94,0.624,9321
2023,3,TPEA,enoe_2023,entidad,Aguascalientes,60.52,0.648,9546
2023,4,TPEA,enoe_2023,entidad,Aguascalientes,57.95,0.621,9459
2024,1,TPEA,enoe_2023,entidad,Aguascalientes,59.08,0.653,9501
2024,2,TPEA,enoe_2023,entidad,Aguascalientes,58.29,0.643,9558
2024,3,TPEA,enoe_2023,entidad,Aguascalientes,59.32,0.641,9362
2024,4,TPEA,enoe_2023,entidad,Aguascalientes,58.9,0.651,8963
2025,1,TPEA,enoe_2023,entidad,Aguascalientes,58.89,0.595,8983
2025,2,TPEA,enoe_2023,entidad,Aguascalientes,57.49,0.677,8669
2025,3,TPEA,enoe_2023,entidad,Aguascalientes,57.92,0.628,8530
2025,4,TPEA,enoe_2023,entidad,Aguascalientes,58.34,0.672,8416
2026,1,TPEA,enoe_2023,entidad,Aguascalientes,0,0,0
2026,2,TPEA,enoe_2023,entidad,Aguascalientes,59.73,0.684,8752
2005,1,TPEA,tradicional,entidad,Baja California,58.83,0.616,9026
2005,2,TPEA,tradicional,entidad,Baja California,58.17,0.588,9086
2005,3,TPEA,tradicional,entidad,Baja California,58.44,0.593,9134
2005,4,TPEA,tradicional,entidad,Baja California,59.17,0.554,9428
2006,1,TPEA,tradicional,entidad,Baja California,59.08,0.655,9481
2006,2,TPEA,tradicional,entidad,Baja California,60.14,0.554,9473
2006,3,TPEA,tradicional,entidad,Baja California,60.17,0.651,9427
2006,4,TPEA,tradicional,entidad,Baja California,59.48,0.552,9424
2007,1,TPEA,tradicional,entidad,Baja California,58.87,0.53,9306
2007,2,TPEA,tradicional,entidad,Baja California,60.08,0.526,9328
2007,3,TPEA,tradicional,entidad,Baja California,58.67,0.575,9339
2007,4,TPEA,tradicional,entidad,Baja California,61.08,0.529,9318
2008,1,TPEA,tradicional,entidad,Baja California,59.57,0.572,9399
2008,2,TPEA,tradicional,entidad,Baja California,62.42,0.514,9425
2008,3,TPEA,tradicional,entidad,Baja California,62.25,0.576,9399
2008,4,TPEA,tradicional,entidad,Baja California,61.04,0.529,9388
2009,1,TPEA,tradicional,entidad,Baja California,61.32,0.541,9300
2009,2,TPEA,tradicional,entidad,Baja California,61.58,0.565,9244
2009,3,TPEA,tradicional,entidad,Baja California,61.08,0.6,9054
2009,4,TPEA,tradicional,entidad,Baja California,61.22,0.561,9163
2010,1,TPEA,tradicional,entidad,Baja California,59.68,0.586,9377
2010,2,TPEA,tradicional,entidad,Baja California,59.68,0.568,9594
2010,3,TPEA,tradicional,entidad,Baja California,58.86,0.566,9491
2010,4,TPEA,tradicional,entidad,Baja California,59.68,0.558,9476
2011,1,TPEA,tradicional,entidad,Baja California,58.73,0.549,9429
2011,2,TPEA,tradicional,entidad,Baja California,59.85,0.474,9415
2011,3,TPEA,tradicional,entidad,Baja California,59.73,0.56,9391
2011,4,TPEA,tradicional,entidad,Baja California,62.05,0.584,9176
2012,1,TPEA,tradicional,entidad,Baja California,59.17,0.585,9183
2012,2,TPEA,tradicional,entidad,Baja California,61.93,0.743,9185
2012,3,TPEA,tradicional,entidad,Baja California,61.59,0.673,9111
2012,4,TPEA,tradicional,entidad,Baja California,60.74,0.62,9045
2013,1,TPEA,tradicional,entidad,Baja California,59.56,0.588,9120
2013,2,TPEA,tradicional,entidad,Baja California,63.54,0.605,8927
2013,3,TPEA,tradicional,entidad,Baja California,62.92,0.559,8889
2013,4,TPEA,tradicional,entidad,Baja California,62.77,0.57,8923
2014,1,TPEA,tradicional,entidad,Baja California,61.75,0.587,8864
2014,2,TPEA,tradicional,entidad,Baja California,62.52,0.571,9025
2014,3,TPEA,tradicional,entidad,Baja California,61.48,0.576,9028
2014,4,TPEA,tradicional,entidad,Baja California,61.55,0.58,9090
2015,1,TPEA,tradicional,entidad,Baja California,60.91,0.572,9182
2015,2,TPEA,tradicional,entidad,Baja California,61,0.596,9113
2015,3,TPEA,tradicional,entidad,Baja California,60.77,0.574,9006
2015,4,TPEA,tradicional,entidad,Baja California,61.35,0.59,8953
2016,1,TPEA,tradicional,entidad,Baja California,60.33,0.607,8841
2016,2,TPEA,tradicional,entidad,Baja California,60.85,0.59,8933
2016,3,TPEA,tradicional,entidad,Baja California,62.17,0.603,8993
2016,4,TPEA,tradicional,entidad,Baja California,62.15,0.603,9032
2017,1,TPEA,tradicional,entidad,Baja California,61.05,0.521,8969
2017,2,TPEA,tradicional,entidad,Baja California,63.07,0.604,9107
2017,3,TPEA,tradicional,entidad,Baja California,62.48,0.605,9052
2017,4,TPEA,tradicional,entidad,Baja California,62.2,0.623,9138
2018,1,TPEA,tradicional,entidad,Baja California,62.25,0.569,9249
2018,2,TPEA,tradicional,entidad,Baja California,63.12,0.521,9250
2018,3,TPEA,tradicional,entidad,Baja California,62.74,0.542,9113
2018,4,TPEA,tradicional,entidad,Baja California,62.9,0.567,9149
2019,1,TPEA,tradicional,entidad,Baja California,61.72,0.497,12053
2019,2,TPEA,tradicional,entidad,Baja California,62.49,0.549,12011
2019,3,TPEA,tradicional,entidad,Baja California,62.83,0.527,11953
2019,4,TPEA,tradicional,entidad,Baja California,62.87,0.567,11935
2020,1,TPEA,tradicional,entidad,Baja California,61.22,0.528,11690
2020,3,TPEA,enoen,entidad,Baja California,57.18,0.868,6434
2020,4,TPEA,enoen,entidad,Baja California,59.41,0.719,8330
2021,1,TPEA,enoen,entidad,Baja California,58.7,0.653,9411
2021,2,TPEA,enoen,entidad,Baja California,60.2,0.649,11075
2021,3,TPEA,enoen,entidad,Baja California,60.68,0.614,11081
2021,4,TPEA,enoen,entidad,Baja California,60.97,0.6,11042
2022,1,TPEA,enoen,entidad,Baja California,60.11,0.593,11317
2022,2,TPEA,enoen,entidad,Baja California,61.53,0.548,11692
2022,3,TPEA,enoen,entidad,Baja California,60.58,0.551,11555
2022,4,TPEA,enoen,entidad,Baja California,61.56,0.558,11505
2023,1,TPEA,enoe_2023,entidad,Baja California,60.78,0.517,12864
2023,2,TPEA,enoe_2023,entidad,Baja California,61.17,0.53,12399
2023,3,TPEA,enoe_2023,entidad,Baja California,61.47,0.521,12844
2023,4,TPEA,enoe_2023,entidad,Baja California,61.28,0.548,12645
2024,1,TPEA,enoe_2023,entidad,Baja California,59.72,0.606,12450
2024,2,TPEA,enoe_2023,entidad,Baja California,60.71,0.577,12238
2024,3,TPEA,enoe_2023,entidad,Baja California,60.17,0.55,12125
2024,4,TPEA,enoe_2023,entidad,Baja California,60.04,0.632,12029
2025,1,TPEA,enoe_2023,entidad,Baja California,60,0.601,12118
2025,2,TPEA,enoe_2023,entidad,Baja California,59.41,0.593,12458
2025,3,TPEA,enoe_2023,entidad,Baja California,59.43,0.593,12336
2025,4,TPEA,enoe_2023,entidad,Baja California,59.61,0.545,12437
2026,1,TPEA,enoe_2023,entidad,Baja California,0,0,0
2026,2,TPEA,enoe_2023,entidad,Baja California,59.37,0.56,12691
2005,1,TPEA,tradicional,entidad,Baja California Sur,61.34,1.064,6538
2005,2,TPEA,tradicional,entidad,Baja California Sur,61.84,1.163,6678
2005,3,TPEA,tradicional,entidad,Baja California Sur,61.33,0.968,6696
2005,4,TPEA,tradicional,entidad,Baja California Sur,62.82,1.019,6719
2006,1,TPEA,tradicional,entidad,Baja California Sur,62.94,0.932,6734
2006,2,TPEA,tradicional,entidad,Baja California Sur,62.59,0.927,6772
2006,3,TPEA,tradicional,entidad,Baja California Sur,62.51,1.087,6725
2006,4,TPEA,tradicional,entidad,Baja California Sur,64.96,1.164,6790
2007,1,TPEA,tradicional,entidad,Baja California Sur,64.29,0.878,6749
2007,2,TPEA,tradicional,entidad,Baja California Sur,63.27,0.935,6753
2007,3,TPEA,tradicional,entidad,Baja California Sur,65.07,0.825,6709
2007,4,TPEA,tradicional,entidad,Baja California Sur,66.32,0.737,6823
2008,1,TPEA,tradicional,entidad,Baja California Sur,66.31,1.013,6735
2008,2,TPEA,tradicional,entidad,Baja California Sur,67.03,1.017,6769
2008,3,TPEA,tradicional,entidad,Baja California Sur,67.14,1.118,6745
2008,4,TPEA,tradicional,entidad,Baja California Sur,67.61,0.873,6702
2009,1,TPEA,tradicional,entidad,Baja California Sur,67.08,0.934,6745
2009,2,TPEA,tradicional,entidad,Baja California Sur,65.21,1.031,6713
2009,3,TPEA,tradicional,entidad,Baja California Sur,63.41,1.111,6711
2009,4,TPEA,tradicional,entidad,Baja California Sur,63.27,0.983,6600
2010,1,TPEA,tradicional,entidad,Baja California Sur,63.32,1.017,6683
2010,2,TPEA,tradicional,entidad,Baja California Sur,64.28,0.773,6655
2010,3,TPEA,tradicional,entidad,Baja California Sur,64.78,0.984,6622
2010,4,TPEA,tradicional,entidad,Baja California Sur,63.82,0.904,6639
2011,1,TPEA,tradicional,entidad,Baja California Sur,63.44,0.723,6702
2011,2,TPEA,tradicional,entidad,Baja California Sur,64.15,0.826,6643
2011,3,TPEA,tradicional,entidad,Baja California Sur,65.93,0.702,6586
2011,4,TPEA,tradicional,entidad,Baja California Sur,67.28,1.068,6511
2012,1,TPEA,tradicional,entidad,Baja California Sur,66.1,0.858,6488
2012,2,TPEA,tradicional,entidad,Baja California Sur,65.19,0.893,6388
2012,3,TPEA,tradicional,entidad,Baja California Sur,65.68,0.819,6243
2012,4,TPEA,tradicional,entidad,Baja California Sur,66.46,0.907,6265
2013,1,TPEA,tradicional,entidad,Baja California Sur,65.2,0.872,6280
2013,2,TPEA,tradicional,entidad,Baja California Sur,67.41,0.766,6149
2013,3,TPEA,tradicional,entidad,Baja California Sur,66.43,0.815,6126
2013,4,TPEA,tradicional,entidad,Baja California Sur,66.67,0.842,6254
2014,1,TPEA,tradicional,entidad,Baja California Sur,67.33,0.944,6263
2014,2,TPEA,tradicional,entidad,Baja California Sur,66.61,0.87,6322
2014,3,TPEA,tradicional,entidad,Baja California Sur,67.45,0.822,6199
2014,4,TPEA,tradicional,entidad,Baja California Sur,66.96,0.7,6274
2015,1,TPEA,tradicional,entidad,Baja California Sur,66.99,0.737,6255
2015,2,TPEA,tradicional,entidad,Baja California Sur,66.89,0.851,6440
2015,3,TPEA,tradicional,entidad,Baja California Sur,67.56,0.731,6384
2015,4,TPEA,tradicional,entidad,Baja California Sur,66.91,0.725,6484
2016,1,TPEA,tradicional,entidad,Baja California Sur,66.25,0.837,6443
2016,2,TPEA,tradicional,entidad,Baja California Sur,65.55,0.972,6509
2016,3,TPEA,tradicional,entidad,Baja California Sur,65.69,1.129,6332
2016,4,TPEA,tradicional,entidad,Baja California Sur,67.03,0.922,6338
2017,1,TPEA,tradicional,entidad,Baja California Sur,66.45,0.894,6431
2017,2,TPEA,tradicional,entidad,Baja California Sur,65.63,0.845,6454
2017,3,TPEA,tradicional,entidad,Baja California Sur,65.29,0.843,6380
2017,4,TPEA,tradicional,entidad,Baja California Sur,65.15,0.742,6456
2018,1,TPEA,tradicional,entidad,Baja California Sur,66.09,0.676,6416
2018,2,TPEA,tradicional,entidad,Baja California Sur,67.3,0.803,6422
2018,3,TPEA,tradicional,entidad,Baja California Sur,66.33,0.899,6449
2018,4,TPEA,tradicional,entidad,Baja California Sur,67.72,0.831,6276
2019,1,TPEA,tradicional,entidad,Baja California Sur,69.52,0.934,6225
2019,2,TPEA,tradicional,entidad,Baja California Sur,69.4,0.71,6347
2019,3,TPEA,tradicional,entidad,Baja California Sur,71.74,0.884,6316
2019,4,TPEA,tradicional,entidad,Baja California Sur,69.75,0.83,6317
2020,1,TPEA,tradicional,entidad,Baja California Sur,69.01,0.806,6229
2020,3,TPEA,enoen,entidad,Baja California Sur,60.54,1.107,6917
2020,4,TPEA,enoen,entidad,Baja California Sur,62.67,1.007,6979
2021,1,TPEA,enoen,entidad,Baja California Sur,64.82,1.388,4909
2021,2,TPEA,enoen,entidad,Baja California Sur,67.37,1.214,5536
2021,3,TPEA,enoen,entidad,Baja California Sur,66.81,1.074,6149
2021,4,TPEA,enoen,entidad,Baja California Sur,66.96,0.79,6675
2022,1,TPEA,enoen,entidad,Baja California Sur,67.15,0.836,5788
2022,2,TPEA,enoen,entidad,Baja California Sur,68.45,0.951,5833
2022,3,TPEA,enoen,entidad,Baja California Sur,68.72,0.865,5798
2022,4,TPEA,enoen,entidad,Baja California Sur,69.22,0.881,5923
2023,1,TPEA,enoe_2023,entidad,Baja California Sur,68.42,0.813,7054
2023,2,TPEA,enoe_2023,entidad,Baja California Sur,68.81,0.907,6567
2023,3,TPEA,enoe_2023,entidad,Baja California Sur,69.13,0.811,6353
2023,4,TPEA,enoe_2023,entidad,Baja California Sur,69.5,0.759,6586
2024,1,TPEA,enoe_2023,entidad,Baja California Sur,68.3,0.853,6473
2024,2,TPEA,enoe_2023,entidad,Baja California Sur,68.8,0.816,6712
2024,3,TPEA,enoe_2023,entidad,Baja California Sur,69.63,0.763,6624
2024,4,TPEA,enoe_2023,entidad,Baja California Sur,68.27,0.908,6643
2025,1,TPEA,enoe_2023,entidad,Baja California Sur,67.98,0.772,6717
2025,2,TPEA,enoe_2023,entidad,Baja California Sur,66.73,0.759,6760
2025,3,TPEA,enoe_2023,entidad,Baja California Sur,67.48,0.889,6818
2025,4,TPEA,enoe_2023,entidad,Baja California Sur,67.19,0.847,6556
2026,1,TPEA,enoe_2023,entidad,Baja California Sur,0,0,0
2026,2,TPEA,enoe_2023,entidad,Baja California Sur,66.72,0.875,6521
2005,1,TPEA,tradicional,entidad,Campeche,62.42,0.766,8008
2005,2,TPEA,tradicional,entidad,Campeche,63.77,0.583,8002
2005,3,TPEA,tradicional,entidad,Campeche,64.05,0.572,8003
2005,4,TPEA,tradicional,entidad,Campeche,63.29,0.634,8095
2006,1,TPEA,tradicional,entidad,Campeche,62.74,0.703,8053
2006,2,TPEA,tradicional,entidad,Campeche,63.2,0.644,8085
2006,3,TPEA,tradicional,entidad,Campeche,62.65,0.704,8166
2006,4,TPEA,tradicional,entidad,Campeche,62.28,0.652,8166
2007,1,TPEA,tradicional,entidad,Campeche,61.39,0.643,8205
2007,2,TPEA,tradicional,entidad,Campeche,61.05,0.57,8173
2007,3,TPEA,tradicional,entidad,Campeche,60.39,0.665,8020
2007,4,TPEA,tradicional,entidad,Campeche,61.77,0.678,7992
2008,1,TPEA,tradicional,entidad,Campeche,61.72,0.713,7927
2008,2,TPEA,tradicional,entidad,Campeche,62,0.707,7979
2008,3,TPEA,tradicional,entidad,Campeche,62.2,0.695,7995
2008,4,TPEA,tradicional,entidad,Campeche,61.01,0.702,8015
2009,1,TPEA,tradicional,entidad,Campeche,59.98,0.755,8185
2009,2,TPEA,tradicional,entidad,Campeche,60.89,0.675,8247
2009,3,TPEA,tradicional,entidad,Campeche,61.54,0.742,8148
2009,4,TPEA,tradicional,entidad,Campeche,62.48,0.738,8270
2010,1,TPEA,tradicional,entidad,Campeche,61.21,0.73,8338
2010,2,TPEA,tradicional,entidad,Campeche,61.15,0.726,8262
2010,3,TPEA,tradicional,entidad,Campeche,61.62,0.669,8278
2010,4,TPEA,tradicional,entidad,Campeche,61.4,0.641,8212
2011,1,TPEA,tradicional,entidad,Campeche,61.89,0.633,8174
2011,2,TPEA,tradicional,entidad,Campeche,61.98,0.638,8187
2011,3,TPEA,tradicional,entidad,Campeche,62.16,0.628,8224
2011,4,TPEA,tradicional,entidad,Campeche,62.43,0.609,8301
2012,1,TPEA,tradicional,entidad,Campeche,63.38,0.584,8367
2012,2,TPEA,tradicional,entidad,Campeche,62.37,0.612,8422
2012,3,TPEA,tradicional,entidad,Campeche,63.4,0.62,8326
2012,4,TPEA,tradicional,entidad,Campeche,63.03,0.624,8250
2013,1,TPEA,tradicional,entidad,Campeche,61.65,0.657,8208
2013,2,TPEA,tradicional,entidad,Campeche,62.07,0.631,8016
2013,3,TPEA,tradicional,entidad,Campeche,61.75,0.696,8117
2013,4,TPEA,tradicional,entidad,Campeche,62.23,0.72,8254
2014,1,TPEA,tradicional,entidad,Campeche,61.26,0.674,8255
2014,2,TPEA,tradicional,entidad,Campeche,61.72,0.652,8361
2014,3,TPEA,tradicional,entidad,Campeche,61.16,0.734,8437
2014,4,TPEA,tradicional,entidad,Campeche,61.93,0.643,8358
2015,1,TPEA,tradicional,entidad,Campeche,61.07,0.718,8295
2015,2,TPEA,tradicional,entidad,Campeche,62.44,0.668,8304
2015,3,TPEA,tradicional,entidad,Campeche,61.84,0.638,8243
2015,4,TPEA,tradicional,entidad,Campeche,62.27,0.761,8220
2016,1,TPEA,tradicional,entidad,Campeche,60.93,0.634,8269
2016,2,TPEA,tradicional,entidad,Campeche,60.65,0.646,8339
2016,3,TPEA,tradicional,entidad,Campeche,61.42,0.738,8318
2016,4,TPEA,tradicional,entidad,Campeche,60.86,0.675,8501
2017,1,TPEA,tradicional,entidad,Campeche,60.23,0.662,8500
2017,2,TPEA,tradicional,entidad,Campeche,60.93,0.631,8442
2017,3,TPEA,tradicional,entidad,Campeche,60.94,0.721,8298
2017,4,TPEA,tradicional,entidad,Campeche,60.53,0.706,8337
2018,1,TPEA,tradicional,entidad,Campeche,59.71,0.69,8344
2018,2,TPEA,tradicional,entidad,Campeche,60.68,0.693,8426
2018,3,TPEA,tradicional,entidad,Campeche,61.61,0.713,8316
2018,4,TPEA,tradicional,entidad,Campeche,61.65,0.696,8405
2019,1,TPEA,tradicional,entidad,Campeche,60.46,0.716,8466
2019,2,TPEA,tradicional,entidad,Campeche,61.52,0.665,8446
2019,3,TPEA,tradicional,entidad,Campeche,62.22,0.643,8425
2019,4,TPEA,tradicional,entidad,Campeche,62.08,0.673,8506
2020,1,TPEA,tradicional,entidad,Campeche,61.87,0.59,11995
2020,3,TPEA,enoen,entidad,Campeche,54.93,1.559,7600
2020,4,TPEA,enoen,entidad,Campeche,59.66,0.722,10043
2021,1,TPEA,enoen,entidad,Campeche,62.31,0.664,11203
2021,2,TPEA,enoen,entidad,Campeche,63.07,0.736,11509
2021,3,TPEA,enoen,entidad,Campeche,61.05,0.676,11651
2021,4,TPEA,enoen,entidad,Campeche,60.7,0.608,12516
2022,1,TPEA,enoen,entidad,Campeche,60.81,0.534,11256
2022,2,TPEA,enoen,entidad,Campeche,61.56,0.544,11533
2022,3,TPEA,enoen,entidad,Campeche,61.86,0.577,11450
2022,4,TPEA,enoen,entidad,Campeche,60.66,0.51,11382
2023,1,TPEA,enoe_2023,entidad,Campeche,61.09,0.648,12893
2023,2,TPEA,enoe_2023,entidad,Campeche,61.06,0.553,12427
2023,3,TPEA,enoe_2023,entidad,Campeche,60.83,0.601,12274
2023,4,TPEA,enoe_2023,entidad,Campeche,61.76,0.69,12204
2024,1,TPEA,enoe_2023,entidad,Campeche,62.14,0.617,12213
2024,2,TPEA,enoe_2023,entidad,Campeche,61.72,0.604,12489
2024,3,TPEA,enoe_2023,entidad,Campeche,61.05,0.611,12371
2024,4,TPEA,enoe_2023,entidad,Campeche,60.76,0.543,12478
2025,1,TPEA,enoe_2023,entidad,Campeche,61.58,0.515,12583
2025,2,TPEA,enoe_2023,entidad,Campeche,60.26,0.567,12465
2025,3,TPEA,enoe_2023,entidad,Campeche,60.38,0.587,12347
2025,4,TPEA,enoe_2023,entidad,Campeche,61.17,0.837,12486
2026,1,TPEA,enoe_2023,entidad,Campeche,0,0,0
2026,2,TPEA,enoe_2023,entidad,Campeche,59.74,0.521,12408
2005,1,TPEA,tradicional,entidad,Chiapas,56.84,0.684,10130
2005,2,TPEA,tradicional,entidad,Chiapas,59.04,0.753,10213
2005,3,TPEA,tradicional,entidad,Chiapas,59.02,0.679,10374
2005,4,TPEA,tradicional,entidad,Chiapas,56.86,0.802,10079
2006,1,TPEA,tradicional,entidad,Chiapas,56.37,0.696,10164
2006,2,TPEA,tradicional,entidad,Chiapas,56.21,0.619,10267
2006,3,TPEA,tradicional,entidad,Chiapas,56.54,0.589,10347
2006,4,TPEA,tradicional,entidad,Chiapas,56.57,0.5,10360
2007,1,TPEA,tradicional,entidad,Chiapas,56.27,0.634,10322
2007,2,TPEA,tradicional,entidad,Chiapas,57.16,0.652,10287
2007,3,TPEA,tradicional,entidad,Chiapas,56.17,0.718,10241
2007,4,TPEA,tradicional,entidad,Chiapas,57.88,0.702,10195
2008,1,TPEA,tradicional,entidad,Chiapas,56.81,0.711,10188
2008,2,TPEA,tradicional,entidad,Chiapas,56.21,0.675,10226
2008,3,TPEA,tradicional,entidad,Chiapas,57.43,0.555,10072
2008,4,TPEA,tradicional,entidad,Chiapas,55.47,0.584,10124
2009,1,TPEA,tradicional,entidad,Chiapas,57.03,0.552,10190
2009,2,TPEA,tradicional,entidad,Chiapas,57.21,0.63,10112
2009,3,TPEA,tradicional,entidad,Chiapas,58.34,0.655,10245
2009,4,TPEA,tradicional,entidad,Chiapas,58.35,0.663,10561
2010,1,TPEA,tradicional,entidad,Chiapas,57.98,0.64,10652
2010,2,TPEA,tradicional,entidad,Chiapas,58.4,0.638,10815
2010,3,TPEA,tradicional,entidad,Chiapas,57.86,0.767,10677
2010,4,TPEA,tradicional,entidad,Chiapas,55.75,0.592,10636
2011,1,TPEA,tradicional,entidad,Chiapas,57.65,0.716,10483
2011,2,TPEA,tradicional,entidad,Chiapas,58.64,0.611,10440
2011,3,TPEA,tradicional,entidad,Chiapas,57.78,0.582,10374
2011,4,TPEA,tradicional,entidad,Chiapas,57.86,0.566,10426
2012,1,TPEA,tradicional,entidad,Chiapas,57.92,0.807,10486
2012,2,TPEA,tradicional,entidad,Chiapas,59.25,0.702,10523
2012,3,TPEA,tradicional,entidad,Chiapas,57.4,0.639,10438
2012,4,TPEA,tradicional,entidad,Chiapas,55.76,0.581,10358
2013,1,TPEA,tradicional,entidad,Chiapas,57.03,0.749,10259
2013,2,TPEA,tradicional,entidad,Chiapas,57.06,0.619,10240
2013,3,TPEA,tradicional,entidad,Chiapas,57.17,0.789,10349
2013,4,TPEA,tradicional,entidad,Chiapas,57.31,0.683,10416
2014,1,TPEA,tradicional,entidad,Chiapas,57.03,0.587,10159
2014,2,TPEA,tradicional,entidad,Chiapas,55.83,0.741,10194
2014,3,TPEA,tradicional,entidad,Chiapas,55.08,0.684,10238
2014,4,TPEA,tradicional,entidad,Chiapas,54.72,0.776,10260
2015,1,TPEA,tradicional,entidad,Chiapas,55.69,0.725,10277
2015,2,TPEA,tradicional,entidad,Chiapas,55.47,0.571,10365
2015,3,TPEA,tradicional,entidad,Chiapas,56.27,0.761,10259
2015,4,TPEA,tradicional,entidad,Chiapas,57.36,0.654,10150
2016,1,TPEA,tradicional,entidad,Chiapas,56.68,0.799,10158
2016,2,TPEA,tradicional,entidad,Chiapas,54.79,0.676,10202
2016,3,TPEA,tradicional,entidad,Chiapas,56.91,0.716,9885
2016,4,TPEA,tradicional,entidad,Chiapas,54.42,0.752,10012
2017,1,TPEA,tradicional,entidad,Chiapas,56.05,0.642,10091
2017,2,TPEA,tradicional,entidad,Chiapas,53.14,0.679,10104
2017,3,TPEA,tradicional,entidad,Chiapas,54.24,0.62,9891
2017,4,TPEA,tradicional,entidad,Chiapas,52.35,0.67,9923
2018,1,TPEA,tradicional,entidad,Chiapas,54.18,0.614,9770
2018,2,TPEA,tradicional,entidad,Chiapas,52.87,0.615,9857
2018,3,TPEA,tradicional,entidad,Chiapas,54.09,0.704,9842
2018,4,TPEA,tradicional,entidad,Chiapas,53.03,0.644,10036
2019,1,TPEA,tradicional,entidad,Chiapas,53.5,0.635,10067
2019,2,TPEA,tradicional,entidad,Chiapas,56.65,0.816,10307
2019,3,TPEA,tradicional,entidad,Chiapas,56.56,0.662,10132
2019,4,TPEA,tradicional,entidad,Chiapas,57.04,0.826,9998
2020,1,TPEA,tradicional,entidad,Chiapas,56.33,0.832,14254
2020,3,TPEA,enoen,entidad,Chiapas,52.33,0.942,12219
2020,4,TPEA,enoen,entidad,Chiapas,54.3,0.758,14040
2021,1,TPEA,enoen,entidad,Chiapas,54.86,1.037,14544
2021,2,TPEA,enoen,entidad,Chiapas,57.25,1.06,14425
2021,3,TPEA,enoen,entidad,Chiapas,55.41,0.838,14943
2021,4,TPEA,enoen,entidad,Chiapas,57.19,0.786,15756
2022,1,TPEA,enoen,entidad,Chiapas,54.72,0.744,14777
2022,2,TPEA,enoen,entidad,Chiapas,55.13,0.783,14506
2022,3,TPEA,enoen,entidad,Chiapas,56.94,0.728,14555
2022,4,TPEA,enoen,entidad,Chiapas,56.66,0.7,14272
2023,1,TPEA,enoe_2023,entidad,Chiapas,56.64,0.677,15781
2023,2,TPEA,enoe_2023,entidad,Chiapas,56.06,0.694,15302
2023,3,TPEA,enoe_2023,entidad,Chiapas,56.6,0.713,15167
2023,4,TPEA,enoe_2023,entidad,Chiapas,56.7,0.727,14864
2024,1,TPEA,enoe_2023,entidad,Chiapas,55.8,0.834,14718
2024,2,TPEA,enoe_2023,entidad,Chiapas,54.44,0.769,14573
2024,3,TPEA,enoe_2023,entidad,Chiapas,53.75,0.694,14839
2024,4,TPEA,enoe_2023,entidad,Chiapas,54.13,0.657,15090
2025,1,TPEA,enoe_2023,entidad,Chiapas,54.68,0.781,15246
2025,2,TPEA,enoe_2023,entidad,Chiapas,53.58,0.727,15323
2025,3,TPEA,enoe_2023,entidad,Chiapas,54.88,0.819,15488
2025,4,TPEA,enoe_2023,entidad,Chiapas,53.52,0.737,15583
2026,1,TPEA,enoe_2023,entidad,Chiapas,0,0,0
2026,2,TPEA,enoe_2023,entidad,Chiapas,54.11,0.772,15666
2005,1,TPEA,tradicional,entidad,Chihuahua,55.1,0.902,7802
2005,2,TPEA,tradicional,entidad,Chihuahua,56.49,0.938,7973
2005,3,TPEA,tradicional,entidad,Chihuahua,58.39,0.863,7930
2005,4,TPEA,tradicional,entidad,Chihuahua,58.66,0.892,8081
2006,1,TPEA,tradicional,entidad,Chihuahua,58.65,0.793,8238
2006,2,TPEA,tradicional,entidad,Chihuahua,59.82,0.797,8223
2006,3,TPEA,tradicional,entidad,Chihuahua,59.54,0.822,8236
2006,4,TPEA,tradicional,entidad,Chihuahua,58.55,0.804,8207
2007,1,TPEA,tradicional,entidad,Chihuahua,58.88,0.74,8367
2007,2,TPEA,tradicional,entidad,Chihuahua,59.65,0.723,8396
2007,3,TPEA,tradicional,entidad,Chihuahua,59.04,0.82,8234
2007,4,TPEA,tradicional,entidad,Chihuahua,61.32,0.714,8249
2008,1,TPEA,tradicional,entidad,Chihuahua,60.2,0.848,8285
2008,2,TPEA,tradicional,entidad,Chihuahua,60.92,0.88,8074
2008,3,TPEA,tradicional,entidad,Chihuahua,60.67,0.915,8022
2008,4,TPEA,tradicional,entidad,Chihuahua,59.52,0.938,8029
2009,1,TPEA,tradicional,entidad,Chihuahua,57.74,0.882,7855
2009,2,TPEA,tradicional,entidad,Chihuahua,56.94,0.773,7981
2009,3,TPEA,tradicional,entidad,Chihuahua,58.65,0.839,8023
2009,4,TPEA,tradicional,entidad,Chihuahua,57.99,0.783,7998
2010,1,TPEA,tradicional,entidad,Chihuahua,56.49,0.858,8049
2010,2,TPEA,tradicional,entidad,Chihuahua,56.18,0.879,8059
2010,3,TPEA,tradicional,entidad,Chihuahua,56.35,0.84,7861
2010,4,TPEA,tradicional,entidad,Chihuahua,53.95,0.975,7730
2011,1,TPEA,tradicional,entidad,Chihuahua,53.83,1.164,7817
2011,2,TPEA,tradicional,entidad,Chihuahua,53.9,0.882,7874
2011,3,TPEA,tradicional,entidad,Chihuahua,54.5,1.092,7980
2011,4,TPEA,tradicional,entidad,Chihuahua,55.18,0.786,7937
2012,1,TPEA,tradicional,entidad,Chihuahua,54.47,1.008,8052
2012,2,TPEA,tradicional,entidad,Chihuahua,56.43,1.069,8034
2012,3,TPEA,tradicional,entidad,Chihuahua,57.34,1.063,8013
2012,4,TPEA,tradicional,entidad,Chihuahua,57.08,0.873,7917
2013,1,TPEA,tradicional,entidad,Chihuahua,57.19,1.049,7984
2013,2,TPEA,tradicional,entidad,Chihuahua,59.32,0.886,7930
2013,3,TPEA,tradicional,entidad,Chihuahua,58.57,0.735,8024
2013,4,TPEA,tradicional,entidad,Chihuahua,58.45,0.651,8161
2014,1,TPEA,tradicional,entidad,Chihuahua,57.78,0.638,8276
2014,2,TPEA,tradicional,entidad,Chihuahua,58.36,0.659,8285
2014,3,TPEA,tradicional,entidad,Chihuahua,58.99,0.724,8299
2014,4,TPEA,tradicional,entidad,Chihuahua,59.45,0.682,8311
2015,1,TPEA,tradicional,entidad,Chihuahua,58.11,0.669,8464
2015,2,TPEA,tradicional,entidad,Chihuahua,58.77,0.621,8496
2015,3,TPEA,tradicional,entidad,Chihuahua,59.23,0.584,8614
2015,4,TPEA,tradicional,entidad,Chihuahua,60.76,0.574,8502
2016,1,TPEA,tradicional,entidad,Chihuahua,58.48,0.612,8485
2016,2,TPEA,tradicional,entidad,Chihuahua,60.07,0.578,8476
2016,3,TPEA,tradicional,entidad,Chihuahua,61.56,0.631,8189
2016,4,TPEA,tradicional,entidad,Chihuahua,60.89,0.682,8262
2017,1,TPEA,tradicional,entidad,Chihuahua,59.53,0.683,8270
2017,2,TPEA,tradicional,entidad,Chihuahua,60.24,0.656,8181
2017,3,TPEA,tradicional,entidad,Chihuahua,59.98,0.732,7924
2017,4,TPEA,tradicional,entidad,Chihuahua,60.92,0.719,8024
2018,1,TPEA,tradicional,entidad,Chihuahua,60.69,0.776,7988
2018,2,TPEA,tradicional,entidad,Chihuahua,62.42,0.678,7971
2018,3,TPEA,tradicional,entidad,Chihuahua,62.81,0.72,7899
2018,4,TPEA,tradicional,entidad,Chihuahua,63.3,0.706,8007
2019,1,TPEA,tradicional,entidad,Chihuahua,60.07,0.64,11318
2019,2,TPEA,tradicional,entidad,Chihuahua,61.45,0.528,11378
2019,3,TPEA,tradicional,entidad,Chihuahua,62.06,0.611,11265
2019,4,TPEA,tradicional,entidad,Chihuahua,61.99,0.506,11273
2020,1,TPEA,tradicional,entidad,Chihuahua,61.62,0.609,11309
2020,3,TPEA,enoen,entidad,Chihuahua,60.62,0.61,10115
2020,4,TPEA,enoen,entidad,Chihuahua,59.94,0.62,9641
2021,1,TPEA,enoen,entidad,Chihuahua,58.58,0.584,10980
2021,2,TPEA,enoen,entidad,Chihuahua,60.41,0.596,10810
2021,3,TPEA,enoen,entidad,Chihuahua,61.39,0.573,12099
2021,4,TPEA,enoen,entidad,Chihuahua,61.59,0.554,12116
2022,1,TPEA,enoen,entidad,Chihuahua,59.97,0.566,11337
2022,2,TPEA,enoen,entidad,Chihuahua,62.15,0.611,11263
2022,3,TPEA,enoen,entidad,Chihuahua,62.17,0.55,11356
2022,4,TPEA,enoen,entidad,Chihuahua,62.62,0.58,11184
2023,1,TPEA,enoe_2023,entidad,Chihuahua,60.7,0.536,12473
2023,2,TPEA,enoe_2023,entidad,Chihuahua,62.34,0.574,11911
2023,3,TPEA,enoe_2023,entidad,Chihuahua,62.54,0.634,12037
2023,4,TPEA,enoe_2023,entidad,Chihuahua,62.18,0.561,11962
2024,1,TPEA,enoe_2023,entidad,Chihuahua,60.06,0.648,11940
2024,2,TPEA,enoe_2023,entidad,Chihuahua,61.62,0.559,11859
2024,3,TPEA,enoe_2023,entidad,Chihuahua,61.59,0.504,11950
2024,4,TPEA,enoe_2023,entidad,Chihuahua,61.96,0.525,11762
2025,1,TPEA,enoe_2023,entidad,Chihuahua,59.59,0.567,11659
2025,2,TPEA,enoe_2023,entidad,Chihuahua,62.02,0.595,12070
2025,3,TPEA,enoe_2023,entidad,Chihuahua,59.99,0.6,11846
2025,4,TPEA,enoe_2023,entidad,Chihuahua,60.25,0.583,11604
2026,1,TPEA,enoe_2023,entidad,Chihuahua,0,0,0
2026,2,TPEA,enoe_2023,entidad,Chihuahua,60.32,0.678,11593
2005,1,TPEA,tradicional,entidad,Ciudad de México,59.43,0.578,8034
2005,2,TPEA,tradicional,entidad,Ciudad de México,59.83,0.561,8033
2005,3,TPEA,tradicional,entidad,Ciudad de México,60.4,0.546,7864
2005,4,TPEA,tradicional,entidad,Ciudad de México,61.43,0.556,7936
2006,1,TPEA,tradicional,entidad,Ciudad de México,61.93,0.593,7953
2006,2,TPEA,tradicional,entidad,Ciudad de México,61.72,0.597,7691
2006,3,TPEA,tradicional,entidad,Ciudad de México,63.51,0.593,7786
2006,4,TPEA,tradicional,entidad,Ciudad de México,62.65,0.604,7749
2007,1,TPEA,tradicional,entidad,Ciudad de México,62.72,0.586,7871
2007,2,TPEA,tradicional,entidad,Ciudad de México,61.75,0.567,7861
2007,3,TPEA,tradicional,entidad,Ciudad de México,62.3,0.609,7753
2007,4,TPEA,tradicional,entidad,Ciudad de México,62.57,0.603,7735
2008,1,TPEA,tradicional,entidad,Ciudad de México,61.8,0.612,7749
2008,2,TPEA,tradicional,entidad,Ciudad de México,62.44,0.575,7740
2008,3,TPEA,tradicional,entidad,Ciudad de México,61.24,0.609,7653
2008,4,TPEA,tradicional,entidad,Ciudad de México,60.17,0.611,7509
2009,1,TPEA,tradicional,entidad,Ciudad de México,60.27,0.619,7607
2009,2,TPEA,tradicional,entidad,Ciudad de México,60.49,0.599,7549
2009,3,TPEA,tradicional,entidad,Ciudad de México,61.89,0.6,7440
2009,4,TPEA,tradicional,entidad,Ciudad de México,60.35,0.574,7430
2010,1,TPEA,tradicional,entidad,Ciudad de México,60.36,0.56,7519
2010,2,TPEA,tradicional,entidad,Ciudad de México,61.11,0.596,7600
2010,3,TPEA,tradicional,entidad,Ciudad de México,61.87,0.593,7574
2010,4,TPEA,tradicional,entidad,Ciudad de México,60.25,0.606,7406
2011,1,TPEA,tradicional,entidad,Ciudad de México,60.28,0.639,7413
2011,2,TPEA,tradicional,entidad,Ciudad de México,60.93,0.601,7333
2011,3,TPEA,tradicional,entidad,Ciudad de México,62.68,0.597,7399
2011,4,TPEA,tradicional,entidad,Ciudad de México,63.21,0.595,7464
2012,1,TPEA,tradicional,entidad,Ciudad de México,62.71,0.611,7428
2012,2,TPEA,tradicional,entidad,Ciudad de México,64.2,0.616,7475
2012,3,TPEA,tradicional,entidad,Ciudad de México,64.11,0.588,7582
2012,4,TPEA,tradicional,entidad,Ciudad de México,64.31,0.585,7459
2013,1,TPEA,tradicional,entidad,Ciudad de México,62.83,0.606,7564
2013,2,TPEA,tradicional,entidad,Ciudad de México,62.3,0.576,7683
2013,3,TPEA,tradicional,entidad,Ciudad de México,62.71,0.626,7667
2013,4,TPEA,tradicional,entidad,Ciudad de México,62.55,0.63,7719
2014,1,TPEA,tradicional,entidad,Ciudad de México,60.78,0.575,7893
2014,2,TPEA,tradicional,entidad,Ciudad de México,61.58,0.575,7769
2014,3,TPEA,tradicional,entidad,Ciudad de México,62.03,0.592,7640
2014,4,TPEA,tradicional,entidad,Ciudad de México,61.02,0.666,7574
2015,1,TPEA,tradicional,entidad,Ciudad de México,60.05,0.65,7572
2015,2,TPEA,tradicional,entidad,Ciudad de México,61.04,0.683,7521
2015,3,TPEA,tradicional,entidad,Ciudad de México,62.71,0.675,7639
2015,4,TPEA,tradicional,entidad,Ciudad de México,61.5,0.69,7311
2016,1,TPEA,tradicional,entidad,Ciudad de México,61.66,0.616,7485
2016,2,TPEA,tradicional,entidad,Ciudad de México,61.06,0.636,7581
2016,3,TPEA,tradicional,entidad,Ciudad de México,62.14,0.644,7441
2016,4,TPEA,tradicional,entidad,Ciudad de México,61.27,0.622,7577
2017,1,TPEA,tradicional,entidad,Ciudad de México,60.58,0.611,7676
2017,2,TPEA,tradicional,entidad,Ciudad de México,60.06,0.637,7656
2017,3,TPEA,tradicional,entidad,Ciudad de México,61.52,0.641,7387
2017,4,TPEA,tradicional,entidad,Ciudad de México,60.27,0.666,7387
2018,1,TPEA,tradicional,entidad,Ciudad de México,60.69,0.663,7419
2018,2,TPEA,tradicional,entidad,Ciudad de México,62.46,0.66,7392
2018,3,TPEA,tradicional,entidad,Ciudad de México,62.41,0.621,7510
2018,4,TPEA,tradicional,entidad,Ciudad de México,61.71,0.656,7422
2019,1,TPEA,tradicional,entidad,Ciudad de México,61.63,0.612,7527
2019,2,TPEA,tradicional,entidad,Ciudad de México,62.43,0.624,7626
2019,3,TPEA,tradicional,entidad,Ciudad de México,62.51,0.639,7664
2019,4,TPEA,tradicional,entidad,Ciudad de México,62.36,0.596,7646
2020,1,TPEA,tradicional,entidad,Ciudad de México,60.96,0.669,7644
2020,3,TPEA,enoen,entidad,Ciudad de México,50.87,0.897,7888
2020,4,TPEA,enoen,entidad,Ciudad de México,54.34,0.856,7372
2021,1,TPEA,enoen,entidad,Ciudad de México,53.9,0.787,6712
2021,2,TPEA,enoen,entidad,Ciudad de México,57.2,0.822,6660
2021,3,TPEA,enoen,entidad,Ciudad de México,60.63,0.691,7783
2021,4,TPEA,enoen,entidad,Ciudad de México,60.92,0.704,7745
2022,1,TPEA,enoen,entidad,Ciudad de México,60.08,0.709,7232
2022,2,TPEA,enoen,entidad,Ciudad de México,61.49,0.685,7308
2022,3,TPEA,enoen,entidad,Ciudad de México,61.04,0.691,7278
2022,4,TPEA,enoen,entidad,Ciudad de México,62.63,0.699,7048
2023,1,TPEA,enoe_2023,entidad,Ciudad de México,61.9,0.692,7864
2023,2,TPEA,enoe_2023,entidad,Ciudad de México,62.34,0.676,7605
2023,3,TPEA,enoe_2023,entidad,Ciudad de México,62.15,0.698,7706
2023,4,TPEA,enoe_2023,entidad,Ciudad de México,61.08,0.705,7724
2024,1,TPEA,enoe_2023,entidad,Ciudad de México,61.4,0.684,7864
2024,2,TPEA,enoe_2023,entidad,Ciudad de México,62.85,0.698,8101
2024,3,TPEA,enoe_2023,entidad,Ciudad de México,63.46,0.689,8048
2024,4,TPEA,enoe_2023,entidad,Ciudad de México,65.2,0.625,8203
2025,1,TPEA,enoe_2023,entidad,Ciudad de México,63.21,0.674,8047
2025,2,TPEA,enoe_2023,entidad,Ciudad de México,63.85,0.668,8021
2025,3,TPEA,enoe_2023,entidad,Ciudad de México,62.9,0.67,8057
2025,4,TPEA,enoe_2023,entidad,Ciudad de México,62.81,0.684,7889
2026,1,TPEA,enoe_2023,entidad,Ciudad de México,0,0,0
2026,2,TPEA,enoe_2023,entidad,Ciudad de México,62.86,0.69,7896
2005,1,TPEA,tradicional,entidad,Coahuila de Zaragoza,57.19,0.609,8864
2005,2,TPEA,tradicional,entidad,Coahuila de Zaragoza,57.67,0.703,8955
2005,3,TPEA,tradicional,entidad,Coahuila de Zaragoza,56.24,0.609,9115
2005,4,TPEA,tradicional,entidad,Coahuila de Zaragoza,57.07,0.569,9260
2006,1,TPEA,tradicional,entidad,Coahuila de Zaragoza,58.68,0.715,9167
2006,2,TPEA,tradicional,entidad,Coahuila de Zaragoza,59.77,0.721,9261
2006,3,TPEA,tradicional,entidad,Coahuila de Zaragoza,60.17,0.683,9379
2006,4,TPEA,tradicional,entidad,Coahuila de Zaragoza,60.36,0.671,9237
2007,1,TPEA,tradicional,entidad,Coahuila de Zaragoza,59.88,0.71,9324
2007,2,TPEA,tradicional,entidad,Coahuila de Zaragoza,59.74,0.674,9291
2007,3,TPEA,tradicional,entidad,Coahuila de Zaragoza,59.48,0.63,9422
2007,4,TPEA,tradicional,entidad,Coahuila de Zaragoza,61.62,0.625,9440
2008,1,TPEA,tradicional,entidad,Coahuila de Zaragoza,61.34,0.672,9331
2008,2,TPEA,tradicional,entidad,Coahuila de Zaragoza,60.86,0.653,9256
2008,3,TPEA,tradicional,entidad,Coahuila de Zaragoza,60.37,0.677,9066
2008,4,TPEA,tradicional,entidad,Coahuila de Zaragoza,59.76,0.65,9057
2009,1,TPEA,tradicional,entidad,Coahuila de Zaragoza,60.47,0.689,9073
2009,2,TPEA,tradicional,entidad,Coahuila de Zaragoza,59.31,0.636,9053
2009,3,TPEA,tradicional,entidad,Coahuila de Zaragoza,60.54,0.718,8931
2009,4,TPEA,tradicional,entidad,Coahuila de Zaragoza,61,0.672,9002
2010,1,TPEA,tradicional,entidad,Coahuila de Zaragoza,59.8,0.699,9024
2010,2,TPEA,tradicional,entidad,Coahuila de Zaragoza,59.64,0.643,9083
2010,3,TPEA,tradicional,entidad,Coahuila de Zaragoza,58.56,0.627,9065
2010,4,TPEA,tradicional,entidad,Coahuila de Zaragoza,58.11,0.713,8954
2011,1,TPEA,tradicional,entidad,Coahuila de Zaragoza,57.42,0.611,8971
2011,2,TPEA,tradicional,entidad,Coahuila de Zaragoza,59.83,0.727,9031
2011,3,TPEA,tradicional,entidad,Coahuila de Zaragoza,61.26,0.621,8994
2011,4,TPEA,tradicional,entidad,Coahuila de Zaragoza,61.46,0.66,8840
2012,1,TPEA,tradicional,entidad,Coahuila de Zaragoza,59.72,0.699,8920
2012,2,TPEA,tradicional,entidad,Coahuila de Zaragoza,61.38,0.677,8771
2012,3,TPEA,tradicional,entidad,Coahuila de Zaragoza,62.38,0.666,8829
2012,4,TPEA,tradicional,entidad,Coahuila de Zaragoza,60.16,0.83,8682
2013,1,TPEA,tradicional,entidad,Coahuila de Zaragoza,59.57,0.843,8799
2013,2,TPEA,tradicional,entidad,Coahuila de Zaragoza,62.12,0.73,8788
2013,3,TPEA,tradicional,entidad,Coahuila de Zaragoza,62.51,0.592,8874
2013,4,TPEA,tradicional,entidad,Coahuila de Zaragoza,61.83,0.678,8883
2014,1,TPEA,tradicional,entidad,Coahuila de Zaragoza,60.2,0.647,8929
2014,2,TPEA,tradicional,entidad,Coahuila de Zaragoza,61.87,0.668,8957
2014,3,TPEA,tradicional,entidad,Coahuila de Zaragoza,62.27,0.668,9024
2014,4,TPEA,tradicional,entidad,Coahuila de Zaragoza,61.62,0.668,8979
2015,1,TPEA,tradicional,entidad,Coahuila de Zaragoza,60.94,0.713,8950
2015,2,TPEA,tradicional,entidad,Coahuila de Zaragoza,61.23,0.603,8920
2015,3,TPEA,tradicional,entidad,Coahuila de Zaragoza,61.02,0.681,8951
2015,4,TPEA,tradicional,entidad,Coahuila de Zaragoza,60.94,0.684,8954
2016,1,TPEA,tradicional,entidad,Coahuila de Zaragoza,60.85,0.643,8928
2016,2,TPEA,tradicional,entidad,Coahuila de Zaragoza,60.9,0.64,8928
2016,3,TPEA,tradicional,entidad,Coahuila de Zaragoza,63.24,0.648,8821
2016,4,TPEA,tradicional,entidad,Coahuila de Zaragoza,62.64,0.653,8829
2017,1,TPEA,tradicional,entidad,Coahuila de Zaragoza,62.72,0.619,8775
2017,2,TPEA,tradicional,entidad,Coahuila de Zaragoza,62.33,0.595,12281
2017,3,TPEA,tradicional,entidad,Coahuila de Zaragoza,60.72,0.585,12147
2017,4,TPEA,tradicional,entidad,Coahuila de Zaragoza,60.33,0.582,11984
2018,1,TPEA,tradicional,entidad,Coahuila de Zaragoza,60.8,0.547,12118
2018,2,TPEA,tradicional,entidad,Coahuila de Zaragoza,61.65,0.548,12375
2018,3,TPEA,tradicional,entidad,Coahuila de Zaragoza,60.57,0.567,12227
2018,4,TPEA,tradicional,entidad,Coahuila de Zaragoza,60.82,0.562,12252
2019,1,TPEA,tradicional,entidad,Coahuila de Zaragoza,59.76,0.543,12226
2019,2,TPEA,tradicional,entidad,Coahuila de Zaragoza,61.16,0.529,12330
2019,3,TPEA,tradicional,entidad,Coahuila de Zaragoza,61.04,0.616,12473
2019,4,TPEA,tradicional,entidad,Coahuila de Zaragoza,60.23,0.551,12442
2020,1,TPEA,tradicional,entidad,Coahuila de Zaragoza,59.16,0.559,12393
2020,3,TPEA,enoen,entidad,Coahuila de Zaragoza,58.11,0.786,8784
2020,4,TPEA,enoen,entidad,Coahuila de Zaragoza,59.61,0.717,9831
2021,1,TPEA,enoen,entidad,Coahuila de Zaragoza,59.31,0.634,9650
2021,2,TPEA,enoen,entidad,Coahuila de Zaragoza,60.85,0.624,11783
2021,3,TPEA,enoen,entidad,Coahuila de Zaragoza,61.02,0.564,12381
2021,4,TPEA,enoen,entidad,Coahuila de Zaragoza,60.71,0.613,12900
2022,1,TPEA,enoen,entidad,Coahuila de Zaragoza,60.4,0.552,11864
2022,2,TPEA,enoen,entidad,Coahuila de Zaragoza,61.29,0.538,12108
2022,3,TPEA,enoen,entidad,Coahuila de Zaragoza,60.92,0.549,11943
2022,4,TPEA,enoen,entidad,Coahuila de Zaragoza,61.9,0.579,11909
2023,1,TPEA,enoe_2023,entidad,Coahuila de Zaragoza,60.96,0.537,13179
2023,2,TPEA,enoe_2023,entidad,Coahuila de Zaragoza,62.07,0.548,12692
2023,3,TPEA,enoe_2023,entidad,Coahuila de Zaragoza,60.69,0.575,12732
2023,4,TPEA,enoe_2023,entidad,Coahuila de Zaragoza,61.97,0.55,12677
2024,1,TPEA,enoe_2023,entidad,Coahuila de Zaragoza,60.09,0.57,12727
2024,2,TPEA,enoe_2023,entidad,Coahuila de Zaragoza,61.46,0.551,12727
2024,3,TPEA,enoe_2023,entidad,Coahuila de Zaragoza,61.09,0.612,12349
2024,4,TPEA,enoe_2023,entidad,Coahuila de Zaragoza,60.02,0.711,12262
2025,1,TPEA,enoe_2023,entidad,Coahuila de Zaragoza,59.37,0.654,12319
2025,2,TPEA,enoe_2023,entidad,Coahuila de Zaragoza,60.85,0.641,12422
2025,3,TPEA,enoe_2023,entidad,Coahuila de Zaragoza,59.14,0.612,12356
2025,4,TPEA,enoe_2023,entidad,Coahuila de Zaragoza,59.66,0.762,12243
2026,1,TPEA,enoe_2023,entidad,Coahuila de Zaragoza,0,0,0
2026,2,TPEA,enoe_2023,entidad,Coahuila de Zaragoza,60.19,0.598,12436
2005,1,TPEA,tradicional,entidad,Colima,62.66,0.734,7897
2005,2,TPEA,tradicional,entidad,Colima,63.56,0.695,8020
2005,3,TPEA,tradicional,entidad,Colima,63.77,0.651,8158
2005,4,TPEA,tradicional,entidad,Colima,64.75,0.611,8218
2006,1,TPEA,tradicional,entidad,Colima,64.82,0.709,8259
2006,2,TPEA,tradicional,entidad,Colima,65.17,0.614,8118
2006,3,TPEA,tradicional,entidad,Colima,65.04,0.723,8128
2006,4,TPEA,tradicional,entidad,Colima,63.79,0.832,8033
2007,1,TPEA,tradicional,entidad,Colima,63.23,0.609,8132
2007,2,TPEA,tradicional,entidad,Colima,62.52,0.655,8005
2007,3,TPEA,tradicional,entidad,Colima,63.41,0.658,8042
2007,4,TPEA,tradicional,entidad,Colima,64.42,0.722,8062
2008,1,TPEA,tradicional,entidad,Colima,65.57,0.539,8003
2008,2,TPEA,tradicional,entidad,Colima,66.74,0.572,7826
2008,3,TPEA,tradicional,entidad,Colima,67.87,0.61,7890
2008,4,TPEA,tradicional,entidad,Colima,66.29,0.625,7851
2009,1,TPEA,tradicional,entidad,Colima,66.65,0.627,7805
2009,2,TPEA,tradicional,entidad,Colima,65.8,0.614,7777
2009,3,TPEA,tradicional,entidad,Colima,67.05,0.648,7777
2009,4,TPEA,tradicional,entidad,Colima,65.28,0.644,7787
2010,1,TPEA,tradicional,entidad,Colima,65.14,0.596,7822
2010,2,TPEA,tradicional,entidad,Colima,65.73,0.678,7882
2010,3,TPEA,tradicional,entidad,Colima,66.43,0.654,7913
2010,4,TPEA,tradicional,entidad,Colima,64.34,0.643,7888
2011,1,TPEA,tradicional,entidad,Colima,63.58,0.722,7798
2011,2,TPEA,tradicional,entidad,Colima,66.11,0.654,7853
2011,3,TPEA,tradicional,entidad,Colima,66.96,0.684,7890
2011,4,TPEA,tradicional,entidad,Colima,66.41,0.705,7937
2012,1,TPEA,tradicional,entidad,Colima,66.79,0.695,7975
2012,2,TPEA,tradicional,entidad,Colima,67.83,0.612,7862
2012,3,TPEA,tradicional,entidad,Colima,69.31,0.597,7784
2012,4,TPEA,tradicional,entidad,Colima,66.89,0.606,7670
2013,1,TPEA,tradicional,entidad,Colima,67.31,0.636,7622
2013,2,TPEA,tradicional,entidad,Colima,67.44,0.682,7558
2013,3,TPEA,tradicional,entidad,Colima,67.29,0.575,7576
2013,4,TPEA,tradicional,entidad,Colima,69.25,0.59,7669
2014,1,TPEA,tradicional,entidad,Colima,66.76,0.634,7809
2014,2,TPEA,tradicional,entidad,Colima,67.47,0.578,7760
2014,3,TPEA,tradicional,entidad,Colima,68.66,0.601,7928
2014,4,TPEA,tradicional,entidad,Colima,68.21,0.594,8048
2015,1,TPEA,tradicional,entidad,Colima,67.43,0.645,7976
2015,2,TPEA,tradicional,entidad,Colima,66.83,0.619,8035
2015,3,TPEA,tradicional,entidad,Colima,66.69,0.663,7881
2015,4,TPEA,tradicional,entidad,Colima,66.46,0.601,7801
2016,1,TPEA,tradicional,entidad,Colima,67,0.634,7730
2016,2,TPEA,tradicional,entidad,Colima,67.12,0.637,7737
2016,3,TPEA,tradicional,entidad,Colima,67.17,0.622,7666
2016,4,TPEA,tradicional,entidad,Colima,66.32,0.68,7636
2017,1,TPEA,tradicional,entidad,Colima,67.63,0.614,7652
2017,2,TPEA,tradicional,entidad,Colima,66.46,0.647,7743
2017,3,TPEA,tradicional,entidad,Colima,65.97,0.723,7629
2017,4,TPEA,tradicional,entidad,Colima,66.95,0.695,7665
2018,1,TPEA,tradicional,entidad,Colima,66.74,0.685,7686
2018,2,TPEA,tradicional,entidad,Colima,66.61,0.641,7686
2018,3,TPEA,tradicional,entidad,Colima,66,0.708,7653
2018,4,TPEA,tradicional,entidad,Colima,67.37,0.664,7666
2019,1,TPEA,tradicional,entidad,Colima,66.89,0.621,7746
2019,2,TPEA,tradicional,entidad,Colima,66.1,0.637,7812
2019,3,TPEA,tradicional,entidad,Colima,67.18,0.662,7634
2019,4,TPEA,tradicional,entidad,Colima,66.55,0.671,7649
2020,1,TPEA,tradicional,entidad,Colima,66.35,0.697,7627
2020,3,TPEA,enoen,entidad,Colima,60,1.06,8156
2020,4,TPEA,enoen,entidad,Colima,61.15,0.888,8432
2021,1,TPEA,enoen,entidad,Colima,63.64,0.899,7505
2021,2,TPEA,enoen,entidad,Colima,66.42,0.896,6815
2021,3,TPEA,enoen,entidad,Colima,66.89,0.797,6687
2021,4,TPEA,enoen,entidad,Colima,67.94,0.764,6789
2022,1,TPEA,enoen,entidad,Colima,65.58,0.811,6394
2022,2,TPEA,enoen,entidad,Colima,66.72,0.672,7310
2022,3,TPEA,enoen,entidad,Colima,66.29,0.733,7129
2022,4,TPEA,enoen,entidad,Colima,65.43,0.692,7144
2023,1,TPEA,enoe_2023,entidad,Colima,66.25,0.643,8326
2023,2,TPEA,enoe_2023,entidad,Colima,65.59,0.677,7887
2023,3,TPEA,enoe_2023,entidad,Colima,67.1,0.727,7795
2023,4,TPEA,enoe_2023,entidad,Colima,66.64,0.809,7921
2024,1,TPEA,enoe_2023,entidad,Colima,67.17,0.989,7771
2024,2,TPEA,enoe_2023,entidad,Colima,65.39,1.313,7746
2024,3,TPEA,enoe_2023,entidad,Colima,66.9,0.927,7997
2024,4,TPEA,enoe_2023,entidad,Colima,65.43,0.942,8025
2025,1,TPEA,enoe_2023,entidad,Colima,66,0.679,8217
2025,2,TPEA,enoe_2023,entidad,Colima,65.64,0.676,8160
2025,3,TPEA,enoe_2023,entidad,Colima,67.01,0.63,8179
2025,4,TPEA,enoe_2023,entidad,Colima,66.87,0.615,8264
2026,1,TPEA,enoe_2023,entidad,Colima,0,0,0
2026,2,TPEA,enoe_2023,entidad,Colima,65.48,0.609,8136
2005,1,TPEA,tradicional,entidad,Durango,55.73,0.743,8241
2005,2,TPEA,tradicional,entidad,Durango,55,0.781,8133
2005,3,TPEA,tradicional,entidad,Durango,55.73,0.783,8092
2005,4,TPEA,tradicional,entidad,Durango,55.18,0.764,8195
2006,1,TPEA,tradicional,entidad,Durango,54.91,0.816,8275
2006,2,TPEA,tradicional,entidad,Durango,54.62,0.868,8251
2006,3,TPEA,tradicional,entidad,Durango,54.8,0.865,8229
2006,4,TPEA,tradicional,entidad,Durango,55.17,0.725,8326
2007,1,TPEA,tradicional,entidad,Durango,55.85,0.856,8336
2007,2,TPEA,tradicional,entidad,Durango,55.12,0.717,8332
2007,3,TPEA,tradicional,entidad,Durango,56.26,0.753,8364
2007,4,TPEA,tradicional,entidad,Durango,57.6,0.71,8276
2008,1,TPEA,tradicional,entidad,Durango,55.91,0.676,8298
2008,2,TPEA,tradicional,entidad,Durango,55.54,0.632,8265
2008,3,TPEA,tradicional,entidad,Durango,55.71,0.869,8226
2008,4,TPEA,tradicional,entidad,Durango,56.85,1.403,8196
2009,1,TPEA,tradicional,entidad,Durango,56.03,1.404,8234
2009,2,TPEA,tradicional,entidad,Durango,55.66,1.3,8238
2009,3,TPEA,tradicional,entidad,Durango,55.4,0.944,8287
2009,4,TPEA,tradicional,entidad,Durango,56.34,0.649,8285
2010,1,TPEA,tradicional,entidad,Durango,55.78,0.722,8201
2010,2,TPEA,tradicional,entidad,Durango,55.62,0.918,8265
2010,3,TPEA,tradicional,entidad,Durango,56.21,0.8,8349
2010,4,TPEA,tradicional,entidad,Durango,55.8,1.037,8182
2011,1,TPEA,tradicional,entidad,Durango,54.32,1.064,8170
2011,2,TPEA,tradicional,entidad,Durango,56.8,1.088,8125
2011,3,TPEA,tradicional,entidad,Durango,56.45,0.865,8238
2011,4,TPEA,tradicional,entidad,Durango,59.29,0.761,8394
2012,1,TPEA,tradicional,entidad,Durango,57.94,0.895,8374
2012,2,TPEA,tradicional,entidad,Durango,56.69,1.057,8352
2012,3,TPEA,tradicional,entidad,Durango,58.06,0.83,8316
2012,4,TPEA,tradicional,entidad,Durango,59.21,0.987,8308
2013,1,TPEA,tradicional,entidad,Durango,57.55,0.658,8396
2013,2,TPEA,tradicional,entidad,Durango,59.28,0.638,8389
2013,3,TPEA,tradicional,entidad,Durango,59.64,0.686,8290
2013,4,TPEA,tradicional,entidad,Durango,58.94,0.618,8209
2014,1,TPEA,tradicional,entidad,Durango,57.48,0.723,8246
2014,2,TPEA,tradicional,entidad,Durango,57.5,0.759,8227
2014,3,TPEA,tradicional,entidad,Durango,58.95,0.643,8314
2014,4,TPEA,tradicional,entidad,Durango,59.85,0.653,8246
2015,1,TPEA,tradicional,entidad,Durango,59.29,0.677,8223
2015,2,TPEA,tradicional,entidad,Durango,60.23,0.607,8328
2015,3,TPEA,tradicional,entidad,Durango,61.72,0.765,8276
2015,4,TPEA,tradicional,entidad,Durango,61.83,0.793,8219
2016,1,TPEA,tradicional,entidad,Durango,60.66,0.712,8219
2016,2,TPEA,tradicional,entidad,Durango,62.35,0.762,8225
2016,3,TPEA,tradicional,entidad,Durango,61.38,0.776,8085
2016,4,TPEA,tradicional,entidad,Durango,61.37,0.721,8046
2017,1,TPEA,tradicional,entidad,Durango,58.4,0.714,8161
2017,2,TPEA,tradicional,entidad,Durango,60.08,0.595,9857
2017,3,TPEA,tradicional,entidad,Durango,60.72,0.613,9843
2017,4,TPEA,tradicional,entidad,Durango,60.13,0.669,9803
2018,1,TPEA,tradicional,entidad,Durango,59.46,0.635,9819
2018,2,TPEA,tradicional,entidad,Durango,60.67,0.588,9862
2018,3,TPEA,tradicional,entidad,Durango,60.1,0.641,9907
2018,4,TPEA,tradicional,entidad,Durango,60.67,0.543,9928
2019,1,TPEA,tradicional,entidad,Durango,60.5,0.598,9969
2019,2,TPEA,tradicional,entidad,Durango,60.22,0.524,9880
2019,3,TPEA,tradicional,entidad,Durango,60.33,0.619,9787
2019,4,TPEA,tradicional,entidad,Durango,60.08,0.554,9797
2020,1,TPEA,tradicional,entidad,Durango,58.83,0.615,9690
2020,3,TPEA,enoen,entidad,Durango,58.49,0.753,7188
2020,4,TPEA,enoen,entidad,Durango,58.83,0.711,7138
2021,1,TPEA,enoen,entidad,Durango,58.75,0.691,8117
2021,2,TPEA,enoen,entidad,Durango,61.39,0.609,9452
2021,3,TPEA,enoen,entidad,Durango,61.88,0.582,10304
2021,4,TPEA,enoen,entidad,Durango,61.01,0.551,10264
2022,1,TPEA,enoen,entidad,Durango,59.8,0.685,9518
2022,2,TPEA,enoen,entidad,Durango,60.77,0.675,9554
2022,3,TPEA,enoen,entidad,Durango,61.9,0.536,9331
2022,4,TPEA,enoen,entidad,Durango,59.44,0.585,9242
2023,1,TPEA,enoe_2023,entidad,Durango,59.77,0.557,10685
2023,2,TPEA,enoe_2023,entidad,Durango,60.64,0.573,10065
2023,3,TPEA,enoe_2023,entidad,Durango,60.77,0.647,9927
2023,4,TPEA,enoe_2023,entidad,Durango,60.88,0.636,9951
2024,1,TPEA,enoe_2023,entidad,Durango,59.9,0.605,10142
2024,2,TPEA,enoe_2023,entidad,Durango,59.91,0.56,9993
2024,3,TPEA,enoe_2023,entidad,Durango,61.08,0.542,10084
2024,4,TPEA,enoe_2023,entidad,Durango,61,0.535,10075
2025,1,TPEA,enoe_2023,entidad,Durango,59.85,0.604,10170
2025,2,TPEA,enoe_2023,entidad,Durango,60.77,0.535,10083
2025,3,TPEA,enoe_2023,entidad,Durango,60.68,0.519,10197
2025,4,TPEA,enoe_2023,entidad,Durango,60.55,0.529,10259
2026,1,TPEA,enoe_2023,entidad,Durango,59.78,0.635,10304
2026,2,TPEA,enoe_2023,entidad,Durango,60.73,0.654,10150
2005,1,TPEA,tradicional,entidad,Guanajuato,58.57,0.709,12160
2005,2,TPEA,tradicional,entidad,Guanajuato,56.7,0.709,12168
2005,3,TPEA,tradicional,entidad,Guanajuato,58.62,0.658,12246
2005,4,TPEA,tradicional,entidad,Guanajuato,58.89,0.669,12408
2006,1,TPEA,tradicional,entidad,Guanajuato,57.5,0.764,12374
2006,2,TPEA,tradicional,entidad,Guanajuato,58.23,0.748,12334
2006,3,TPEA,tradicional,entidad,Guanajuato,59.63,0.716,12440
2006,4,TPEA,tradicional,entidad,Guanajuato,58.6,0.742,12628
2007,1,TPEA,tradicional,entidad,Guanajuato,56.77,0.764,12664
2007,2,TPEA,tradicional,entidad,Guanajuato,57.82,0.826,12702
2007,3,TPEA,tradicional,entidad,Guanajuato,57.75,0.734,12829
2007,4,TPEA,tradicional,entidad,Guanajuato,58.27,0.714,12925
2008,1,TPEA,tradicional,entidad,Guanajuato,56.53,0.864,12911
2008,2,TPEA,tradicional,entidad,Guanajuato,57.86,0.815,12998
2008,3,TPEA,tradicional,entidad,Guanajuato,58.11,0.869,12755
2008,4,TPEA,tradicional,entidad,Guanajuato,58.27,0.754,12538
2009,1,TPEA,tradicional,entidad,Guanajuato,56.94,0.789,12761
2009,2,TPEA,tradicional,entidad,Guanajuato,56.64,0.847,12640
2009,3,TPEA,tradicional,entidad,Guanajuato,59.41,0.826,12413
2009,4,TPEA,tradicional,entidad,Guanajuato,58.72,0.834,12628
2010,1,TPEA,tradicional,entidad,Guanajuato,57.38,0.762,12448
2010,2,TPEA,tradicional,entidad,Guanajuato,58.66,0.811,12531
2010,3,TPEA,tradicional,entidad,Guanajuato,58.88,0.684,12558
2010,4,TPEA,tradicional,entidad,Guanajuato,58.44,0.713,12602
2011,1,TPEA,tradicional,entidad,Guanajuato,57.48,0.756,12672
2011,2,TPEA,tradicional,entidad,Guanajuato,58.25,0.773,12716
2011,3,TPEA,tradicional,entidad,Guanajuato,59.54,0.741,12598
2011,4,TPEA,tradicional,entidad,Guanajuato,60.12,0.853,12675
2012,1,TPEA,tradicional,entidad,Guanajuato,59.03,0.878,12568
2012,2,TPEA,tradicional,entidad,Guanajuato,61.61,0.734,12498
2012,3,TPEA,tradicional,entidad,Guanajuato,62.82,0.804,12567
2012,4,TPEA,tradicional,entidad,Guanajuato,60.58,0.735,12495
2013,1,TPEA,tradicional,entidad,Guanajuato,58.87,0.94,12441
2013,2,TPEA,tradicional,entidad,Guanajuato,60.78,0.718,12372
2013,3,TPEA,tradicional,entidad,Guanajuato,62.17,0.662,12327
2013,4,TPEA,tradicional,entidad,Guanajuato,62.45,0.696,12272
2014,1,TPEA,tradicional,entidad,Guanajuato,60.65,0.804,12355
2014,2,TPEA,tradicional,entidad,Guanajuato,60.82,0.716,12374
2014,3,TPEA,tradicional,entidad,Guanajuato,61.92,0.675,12557
2014,4,TPEA,tradicional,entidad,Guanajuato,59.84,0.705,12507
2015,1,TPEA,tradicional,entidad,Guanajuato,58.64,0.643,12485
2015,2,TPEA,tradicional,entidad,Guanajuato,60.66,0.716,12569
2015,3,TPEA,tradicional,entidad,Guanajuato,60.03,0.692,12562
2015,4,TPEA,tradicional,entidad,Guanajuato,60.26,0.74,12485
2016,1,TPEA,tradicional,entidad,Guanajuato,59.71,0.693,12563
2016,2,TPEA,tradicional,entidad,Guanajuato,60.14,0.677,12457
2016,3,TPEA,tradicional,entidad,Guanajuato,60.76,0.7,12345
2016,4,TPEA,tradicional,entidad,Guanajuato,60.8,0.672,12452
2017,1,TPEA,tradicional,entidad,Guanajuato,59.44,0.696,12394
2017,2,TPEA,tradicional,entidad,Guanajuato,59.38,0.635,12258
2017,3,TPEA,tradicional,entidad,Guanajuato,59.73,0.808,12078
2017,4,TPEA,tradicional,entidad,Guanajuato,61.53,0.622,12032
2018,1,TPEA,tradicional,entidad,Guanajuato,60.02,0.629,12164
2018,2,TPEA,tradicional,entidad,Guanajuato,62.09,0.685,12170
2018,3,TPEA,tradicional,entidad,Guanajuato,60.4,0.816,12102
2018,4,TPEA,tradicional,entidad,Guanajuato,60.78,0.69,12079
2019,1,TPEA,tradicional,entidad,Guanajuato,59.37,0.728,12055
2019,2,TPEA,tradicional,entidad,Guanajuato,60.35,0.662,12081
2019,3,TPEA,tradicional,entidad,Guanajuato,61.3,0.636,12244
2019,4,TPEA,tradicional,entidad,Guanajuato,61.62,0.67,12247
2020,1,TPEA,tradicional,entidad,Guanajuato,60.22,0.639,12207
2020,3,TPEA,enoen,entidad,Guanajuato,58.49,0.821,8880
2020,4,TPEA,enoen,entidad,Guanajuato,59.65,0.734,11892
2021,1,TPEA,enoen,entidad,Guanajuato,58.18,0.727,11720
2021,2,TPEA,enoen,entidad,Guanajuato,60.09,0.716,12005
2021,3,TPEA,enoen,entidad,Guanajuato,60.67,0.681,13020
2021,4,TPEA,enoen,entidad,Guanajuato,59.51,0.683,13076
2022,1,TPEA,enoen,entidad,Guanajuato,58.88,0.846,12256
2022,2,TPEA,enoen,entidad,Guanajuato,59.68,0.854,12199
2022,3,TPEA,enoen,entidad,Guanajuato,59.56,0.75,11892
2022,4,TPEA,enoen,entidad,Guanajuato,59.52,0.734,11847
2023,1,TPEA,enoe_2023,entidad,Guanajuato,60.96,0.675,13437
2023,2,TPEA,enoe_2023,entidad,Guanajuato,59.06,0.618,12640
2023,3,TPEA,enoe_2023,entidad,Guanajuato,59.62,0.664,12584
2023,4,TPEA,enoe_2023,entidad,Guanajuato,59.48,0.744,12585
2024,1,TPEA,enoe_2023,entidad,Guanajuato,59.54,0.71,12514
2024,2,TPEA,enoe_2023,entidad,Guanajuato,60.29,0.691,12697
2024,3,TPEA,enoe_2023,entidad,Guanajuato,60,0.676,12524
2024,4,TPEA,enoe_2023,entidad,Guanajuato,59.97,0.708,12262
2025,1,TPEA,enoe_2023,entidad,Guanajuato,58.33,0.68,12245
2025,2,TPEA,enoe_2023,entidad,Guanajuato,59.58,0.773,12149
2025,3,TPEA,enoe_2023,entidad,Guanajuato,60.45,0.73,12094
2025,4,TPEA,enoe_2023,entidad,Guanajuato,59.38,0.705,12078
2026,1,TPEA,enoe_2023,entidad,Guanajuato,58.05,0.873,11931
2026,2,TPEA,enoe_2023,entidad,Guanajuato,60.69,0.846,12104
2005,1,TPEA,tradicional,entidad,Guerrero,53.65,1.097,8134
2005,2,TPEA,tradicional,entidad,Guerrero,54.97,1.181,8485
2005,3,TPEA,tradicional,entidad,Guerrero,59.56,0.988,8656
2005,4,TPEA,tradicional,entidad,Guerrero,57.55,0.933,8774
2006,1,TPEA,tradicional,entidad,Guerrero,54.08,1.09,9052
2006,2,TPEA,tradicional,entidad,Guerrero,58.82,1.109,9061
2006,3,TPEA,tradicional,entidad,Guerrero,60.65,1.002,9067
2006,4,TPEA,tradicional,entidad,Guerrero,59.42,0.888,9003
2007,1,TPEA,tradicional,entidad,Guerrero,57.28,1.018,9176
2007,2,TPEA,tradicional,entidad,Guerrero,58.92,0.997,9144
2007,3,TPEA,tradicional,entidad,Guerrero,61.52,0.948,8919
2007,4,TPEA,tradicional,entidad,Guerrero,61.9,0.846,8990
2008,1,TPEA,tradicional,entidad,Guerrero,59.13,0.992,9028
2008,2,TPEA,tradicional,entidad,Guerrero,59.3,0.942,8961
2008,3,TPEA,tradicional,entidad,Guerrero,61.33,0.909,8887
2008,4,TPEA,tradicional,entidad,Guerrero,60.87,0.992,8907
2009,1,TPEA,tradicional,entidad,Guerrero,56.89,1.157,8849
2009,2,TPEA,tradicional,entidad,Guerrero,61.19,0.92,8841
2009,3,TPEA,tradicional,entidad,Guerrero,65.47,0.946,8824
2009,4,TPEA,tradicional,entidad,Guerrero,62.7,0.785,8832
2010,1,TPEA,tradicional,entidad,Guerrero,58.94,1.034,8873
2010,2,TPEA,tradicional,entidad,Guerrero,63.16,0.956,8959
2010,3,TPEA,tradicional,entidad,Guerrero,63.05,0.965,8838
2010,4,TPEA,tradicional,entidad,Guerrero,61.66,0.842,8723
2011,1,TPEA,tradicional,entidad,Guerrero,57.61,0.957,8928
2011,2,TPEA,tradicional,entidad,Guerrero,61.23,0.974,8881
2011,3,TPEA,tradicional,entidad,Guerrero,61.59,0.974,8739
2011,4,TPEA,tradicional,entidad,Guerrero,62.58,0.972,8805
2012,1,TPEA,tradicional,entidad,Guerrero,58.23,1.106,9050
2012,2,TPEA,tradicional,entidad,Guerrero,60.72,1.036,8904
2012,3,TPEA,tradicional,entidad,Guerrero,61.21,1.007,8796
2012,4,TPEA,tradicional,entidad,Guerrero,58.67,1.015,8616
2013,1,TPEA,tradicional,entidad,Guerrero,56.62,1.111,8657
2013,2,TPEA,tradicional,entidad,Guerrero,59.08,1.032,8750
2013,3,TPEA,tradicional,entidad,Guerrero,59.41,0.899,8416
2013,4,TPEA,tradicional,entidad,Guerrero,58.44,1.241,8764
2014,1,TPEA,tradicional,entidad,Guerrero,56.71,0.989,9125
2014,2,TPEA,tradicional,entidad,Guerrero,59.19,0.822,9348
2014,3,TPEA,tradicional,entidad,Guerrero,59.93,0.942,9400
2014,4,TPEA,tradicional,entidad,Guerrero,58.81,0.992,9329
2015,1,TPEA,tradicional,entidad,Guerrero,56.27,1.022,9377
2015,2,TPEA,tradicional,entidad,Guerrero,57.72,1.016,9062
2015,3,TPEA,tradicional,entidad,Guerrero,58.14,1.101,9097
2015,4,TPEA,tradicional,entidad,Guerrero,59.33,0.915,9005
2016,1,TPEA,tradicional,entidad,Guerrero,58.26,0.993,8913
2016,2,TPEA,tradicional,entidad,Guerrero,59.42,0.828,8939
2016,3,TPEA,tradicional,entidad,Guerrero,59.26,0.931,8762
2016,4,TPEA,tradicional,entidad,Guerrero,56.09,0.81,8712
2017,1,TPEA,tradicional,entidad,Guerrero,56.87,0.989,8624
2017,2,TPEA,tradicional,entidad,Guerrero,57.79,0.948,8498
2017,3,TPEA,tradicional,entidad,Guerrero,56.69,0.904,8191
2017,4,TPEA,tradicional,entidad,Guerrero,58.04,1.096,8256
2018,1,TPEA,tradicional,entidad,Guerrero,53.54,1.07,8225
2018,2,TPEA,tradicional,entidad,Guerrero,55.62,1.016,8367
2018,3,TPEA,tradicional,entidad,Guerrero,58.2,1.009,8544
2018,4,TPEA,tradicional,entidad,Guerrero,60.17,1.044,8677
2019,1,TPEA,tradicional,entidad,Guerrero,57.6,0.915,8772
2019,2,TPEA,tradicional,entidad,Guerrero,58.77,0.919,8826
2019,3,TPEA,tradicional,entidad,Guerrero,59.04,0.815,8971
2019,4,TPEA,tradicional,entidad,Guerrero,58.19,0.796,8811
2020,1,TPEA,tradicional,entidad,Guerrero,59.25,0.835,8693
2020,3,TPEA,enoen,entidad,Guerrero,57.31,1.896,5445
2020,4,TPEA,enoen,entidad,Guerrero,58.81,0.943,4941
2021,1,TPEA,enoen,entidad,Guerrero,55.07,1.307,5085
2021,2,TPEA,enoen,entidad,Guerrero,59.1,1.038,5534
2021,3,TPEA,enoen,entidad,Guerrero,58.85,0.854,8099
2021,4,TPEA,enoen,entidad,Guerrero,58.09,0.928,7941
2022,1,TPEA,enoen,entidad,Guerrero,53.66,1.25,7477
2022,2,TPEA,enoen,entidad,Guerrero,58.3,1.251,8857
2022,3,TPEA,enoen,entidad,Guerrero,59.7,0.869,8650
2022,4,TPEA,enoen,entidad,Guerrero,61.86,0.95,8670
2023,1,TPEA,enoe_2023,entidad,Guerrero,60.82,1.116,9915
2023,2,TPEA,enoe_2023,entidad,Guerrero,61.61,1.095,9583
2023,3,TPEA,enoe_2023,entidad,Guerrero,63.06,0.855,9677
2023,4,TPEA,enoe_2023,entidad,Guerrero,62.8,1.52,3775
2024,1,TPEA,enoe_2023,entidad,Guerrero,61.65,1.08,9095
2024,2,TPEA,enoe_2023,entidad,Guerrero,60.8,1.233,9743
2024,3,TPEA,enoe_2023,entidad,Guerrero,59.65,0.82,8876
2024,4,TPEA,enoe_2023,entidad,Guerrero,60.28,0.972,9152
2025,1,TPEA,enoe_2023,entidad,Guerrero,58.36,1.028,9313
2025,2,TPEA,enoe_2023,entidad,Guerrero,56.65,0.865,9068
2025,3,TPEA,enoe_2023,entidad,Guerrero,59.55,0.946,9539
2025,4,TPEA,enoe_2023,entidad,Guerrero,59.75,0.878,9411
2026,1,TPEA,enoe_2023,entidad,Guerrero,56.89,0.912,9165
2026,2,TPEA,enoe_2023,entidad,Guerrero,58.15,0.831,9260
2005,1,TPEA,tradicional,entidad,Hidalgo,59.93,0.894,7786
2005,2,TPEA,tradicional,entidad,Hidalgo,59.52,1.119,7751
2005,3,TPEA,tradicional,entidad,Hidalgo,61.56,1.039,7682
2005,4,TPEA,tradicional,entidad,Hidalgo,58.93,1.125,7869
2006,1,TPEA,tradicional,entidad,Hidalgo,58.28,1.169,8016
2006,2,TPEA,tradicional,entidad,Hidalgo,59.71,1.051,8137
2006,3,TPEA,tradicional,entidad,Hidalgo,57.69,1.266,8220
2006,4,TPEA,tradicional,entidad,Hidalgo,56.15,1.08,8151
2007,1,TPEA,tradicional,entidad,Hidalgo,57.19,0.942,8163
2007,2,TPEA,tradicional,entidad,Hidalgo,56.06,1.007,8025
2007,3,TPEA,tradicional,entidad,Hidalgo,56.99,1.122,7982
2007,4,TPEA,tradicional,entidad,Hidalgo,59.15,1.033,7859
2008,1,TPEA,tradicional,entidad,Hidalgo,57.6,1.155,7865
2008,2,TPEA,tradicional,entidad,Hidalgo,57.97,1.098,7843
2008,3,TPEA,tradicional,entidad,Hidalgo,57.77,1.098,7727
2008,4,TPEA,tradicional,entidad,Hidalgo,56.42,1.056,7673
2009,1,TPEA,tradicional,entidad,Hidalgo,56.89,0.923,7703
2009,2,TPEA,tradicional,entidad,Hidalgo,56.37,0.973,7669
2009,3,TPEA,tradicional,entidad,Hidalgo,59.5,0.905,7667
2009,4,TPEA,tradicional,entidad,Hidalgo,58.13,0.77,7779
2010,1,TPEA,tradicional,entidad,Hidalgo,56.92,0.936,7845
2010,2,TPEA,tradicional,entidad,Hidalgo,59.61,0.973,7855
2010,3,TPEA,tradicional,entidad,Hidalgo,57.16,0.998,7826
2010,4,TPEA,tradicional,entidad,Hidalgo,57.97,0.743,7838
2011,1,TPEA,tradicional,entidad,Hidalgo,57,0.819,7833
2011,2,TPEA,tradicional,entidad,Hidalgo,56.93,0.921,7917
2011,3,TPEA,tradicional,entidad,Hidalgo,59.58,0.921,7982
2011,4,TPEA,tradicional,entidad,Hidalgo,57.99,1.081,7927
2012,1,TPEA,tradicional,entidad,Hidalgo,56.38,1.009,7981
2012,2,TPEA,tradicional,entidad,Hidalgo,60.15,1.123,7959
2012,3,TPEA,tradicional,entidad,Hidalgo,59.38,1.094,7920
2012,4,TPEA,tradicional,entidad,Hidalgo,59.32,0.808,7850
2013,1,TPEA,tradicional,entidad,Hidalgo,59.68,0.88,7750
2013,2,TPEA,tradicional,entidad,Hidalgo,58.6,0.927,7863
2013,3,TPEA,tradicional,entidad,Hidalgo,57.49,0.994,7745
2013,4,TPEA,tradicional,entidad,Hidalgo,60.08,0.969,7866
2014,1,TPEA,tradicional,entidad,Hidalgo,58.24,1.013,7860
2014,2,TPEA,tradicional,entidad,Hidalgo,59.89,0.947,7896
2014,3,TPEA,tradicional,entidad,Hidalgo,59.73,0.906,7860
2014,4,TPEA,tradicional,entidad,Hidalgo,59.72,0.983,7951
2015,1,TPEA,tradicional,entidad,Hidalgo,59,1.031,7720
2015,2,TPEA,tradicional,entidad,Hidalgo,60.87,0.97,7681
2015,3,TPEA,tradicional,entidad,Hidalgo,62.31,0.986,7673
2015,4,TPEA,tradicional,entidad,Hidalgo,62.26,1.04,7672
2016,1,TPEA,tradicional,entidad,Hidalgo,57.76,0.941,7703
2016,2,TPEA,tradicional,entidad,Hidalgo,57.76,0.946,7888
2016,3,TPEA,tradicional,entidad,Hidalgo,58.6,0.746,7728
2016,4,TPEA,tradicional,entidad,Hidalgo,57.64,0.753,7742
2017,1,TPEA,tradicional,entidad,Hidalgo,56.38,0.856,7697
2017,2,TPEA,tradicional,entidad,Hidalgo,57.11,0.79,7848
2017,3,TPEA,tradicional,entidad,Hidalgo,57.44,0.892,7758
2017,4,TPEA,tradicional,entidad,Hidalgo,58.2,0.956,7826
2018,1,TPEA,tradicional,entidad,Hidalgo,57.34,1.064,7630
2018,2,TPEA,tradicional,entidad,Hidalgo,58.28,0.911,7609
2018,3,TPEA,tradicional,entidad,Hidalgo,59.8,1.167,7418
2018,4,TPEA,tradicional,entidad,Hidalgo,58.42,1.082,7575
2019,1,TPEA,tradicional,entidad,Hidalgo,59.23,1.018,7602
2019,2,TPEA,tradicional,entidad,Hidalgo,59.86,0.973,7793
2019,3,TPEA,tradicional,entidad,Hidalgo,59.56,0.891,7838
2019,4,TPEA,tradicional,entidad,Hidalgo,58.41,0.867,7859
2020,1,TPEA,tradicional,entidad,Hidalgo,58.01,0.831,7840
2020,3,TPEA,enoen,entidad,Hidalgo,53.41,0.896,8314
2020,4,TPEA,enoen,entidad,Hidalgo,54.81,1.132,7830
2021,1,TPEA,enoen,entidad,Hidalgo,54.14,1.172,7513
2021,2,TPEA,enoen,entidad,Hidalgo,55.9,1.403,7505
2021,3,TPEA,enoen,entidad,Hidalgo,57.7,0.773,8608
2021,4,TPEA,enoen,entidad,Hidalgo,58.28,0.873,8795
2022,1,TPEA,enoen,entidad,Hidalgo,56.52,0.958,8069
2022,2,TPEA,enoen,entidad,Hidalgo,58.91,1.031,7950
2022,3,TPEA,enoen,entidad,Hidalgo,59.71,1.231,7557
2022,4,TPEA,enoen,entidad,Hidalgo,59.27,1.202,7587
2023,1,TPEA,enoe_2023,entidad,Hidalgo,60.57,0.87,8817
2023,2,TPEA,enoe_2023,entidad,Hidalgo,59.25,0.992,8035
2023,3,TPEA,enoe_2023,entidad,Hidalgo,60.26,0.837,8177
2023,4,TPEA,enoe_2023,entidad,Hidalgo,58.35,0.814,8257
2024,1,TPEA,enoe_2023,entidad,Hidalgo,58.55,0.683,8246
2024,2,TPEA,enoe_2023,entidad,Hidalgo,59.24,0.794,8357
2024,3,TPEA,enoe_2023,entidad,Hidalgo,59.7,0.938,8477
2024,4,TPEA,enoe_2023,entidad,Hidalgo,59.7,1.025,8415
2025,1,TPEA,enoe_2023,entidad,Hidalgo,60.45,0.935,8472
2025,2,TPEA,enoe_2023,entidad,Hidalgo,58.53,1.002,8262
2025,3,TPEA,enoe_2023,entidad,Hidalgo,60.78,1.019,8223
2025,4,TPEA,enoe_2023,entidad,Hidalgo,59.71,0.952,8050
2026,1,TPEA,enoe_2023,entidad,Hidalgo,59.31,1.01,7938
2026,2,TPEA,enoe_2023,entidad,Hidalgo,58.93,1.031,8010
2005,1,TPEA,tradicional,entidad,Jalisco,63.02,0.509,10769
2005,2,TPEA,tradicional,entidad,Jalisco,61.7,0.589,10685
2005,3,TPEA,tradicional,entidad,Jalisco,64.15,0.594,10943
2005,4,TPEA,tradicional,entidad,Jalisco,63.13,0.653,11108
2006,1,TPEA,tradicional,entidad,Jalisco,63.21,0.718,11190
2006,2,TPEA,tradicional,entidad,Jalisco,62.67,0.727,11064
2006,3,TPEA,tradicional,entidad,Jalisco,62.93,0.618,10987
2006,4,TPEA,tradicional,entidad,Jalisco,62.9,0.829,11072
2007,1,TPEA,tradicional,entidad,Jalisco,62.42,0.718,11071
2007,2,TPEA,tradicional,entidad,Jalisco,63.18,0.741,11145
2007,3,TPEA,tradicional,entidad,Jalisco,63.89,0.589,10998
2007,4,TPEA,tradicional,entidad,Jalisco,64.19,0.607,10948
2008,1,TPEA,tradicional,entidad,Jalisco,63.57,0.555,10925
2008,2,TPEA,tradicional,entidad,Jalisco,64.42,0.575,10883
2008,3,TPEA,tradicional,entidad,Jalisco,63.17,0.8,10687
2008,4,TPEA,tradicional,entidad,Jalisco,61.56,0.589,10676
2009,1,TPEA,tradicional,entidad,Jalisco,62.39,0.647,10735
2009,2,TPEA,tradicional,entidad,Jalisco,61.85,0.691,10644
2009,3,TPEA,tradicional,entidad,Jalisco,63.26,0.616,10582
2009,4,TPEA,tradicional,entidad,Jalisco,64.42,0.517,10530
2010,1,TPEA,tradicional,entidad,Jalisco,63.11,0.571,10505
2010,2,TPEA,tradicional,entidad,Jalisco,63.39,0.64,10577
2010,3,TPEA,tradicional,entidad,Jalisco,63.92,0.563,10494
2010,4,TPEA,tradicional,entidad,Jalisco,63.44,0.46,10504
2011,1,TPEA,tradicional,entidad,Jalisco,62.5,0.84,10467
2011,2,TPEA,tradicional,entidad,Jalisco,62.75,0.638,10619
2011,3,TPEA,tradicional,entidad,Jalisco,63.56,0.691,10671
2011,4,TPEA,tradicional,entidad,Jalisco,63.77,0.697,10563
2012,1,TPEA,tradicional,entidad,Jalisco,62.75,0.709,10655
2012,2,TPEA,tradicional,entidad,Jalisco,63.3,0.661,10740
2012,3,TPEA,tradicional,entidad,Jalisco,63.51,0.872,10571
2012,4,TPEA,tradicional,entidad,Jalisco,62.66,0.714,10309
2013,1,TPEA,tradicional,entidad,Jalisco,62.61,0.583,10396
2013,2,TPEA,tradicional,entidad,Jalisco,63.35,0.624,10214
2013,3,TPEA,tradicional,entidad,Jalisco,62.97,0.641,10537
2013,4,TPEA,tradicional,entidad,Jalisco,62.79,0.567,10779
2014,1,TPEA,tradicional,entidad,Jalisco,61.81,0.624,10795
2014,2,TPEA,tradicional,entidad,Jalisco,61.42,0.592,10774
2014,3,TPEA,tradicional,entidad,Jalisco,62.38,0.58,10837
2014,4,TPEA,tradicional,entidad,Jalisco,61.76,0.582,10866
2015,1,TPEA,tradicional,entidad,Jalisco,61.59,0.659,10794
2015,2,TPEA,tradicional,entidad,Jalisco,61.23,0.611,10878
2015,3,TPEA,tradicional,entidad,Jalisco,61.54,0.587,10885
2015,4,TPEA,tradicional,entidad,Jalisco,63.48,0.587,10823
2016,1,TPEA,tradicional,entidad,Jalisco,61.99,0.692,10792
2016,2,TPEA,tradicional,entidad,Jalisco,61.63,0.588,10828
2016,3,TPEA,tradicional,entidad,Jalisco,61.86,0.633,10726
2016,4,TPEA,tradicional,entidad,Jalisco,61.83,0.616,10697
2017,1,TPEA,tradicional,entidad,Jalisco,62.27,0.575,10719
2017,2,TPEA,tradicional,entidad,Jalisco,61.25,0.569,10654
2017,3,TPEA,tradicional,entidad,Jalisco,62.38,0.54,10563
2017,4,TPEA,tradicional,entidad,Jalisco,61.71,0.55,10477
2018,1,TPEA,tradicional,entidad,Jalisco,61.05,0.655,10436
2018,2,TPEA,tradicional,entidad,Jalisco,61.52,0.625,10497
2018,3,TPEA,tradicional,entidad,Jalisco,61.63,0.593,10472
2018,4,TPEA,tradicional,entidad,Jalisco,61.95,0.658,10381
2019,1,TPEA,tradicional,entidad,Jalisco,62.53,0.628,10498
2019,2,TPEA,tradicional,entidad,Jalisco,61.96,0.623,10608
2019,3,TPEA,tradicional,entidad,Jalisco,62.53,0.648,10504
2019,4,TPEA,tradicional,entidad,Jalisco,62.07,0.625,10410
2020,1,TPEA,tradicional,entidad,Jalisco,61.84,0.634,10449
2020,3,TPEA,enoen,entidad,Jalisco,59.09,0.672,9988
2020,4,TPEA,enoen,entidad,Jalisco,59.72,0.729,10154
2021,1,TPEA,enoen,entidad,Jalisco,60.6,0.729,9873
2021,2,TPEA,enoen,entidad,Jalisco,61.58,0.687,9930
2021,3,TPEA,enoen,entidad,Jalisco,61.09,0.822,11068
2021,4,TPEA,enoen,entidad,Jalisco,62.18,0.742,11162
2022,1,TPEA,enoen,entidad,Jalisco,61.63,0.689,10668
2022,2,TPEA,enoen,entidad,Jalisco,61.92,0.637,10581
2022,3,TPEA,enoen,entidad,Jalisco,63,0.567,10183
2022,4,TPEA,enoen,entidad,Jalisco,62.7,0.63,10126
2023,1,TPEA,enoe_2023,entidad,Jalisco,62.76,0.606,11392
2023,2,TPEA,enoe_2023,entidad,Jalisco,62.3,0.692,10712
2023,3,TPEA,enoe_2023,entidad,Jalisco,61.88,0.676,10770
2023,4,TPEA,enoe_2023,entidad,Jalisco,60.7,0.612,10692
2024,1,TPEA,enoe_2023,entidad,Jalisco,60.31,0.643,10597
2024,2,TPEA,enoe_2023,entidad,Jalisco,59.88,0.643,10625
2024,3,TPEA,enoe_2023,entidad,Jalisco,59.22,0.609,10642
2024,4,TPEA,enoe_2023,entidad,Jalisco,58.55,0.6,10756
2025,1,TPEA,enoe_2023,entidad,Jalisco,58.18,0.792,10518
2025,2,TPEA,enoe_2023,entidad,Jalisco,57.86,0.692,10503
2025,3,TPEA,enoe_2023,entidad,Jalisco,57.24,0.746,10602
2025,4,TPEA,enoe_2023,entidad,Jalisco,57.99,0.759,10541
2026,1,TPEA,enoe_2023,entidad,Jalisco,56.23,0.669,10473
2026,2,TPEA,enoe_2023,entidad,Jalisco,56.44,0.664,10620
2005,1,TPEA,tradicional,entidad,Michoacán de Ocampo,57.78,0.745,8840
2005,2,TPEA,tradicional,entidad,Michoacán de Ocampo,58.27,1.236,8863
2005,3,TPEA,tradicional,entidad,Michoacán de Ocampo,60.32,0.774,8892
2005,4,TPEA,tradicional,entidad,Michoacán de Ocampo,60.02,0.958,8978
2006,1,TPEA,tradicional,entidad,Michoacán de Ocampo,58.48,1.031,8954
2006,2,TPEA,tradicional,entidad,Michoacán de Ocampo,59.89,1.13,8757
2006,3,TPEA,tradicional,entidad,Michoacán de Ocampo,59.47,0.981,8655
2006,4,TPEA,tradicional,entidad,Michoacán de Ocampo,59.78,1.01,8649
2007,1,TPEA,tradicional,entidad,Michoacán de Ocampo,57.4,1.097,8743
2007,2,TPEA,tradicional,entidad,Michoacán de Ocampo,57.45,1.016,8702
2007,3,TPEA,tradicional,entidad,Michoacán de Ocampo,58.21,0.787,8493
2007,4,TPEA,tradicional,entidad,Michoacán de Ocampo,60.15,1.018,8624
2008,1,TPEA,tradicional,entidad,Michoacán de Ocampo,58.14,0.929,8628
2008,2,TPEA,tradicional,entidad,Michoacán de Ocampo,59.51,0.734,8601
2008,3,TPEA,tradicional,entidad,Michoacán de Ocampo,60.89,0.795,8515
2008,4,TPEA,tradicional,entidad,Michoacán de Ocampo,58.82,0.94,8571
2009,1,TPEA,tradicional,entidad,Michoacán de Ocampo,58.73,0.789,8564
2009,2,TPEA,tradicional,entidad,Michoacán de Ocampo,57.83,0.994,8566
2009,3,TPEA,tradicional,entidad,Michoacán de Ocampo,60.27,0.982,8514
2009,4,TPEA,tradicional,entidad,Michoacán de Ocampo,60.29,0.977,8523
2010,1,TPEA,tradicional,entidad,Michoacán de Ocampo,57.1,0.955,8677
2010,2,TPEA,tradicional,entidad,Michoacán de Ocampo,56.95,1.197,8560
2010,3,TPEA,tradicional,entidad,Michoacán de Ocampo,58.36,0.892,8477
2010,4,TPEA,tradicional,entidad,Michoacán de Ocampo,54.94,1.041,8517
2011,1,TPEA,tradicional,entidad,Michoacán de Ocampo,56.45,1.032,8634
2011,2,TPEA,tradicional,entidad,Michoacán de Ocampo,59.66,1.099,8623
2011,3,TPEA,tradicional,entidad,Michoacán de Ocampo,60.39,0.983,8653
2011,4,TPEA,tradicional,entidad,Michoacán de Ocampo,58.75,1.097,8641
2012,1,TPEA,tradicional,entidad,Michoacán de Ocampo,59.4,0.872,8732
2012,2,TPEA,tradicional,entidad,Michoacán de Ocampo,60.23,0.834,8701
2012,3,TPEA,tradicional,entidad,Michoacán de Ocampo,61.1,1.084,8654
2012,4,TPEA,tradicional,entidad,Michoacán de Ocampo,59.37,0.965,8648
2013,1,TPEA,tradicional,entidad,Michoacán de Ocampo,59.62,0.743,8714
2013,2,TPEA,tradicional,entidad,Michoacán de Ocampo,60.61,1.186,8763
2013,3,TPEA,tradicional,entidad,Michoacán de Ocampo,59.99,0.835,8778
2013,4,TPEA,tradicional,entidad,Michoacán de Ocampo,60.67,0.925,8936
2014,1,TPEA,tradicional,entidad,Michoacán de Ocampo,58.85,0.895,9036
2014,2,TPEA,tradicional,entidad,Michoacán de Ocampo,59.56,0.848,9018
2014,3,TPEA,tradicional,entidad,Michoacán de Ocampo,57.79,0.882,9085
2014,4,TPEA,tradicional,entidad,Michoacán de Ocampo,59.28,0.936,9183
2015,1,TPEA,tradicional,entidad,Michoacán de Ocampo,59.05,1.002,9152
2015,2,TPEA,tradicional,entidad,Michoacán de Ocampo,59.35,0.825,9169
2015,3,TPEA,tradicional,entidad,Michoacán de Ocampo,59.01,0.764,9045
2015,4,TPEA,tradicional,entidad,Michoacán de Ocampo,58.8,0.892,9104
2016,1,TPEA,tradicional,entidad,Michoacán de Ocampo,59.34,0.965,9049
2016,2,TPEA,tradicional,entidad,Michoacán de Ocampo,60.09,0.883,9077
2016,3,TPEA,tradicional,entidad,Michoacán de Ocampo,60.58,0.923,8964
2016,4,TPEA,tradicional,entidad,Michoacán de Ocampo,60.14,0.755,8961
2017,1,TPEA,tradicional,entidad,Michoacán de Ocampo,59.27,0.899,8943
2017,2,TPEA,tradicional,entidad,Michoacán de Ocampo,58.74,0.791,8997
2017,3,TPEA,tradicional,entidad,Michoacán de Ocampo,58.74,0.889,8801
2017,4,TPEA,tradicional,entidad,Michoacán de Ocampo,59.21,0.848,8906
2018,1,TPEA,tradicional,entidad,Michoacán de Ocampo,59.54,0.757,8892
2018,2,TPEA,tradicional,entidad,Michoacán de Ocampo,60.44,0.799,8909
2018,3,TPEA,tradicional,entidad,Michoacán de Ocampo,59.59,0.699,8886
2018,4,TPEA,tradicional,entidad,Michoacán de Ocampo,59.04,0.828,8936
2019,1,TPEA,tradicional,entidad,Michoacán de Ocampo,60.44,0.764,8987
2019,2,TPEA,tradicional,entidad,Michoacán de Ocampo,60.65,0.77,9007
2019,3,TPEA,tradicional,entidad,Michoacán de Ocampo,60.24,0.793,8828
2019,4,TPEA,tradicional,entidad,Michoacán de Ocampo,59.96,0.814,8749
2020,1,TPEA,tradicional,entidad,Michoacán de Ocampo,61,0.921,8730
2020,3,TPEA,enoen,entidad,Michoacán de Ocampo,56.11,1.08,5805
2020,4,TPEA,enoen,entidad,Michoacán de Ocampo,56.57,0.948,5131
2021,1,TPEA,enoen,entidad,Michoacán de Ocampo,56.32,1.081,4573
2021,2,TPEA,enoen,entidad,Michoacán de Ocampo,57.04,1.054,6405
2021,3,TPEA,enoen,entidad,Michoacán de Ocampo,59.62,0.898,7810
2021,4,TPEA,enoen,entidad,Michoacán de Ocampo,59.09,0.756,8782
2022,1,TPEA,enoen,entidad,Michoacán de Ocampo,59.39,0.836,8532
2022,2,TPEA,enoen,entidad,Michoacán de Ocampo,61.12,0.807,8743
2022,3,TPEA,enoen,entidad,Michoacán de Ocampo,61.68,0.819,8560
2022,4,TPEA,enoen,entidad,Michoacán de Ocampo,61.51,0.777,8592
2023,1,TPEA,enoe_2023,entidad,Michoacán de Ocampo,59.94,0.661,9863
2023,2,TPEA,enoe_2023,entidad,Michoacán de Ocampo,60.74,0.687,9507
2023,3,TPEA,enoe_2023,entidad,Michoacán de Ocampo,60.38,0.739,9443
2023,4,TPEA,enoe_2023,entidad,Michoacán de Ocampo,60.94,0.746,9505
2024,1,TPEA,enoe_2023,entidad,Michoacán de Ocampo,61.76,0.753,9227
2024,2,TPEA,enoe_2023,entidad,Michoacán de Ocampo,61.61,0.869,9066
2024,3,TPEA,enoe_2023,entidad,Michoacán de Ocampo,60.12,0.87,9021
2024,4,TPEA,enoe_2023,entidad,Michoacán de Ocampo,60.2,0.959,8985
2025,1,TPEA,enoe_2023,entidad,Michoacán de Ocampo,60.51,0.72,8931
2025,2,TPEA,enoe_2023,entidad,Michoacán de Ocampo,60.65,0.775,8908
2025,3,TPEA,enoe_2023,entidad,Michoacán de Ocampo,60.17,0.922,8873
2025,4,TPEA,enoe_2023,entidad,Michoacán de Ocampo,60.21,0.821,9092
2026,1,TPEA,enoe_2023,entidad,Michoacán de Ocampo,60.94,1.014,9008
2026,2,TPEA,enoe_2023,entidad,Michoacán de Ocampo,59.39,0.919,8888
2005,1,TPEA,tradicional,entidad,Morelos,59.23,0.672,7813
2005,2,TPEA,tradicional,entidad,Morelos,59.18,0.763,7869
2005,3,TPEA,tradicional,entidad,Morelos,59.3,0.728,8175
2005,4,TPEA,tradicional,entidad,Morelos,58.84,0.663,8277
2006,1,TPEA,tradicional,entidad,Morelos,59.01,0.649,8441
2006,2,TPEA,tradicional,entidad,Morelos,59.89,0.634,8271
2006,3,TPEA,tradicional,entidad,Morelos,60.23,0.662,8201
2006,4,TPEA,tradicional,entidad,Morelos,60.69,0.648,8133
2007,1,TPEA,tradicional,entidad,Morelos,59.77,0.681,8089
2007,2,TPEA,tradicional,entidad,Morelos,61.4,0.745,8068
2007,3,TPEA,tradicional,entidad,Morelos,60.55,0.675,8048
2007,4,TPEA,tradicional,entidad,Morelos,62.35,0.639,8190
2008,1,TPEA,tradicional,entidad,Morelos,60.16,0.598,8095
2008,2,TPEA,tradicional,entidad,Morelos,60.5,0.66,8050
2008,3,TPEA,tradicional,entidad,Morelos,60.38,0.514,7992
2008,4,TPEA,tradicional,entidad,Morelos,59.55,0.691,7855
2009,1,TPEA,tradicional,entidad,Morelos,58.51,0.698,7915
2009,2,TPEA,tradicional,entidad,Morelos,59.79,0.625,7893
2009,3,TPEA,tradicional,entidad,Morelos,60.27,0.66,7858
2009,4,TPEA,tradicional,entidad,Morelos,59.64,0.697,7841
2010,1,TPEA,tradicional,entidad,Morelos,59.89,0.768,8090
2010,2,TPEA,tradicional,entidad,Morelos,60.4,0.713,8199
2010,3,TPEA,tradicional,entidad,Morelos,60.37,0.643,8329
2010,4,TPEA,tradicional,entidad,Morelos,58.71,0.632,8314
2011,1,TPEA,tradicional,entidad,Morelos,58.23,0.635,8281
2011,2,TPEA,tradicional,entidad,Morelos,58.54,0.519,8188
2011,3,TPEA,tradicional,entidad,Morelos,59.3,0.564,8121
2011,4,TPEA,tradicional,entidad,Morelos,58.96,0.687,8137
2012,1,TPEA,tradicional,entidad,Morelos,59.08,0.584,8072
2012,2,TPEA,tradicional,entidad,Morelos,59.99,0.62,8037
2012,3,TPEA,tradicional,entidad,Morelos,59.79,0.621,7991
2012,4,TPEA,tradicional,entidad,Morelos,58.93,0.704,7989
2013,1,TPEA,tradicional,entidad,Morelos,58.63,0.685,8026
2013,2,TPEA,tradicional,entidad,Morelos,59.52,0.669,8048
2013,3,TPEA,tradicional,entidad,Morelos,58.58,0.619,8132
2013,4,TPEA,tradicional,entidad,Morelos,59.24,0.716,8293
2014,1,TPEA,tradicional,entidad,Morelos,57.26,0.666,8237
2014,2,TPEA,tradicional,entidad,Morelos,58.31,0.683,8249
2014,3,TPEA,tradicional,entidad,Morelos,57.99,0.633,8088
2014,4,TPEA,tradicional,entidad,Morelos,57.14,0.62,8172
2015,1,TPEA,tradicional,entidad,Morelos,57.11,0.596,8158
2015,2,TPEA,tradicional,entidad,Morelos,56.76,0.632,8216
2015,3,TPEA,tradicional,entidad,Morelos,55.71,0.727,8110
2015,4,TPEA,tradicional,entidad,Morelos,54.77,0.641,8080
2016,1,TPEA,tradicional,entidad,Morelos,56.3,0.693,8015
2016,2,TPEA,tradicional,entidad,Morelos,55.59,0.71,8029
2016,3,TPEA,tradicional,entidad,Morelos,57.22,0.657,7910
2016,4,TPEA,tradicional,entidad,Morelos,55.9,0.627,7911
2017,1,TPEA,tradicional,entidad,Morelos,56.43,0.66,7896
2017,2,TPEA,tradicional,entidad,Morelos,55.01,0.691,8048
2017,3,TPEA,tradicional,entidad,Morelos,55.55,0.618,7978
2017,4,TPEA,tradicional,entidad,Morelos,56.66,0.606,7988
2018,1,TPEA,tradicional,entidad,Morelos,57.38,0.664,7946
2018,2,TPEA,tradicional,entidad,Morelos,56.32,0.628,8053
2018,3,TPEA,tradicional,entidad,Morelos,56.23,0.678,8052
2018,4,TPEA,tradicional,entidad,Morelos,54.97,0.658,8001
2019,1,TPEA,tradicional,entidad,Morelos,56.36,0.684,8030
2019,2,TPEA,tradicional,entidad,Morelos,54.89,0.655,7984
2019,3,TPEA,tradicional,entidad,Morelos,56.09,0.833,7958
2019,4,TPEA,tradicional,entidad,Morelos,55.5,0.715,8033
2020,1,TPEA,tradicional,entidad,Morelos,56.37,0.733,8032
2020,3,TPEA,enoen,entidad,Morelos,53.09,0.831,6874
2020,4,TPEA,enoen,entidad,Morelos,54.52,0.814,7880
2021,1,TPEA,enoen,entidad,Morelos,52.36,0.855,7123
2021,2,TPEA,enoen,entidad,Morelos,54.58,0.786,7435
2021,3,TPEA,enoen,entidad,Morelos,54.79,0.753,8762
2021,4,TPEA,enoen,entidad,Morelos,54.47,0.636,8694
2022,1,TPEA,enoen,entidad,Morelos,54.45,0.701,7613
2022,2,TPEA,enoen,entidad,Morelos,53.56,0.851,7724
2022,3,TPEA,enoen,entidad,Morelos,55.49,0.74,7676
2022,4,TPEA,enoen,entidad,Morelos,56.79,0.699,7566
2023,1,TPEA,enoe_2023,entidad,Morelos,57.2,0.701,8776
2023,2,TPEA,enoe_2023,entidad,Morelos,56.37,0.698,8236
2023,3,TPEA,enoe_2023,entidad,Morelos,56.2,0.661,8360
2023,4,TPEA,enoe_2023,entidad,Morelos,57.76,0.647,8523
2024,1,TPEA,enoe_2023,entidad,Morelos,56.84,0.746,8474
2024,2,TPEA,enoe_2023,entidad,Morelos,56,0.726,8607
2024,3,TPEA,enoe_2023,entidad,Morelos,57.89,0.736,8668
2024,4,TPEA,enoe_2023,entidad,Morelos,55.93,0.803,8503
2025,1,TPEA,enoe_2023,entidad,Morelos,56.03,0.932,8477
2025,2,TPEA,enoe_2023,entidad,Morelos,54.94,0.729,8504
2025,3,TPEA,enoe_2023,entidad,Morelos,56.27,0.708,8722
2025,4,TPEA,enoe_2023,entidad,Morelos,57.18,0.91,8757
2026,1,TPEA,enoe_2023,entidad,Morelos,56.43,0.711,8792
2026,2,TPEA,enoe_2023,entidad,Morelos,57.6,0.616,8699
2005,1,TPEA,tradicional,entidad,México,59.52,0.507,13210
2005,2,TPEA,tradicional,entidad,México,58.49,0.541,13356
2005,3,TPEA,tradicional,entidad,México,59.21,0.508,13285
2005,4,TPEA,tradicional,entidad,México,58.98,0.501,13519
2006,1,TPEA,tradicional,entidad,México,59.75,0.529,13529
2006,2,TPEA,tradicional,entidad,México,59.5,0.504,13588
2006,3,TPEA,tradicional,entidad,México,60.58,0.52,13536
2006,4,TPEA,tradicional,entidad,México,61.12,0.494,13291
2007,1,TPEA,tradicional,entidad,México,59.91,0.524,13473
2007,2,TPEA,tradicional,entidad,México,59.01,0.512,13421
2007,3,TPEA,tradicional,entidad,México,58.62,0.529,13384
2007,4,TPEA,tradicional,entidad,México,58.97,0.56,13331
2008,1,TPEA,tradicional,entidad,México,59.51,0.527,13333
2008,2,TPEA,tradicional,entidad,México,59.18,0.544,13235
2008,3,TPEA,tradicional,entidad,México,58.37,0.582,13092
2008,4,TPEA,tradicional,entidad,México,58.62,0.546,13082
2009,1,TPEA,tradicional,entidad,México,58.01,0.546,13231
2009,2,TPEA,tradicional,entidad,México,59.25,0.538,13099
2009,3,TPEA,tradicional,entidad,México,60.41,0.553,13000
2009,4,TPEA,tradicional,entidad,México,60.34,0.618,12974
2010,1,TPEA,tradicional,entidad,México,58.88,0.538,13068
2010,2,TPEA,tradicional,entidad,México,60.77,0.529,13157
2010,3,TPEA,tradicional,entidad,México,60.64,0.566,13075
2010,4,TPEA,tradicional,entidad,México,58.2,0.573,12850
2011,1,TPEA,tradicional,entidad,México,58.73,0.541,12849
2011,2,TPEA,tradicional,entidad,México,59.73,0.547,12694
2011,3,TPEA,tradicional,entidad,México,59.79,0.552,12648
2011,4,TPEA,tradicional,entidad,México,60,0.536,12722
2012,1,TPEA,tradicional,entidad,México,58.98,0.529,12915
2012,2,TPEA,tradicional,entidad,México,59.29,0.539,12927
2012,3,TPEA,tradicional,entidad,México,60.58,0.532,13014
2012,4,TPEA,tradicional,entidad,México,59.62,0.598,13123
2013,1,TPEA,tradicional,entidad,México,57.82,0.588,13116
2013,2,TPEA,tradicional,entidad,México,60.24,0.555,13063
2013,3,TPEA,tradicional,entidad,México,59.85,0.583,13110
2013,4,TPEA,tradicional,entidad,México,60.4,0.575,13354
2014,1,TPEA,tradicional,entidad,México,60.12,0.589,13240
2014,2,TPEA,tradicional,entidad,México,59.93,0.565,13444
2014,3,TPEA,tradicional,entidad,México,59.11,0.543,13516
2014,4,TPEA,tradicional,entidad,México,58.43,0.575,13403
2015,1,TPEA,tradicional,entidad,México,59.31,0.528,13457
2015,2,TPEA,tradicional,entidad,México,59.91,0.547,13508
2015,3,TPEA,tradicional,entidad,México,60.28,0.548,13445
2015,4,TPEA,tradicional,entidad,México,61.2,0.57,13375
2016,1,TPEA,tradicional,entidad,México,58.95,0.546,13400
2016,2,TPEA,tradicional,entidad,México,59.16,0.551,13551
2016,3,TPEA,tradicional,entidad,México,59.52,0.538,13499
2016,4,TPEA,tradicional,entidad,México,58.8,0.53,13696
2017,1,TPEA,tradicional,entidad,México,58.61,0.578,13809
2017,2,TPEA,tradicional,entidad,México,58.38,0.534,13738
2017,3,TPEA,tradicional,entidad,México,59.01,0.53,13616
2017,4,TPEA,tradicional,entidad,México,58.88,0.529,13396
2018,1,TPEA,tradicional,entidad,México,58.21,0.548,13374
2018,2,TPEA,tradicional,entidad,México,58.9,0.582,13392
2018,3,TPEA,tradicional,entidad,México,58.92,0.599,13416
2018,4,TPEA,tradicional,entidad,México,58.5,0.621,13349
2019,1,TPEA,tradicional,entidad,México,58.06,0.594,13506
2019,2,TPEA,tradicional,entidad,México,59.19,0.638,13475
2019,3,TPEA,tradicional,entidad,México,59.24,0.669,13370
2019,4,TPEA,tradicional,entidad,México,59.58,0.581,13230
2020,1,TPEA,tradicional,entidad,México,58.66,0.627,13416
2020,3,TPEA,enoen,entidad,México,53.1,0.946,8088
2020,4,TPEA,enoen,entidad,México,55.1,0.806,10784
2021,1,TPEA,enoen,entidad,México,54.75,0.75,9426
2021,2,TPEA,enoen,entidad,México,57.81,0.71,11921
2021,3,TPEA,enoen,entidad,México,58.76,0.619,13424
2021,4,TPEA,enoen,entidad,México,58.72,0.608,13803
2022,1,TPEA,enoen,entidad,México,58.29,0.596,12827
2022,2,TPEA,enoen,entidad,México,59.66,0.548,12961
2022,3,TPEA,enoen,entidad,México,59.94,0.568,12919
2022,4,TPEA,enoen,entidad,México,59.79,0.522,12812
2023,1,TPEA,enoe_2023,entidad,México,58.67,0.52,14060
2023,2,TPEA,enoe_2023,entidad,México,58.4,0.547,13626
2023,3,TPEA,enoe_2023,entidad,México,59.88,0.563,13676
2023,4,TPEA,enoe_2023,entidad,México,60.4,0.584,13494
2024,1,TPEA,enoe_2023,entidad,México,59.45,0.668,13383
2024,2,TPEA,enoe_2023,entidad,México,60.16,0.602,13681
2024,3,TPEA,enoe_2023,entidad,México,59.8,0.608,14043
2024,4,TPEA,enoe_2023,entidad,México,58.86,0.607,13943
2025,1,TPEA,enoe_2023,entidad,México,57.53,0.689,14136
2025,2,TPEA,enoe_2023,entidad,México,58.39,0.622,14172
2025,3,TPEA,enoe_2023,entidad,México,57.99,0.64,14202
2025,4,TPEA,enoe_2023,entidad,México,57.32,0.655,14260
2026,1,TPEA,enoe_2023,entidad,México,57.16,0.6,14111
2026,2,TPEA,enoe_2023,entidad,México,57.37,0.654,14302
2005,1,TPEA,tradicional,entidad,Nayarit,63.59,0.728,8039
2005,2,TPEA,tradicional,entidad,Nayarit,62.18,0.717,8246
2005,3,TPEA,tradicional,entidad,Nayarit,60.56,0.842,8373
2005,4,TPEA,tradicional,entidad,Nayarit,62.44,0.859,8442
2006,1,TPEA,tradicional,entidad,Nayarit,62.91,0.671,8511
2006,2,TPEA,tradicional,entidad,Nayarit,62.38,0.734,8467
2006,3,TPEA,tradicional,entidad,Nayarit,61.58,0.807,8268
2006,4,TPEA,tradicional,entidad,Nayarit,62.28,0.673,8262
2007,1,TPEA,tradicional,entidad,Nayarit,62.46,0.757,8249
2007,2,TPEA,tradicional,entidad,Nayarit,62.08,0.823,8209
2007,3,TPEA,tradicional,entidad,Nayarit,61.73,0.757,8176
2007,4,TPEA,tradicional,entidad,Nayarit,64.41,0.794,8247
2008,1,TPEA,tradicional,entidad,Nayarit,63.77,0.707,8272
2008,2,TPEA,tradicional,entidad,Nayarit,63.06,0.804,8220
2008,3,TPEA,tradicional,entidad,Nayarit,61.7,0.818,8117
2008,4,TPEA,tradicional,entidad,Nayarit,62.46,0.688,8193
2009,1,TPEA,tradicional,entidad,Nayarit,63.03,0.647,8173
2009,2,TPEA,tradicional,entidad,Nayarit,63,0.649,8280
2009,3,TPEA,tradicional,entidad,Nayarit,63.41,0.715,8182
2009,4,TPEA,tradicional,entidad,Nayarit,64.33,0.72,8287
2010,1,TPEA,tradicional,entidad,Nayarit,63.79,0.725,8391
2010,2,TPEA,tradicional,entidad,Nayarit,63.86,0.688,8532
2010,3,TPEA,tradicional,entidad,Nayarit,63.91,0.648,8479
2010,4,TPEA,tradicional,entidad,Nayarit,63.94,0.604,8405
2011,1,TPEA,tradicional,entidad,Nayarit,63.75,0.689,8401
2011,2,TPEA,tradicional,entidad,Nayarit,62.07,0.77,8322
2011,3,TPEA,tradicional,entidad,Nayarit,60.61,0.672,8353
2011,4,TPEA,tradicional,entidad,Nayarit,62.23,0.667,8275
2012,1,TPEA,tradicional,entidad,Nayarit,62.49,0.721,8447
2012,2,TPEA,tradicional,entidad,Nayarit,63.32,0.61,8433
2012,3,TPEA,tradicional,entidad,Nayarit,63.85,0.789,8320
2012,4,TPEA,tradicional,entidad,Nayarit,64.38,0.691,8174
2013,1,TPEA,tradicional,entidad,Nayarit,64.71,0.707,8217
2013,2,TPEA,tradicional,entidad,Nayarit,63.41,0.659,8232
2013,3,TPEA,tradicional,entidad,Nayarit,63.95,0.767,8279
2013,4,TPEA,tradicional,entidad,Nayarit,65.02,0.631,8386
2014,1,TPEA,tradicional,entidad,Nayarit,66.26,0.668,8441
2014,2,TPEA,tradicional,entidad,Nayarit,64.31,0.743,8544
2014,3,TPEA,tradicional,entidad,Nayarit,64.95,0.778,8507
2014,4,TPEA,tradicional,entidad,Nayarit,63.91,0.663,8636
2015,1,TPEA,tradicional,entidad,Nayarit,65.58,0.68,8665
2015,2,TPEA,tradicional,entidad,Nayarit,64.83,0.661,8652
2015,3,TPEA,tradicional,entidad,Nayarit,64.24,0.729,8543
2015,4,TPEA,tradicional,entidad,Nayarit,65.57,0.586,8610
2016,1,TPEA,tradicional,entidad,Nayarit,63.58,0.747,8596
2016,2,TPEA,tradicional,entidad,Nayarit,64.52,0.636,8657
2016,3,TPEA,tradicional,entidad,Nayarit,63.84,0.821,8491
2016,4,TPEA,tradicional,entidad,Nayarit,64.29,0.653,8515
2017,1,TPEA,tradicional,entidad,Nayarit,63.99,0.695,8395
2017,2,TPEA,tradicional,entidad,Nayarit,63.94,0.806,8404
2017,3,TPEA,tradicional,entidad,Nayarit,64.38,0.841,8268
2017,4,TPEA,tradicional,entidad,Nayarit,65.82,0.767,8285
2018,1,TPEA,tradicional,entidad,Nayarit,66.15,0.771,8255
2018,2,TPEA,tradicional,entidad,Nayarit,65.25,0.768,8242
2018,3,TPEA,tradicional,entidad,Nayarit,66,0.746,8132
2018,4,TPEA,tradicional,entidad,Nayarit,64.88,0.827,8167
2019,1,TPEA,tradicional,entidad,Nayarit,65.77,0.667,8351
2019,2,TPEA,tradicional,entidad,Nayarit,65.5,0.654,8405
2019,3,TPEA,tradicional,entidad,Nayarit,65.62,0.754,8372
2019,4,TPEA,tradicional,entidad,Nayarit,64.69,0.709,8353
2020,1,TPEA,tradicional,entidad,Nayarit,65.99,0.699,8292
2020,3,TPEA,enoen,entidad,Nayarit,69.31,2.999,2657
2020,4,TPEA,enoen,entidad,Nayarit,70.37,1.578,4663
2021,1,TPEA,enoen,entidad,Nayarit,68.98,2,4814
2021,2,TPEA,enoen,entidad,Nayarit,67.63,1.41,6153
2021,3,TPEA,enoen,entidad,Nayarit,64.67,0.754,9414
2021,4,TPEA,enoen,entidad,Nayarit,65.14,0.665,9469
2022,1,TPEA,enoen,entidad,Nayarit,65.04,0.787,8221
2022,2,TPEA,enoen,entidad,Nayarit,65.03,0.709,8022
2022,3,TPEA,enoen,entidad,Nayarit,65.74,0.793,8010
2022,4,TPEA,enoen,entidad,Nayarit,65.74,0.784,8131
2023,1,TPEA,enoe_2023,entidad,Nayarit,65.19,0.758,9361
2023,2,TPEA,enoe_2023,entidad,Nayarit,66.01,0.832,9236
2023,3,TPEA,enoe_2023,entidad,Nayarit,65.31,0.78,9264
2023,4,TPEA,enoe_2023,entidad,Nayarit,66.31,0.705,9233
2024,1,TPEA,enoe_2023,entidad,Nayarit,66.82,0.767,9299
2024,2,TPEA,enoe_2023,entidad,Nayarit,66.41,0.765,9316
2024,3,TPEA,enoe_2023,entidad,Nayarit,65.95,0.698,9392
2024,4,TPEA,enoe_2023,entidad,Nayarit,66.19,0.702,9256
2025,1,TPEA,enoe_2023,entidad,Nayarit,66.53,0.733,9222
2025,2,TPEA,enoe_2023,entidad,Nayarit,65.54,0.619,9337
2025,3,TPEA,enoe_2023,entidad,Nayarit,66.13,0.72,9217
2025,4,TPEA,enoe_2023,entidad,Nayarit,66.88,0.673,9208
2026,1,TPEA,enoe_2023,entidad,Nayarit,66.75,0.73,8962
2026,2,TPEA,enoe_2023,entidad,Nayarit,66.71,0.675,9083
2005,1,TPEA,tradicional,entidad,Nuevo León,62.04,0.498,10209
2005,2,TPEA,tradicional,entidad,Nuevo León,62.5,0.522,10126
2005,3,TPEA,tradicional,entidad,Nuevo León,63.52,0.512,10244
2005,4,TPEA,tradicional,entidad,Nuevo León,63.14,0.511,10305
2006,1,TPEA,tradicional,entidad,Nuevo León,62.99,0.691,10375
2006,2,TPEA,tradicional,entidad,Nuevo León,63.08,0.475,10288
2006,3,TPEA,tradicional,entidad,Nuevo León,64.82,0.532,10325
2006,4,TPEA,tradicional,entidad,Nuevo León,63.67,0.492,10208
2007,1,TPEA,tradicional,entidad,Nuevo León,64.2,0.492,10209
2007,2,TPEA,tradicional,entidad,Nuevo León,64.11,0.489,10101
2007,3,TPEA,tradicional,entidad,Nuevo León,63.63,0.473,10262
2007,4,TPEA,tradicional,entidad,Nuevo León,64.09,0.485,10386
2008,1,TPEA,tradicional,entidad,Nuevo León,63.47,0.488,10497
2008,2,TPEA,tradicional,entidad,Nuevo León,63.74,0.492,10365
2008,3,TPEA,tradicional,entidad,Nuevo León,63.3,0.518,10223
2008,4,TPEA,tradicional,entidad,Nuevo León,63.01,0.554,10054
2009,1,TPEA,tradicional,entidad,Nuevo León,63.32,0.548,10133
2009,2,TPEA,tradicional,entidad,Nuevo León,62.99,0.532,9992
2009,3,TPEA,tradicional,entidad,Nuevo León,63.22,0.537,10040
2009,4,TPEA,tradicional,entidad,Nuevo León,63.6,0.539,9972
2010,1,TPEA,tradicional,entidad,Nuevo León,62.74,0.522,9986
2010,2,TPEA,tradicional,entidad,Nuevo León,63.41,0.504,9953
2010,3,TPEA,tradicional,entidad,Nuevo León,62.74,0.513,9837
2010,4,TPEA,tradicional,entidad,Nuevo León,63.05,0.53,9645
2011,1,TPEA,tradicional,entidad,Nuevo León,61.61,0.52,9682
2011,2,TPEA,tradicional,entidad,Nuevo León,61.52,0.532,9727
2011,3,TPEA,tradicional,entidad,Nuevo León,61.97,0.544,9680
2011,4,TPEA,tradicional,entidad,Nuevo León,62.67,0.547,9619
2012,1,TPEA,tradicional,entidad,Nuevo León,61.75,0.537,9746
2012,2,TPEA,tradicional,entidad,Nuevo León,63.99,0.526,9797
2012,3,TPEA,tradicional,entidad,Nuevo León,62.54,0.554,9683
2012,4,TPEA,tradicional,entidad,Nuevo León,62.43,0.531,9527
2013,1,TPEA,tradicional,entidad,Nuevo León,60.32,0.585,9683
2013,2,TPEA,tradicional,entidad,Nuevo León,62.39,0.565,9687
2013,3,TPEA,tradicional,entidad,Nuevo León,61.59,0.572,9798
2013,4,TPEA,tradicional,entidad,Nuevo León,61.75,0.532,10050
2014,1,TPEA,tradicional,entidad,Nuevo León,59.76,0.552,9928
2014,2,TPEA,tradicional,entidad,Nuevo León,61.64,0.557,10116
2014,3,TPEA,tradicional,entidad,Nuevo León,61.72,0.549,10131
2014,4,TPEA,tradicional,entidad,Nuevo León,61.12,0.538,10150
2015,1,TPEA,tradicional,entidad,Nuevo León,60.69,0.528,10205
2015,2,TPEA,tradicional,entidad,Nuevo León,60.97,0.509,10382
2015,3,TPEA,tradicional,entidad,Nuevo León,61.49,0.535,10341
2015,4,TPEA,tradicional,entidad,Nuevo León,61.61,0.544,10315
2016,1,TPEA,tradicional,entidad,Nuevo León,59.79,0.539,10280
2016,2,TPEA,tradicional,entidad,Nuevo León,61.39,0.525,10299
2016,3,TPEA,tradicional,entidad,Nuevo León,61.81,0.517,10005
2016,4,TPEA,tradicional,entidad,Nuevo León,62.24,0.518,9989
2017,1,TPEA,tradicional,entidad,Nuevo León,60.76,0.521,10054
2017,2,TPEA,tradicional,entidad,Nuevo León,61.24,0.514,9938
2017,3,TPEA,tradicional,entidad,Nuevo León,61.15,0.552,9746
2017,4,TPEA,tradicional,entidad,Nuevo León,61.43,0.538,9853
2018,1,TPEA,tradicional,entidad,Nuevo León,59.88,0.548,9949
2018,2,TPEA,tradicional,entidad,Nuevo León,61.67,0.546,9999
2018,3,TPEA,tradicional,entidad,Nuevo León,61,0.547,10129
2018,4,TPEA,tradicional,entidad,Nuevo León,60.74,0.57,10077
2019,1,TPEA,tradicional,entidad,Nuevo León,60.47,0.513,10174
2019,2,TPEA,tradicional,entidad,Nuevo León,60.68,0.531,10208
2019,3,TPEA,tradicional,entidad,Nuevo León,60.63,0.537,10159
2019,4,TPEA,tradicional,entidad,Nuevo León,61.28,0.533,10111
2020,1,TPEA,tradicional,entidad,Nuevo León,60.95,0.532,10073
2020,3,TPEA,enoen,entidad,Nuevo León,58.65,0.888,5386
2020,4,TPEA,enoen,entidad,Nuevo León,59.2,0.637,10129
2021,1,TPEA,enoen,entidad,Nuevo León,58.96,0.64,9345
2021,2,TPEA,enoen,entidad,Nuevo León,61.56,0.642,9842
2021,3,TPEA,enoen,entidad,Nuevo León,61.02,0.547,10744
2021,4,TPEA,enoen,entidad,Nuevo León,61.11,0.572,10998
2022,1,TPEA,enoen,entidad,Nuevo León,60.31,0.546,10516
2022,2,TPEA,enoen,entidad,Nuevo León,60.76,0.563,10084
2022,3,TPEA,enoen,entidad,Nuevo León,60.99,0.528,9834
2022,4,TPEA,enoen,entidad,Nuevo León,61.62,0.541,9797
2023,1,TPEA,enoe_2023,entidad,Nuevo León,61.33,0.548,11146
2023,2,TPEA,enoe_2023,entidad,Nuevo León,61.02,0.579,10828
2023,3,TPEA,enoe_2023,entidad,Nuevo León,60.84,0.554,10709
2023,4,TPEA,enoe_2023,entidad,Nuevo León,60.85,0.562,10559
2024,1,TPEA,enoe_2023,entidad,Nuevo León,60.95,0.579,10582
2024,2,TPEA,enoe_2023,entidad,Nuevo León,61.62,0.569,10824
2024,3,TPEA,enoe_2023,entidad,Nuevo León,61.94,0.52,10856
2024,4,TPEA,enoe_2023,entidad,Nuevo León,62.35,0.578,10448
2025,1,TPEA,enoe_2023,entidad,Nuevo León,60.07,0.608,10119
2025,2,TPEA,enoe_2023,entidad,Nuevo León,61.48,0.575,10107
2025,3,TPEA,enoe_2023,entidad,Nuevo León,62,0.544,10205
2025,4,TPEA,enoe_2023,entidad,Nuevo León,61.79,0.558,10104
2026,1,TPEA,enoe_2023,entidad,Nuevo León,60.54,0.573,10096
2026,2,TPEA,enoe_2023,entidad,Nuevo León,60.67,0.557,10073
2005,1,TPEA,tradicional,entidad,Oaxaca,58.66,1.25,9368
2005,2,TPEA,tradicional,entidad,Oaxaca,60.56,0.955,9509
2005,3,TPEA,tradicional,entidad,Oaxaca,61.39,0.83,9641
2005,4,TPEA,tradicional,entidad,Oaxaca,59.96,0.935,9781
2006,1,TPEA,tradicional,entidad,Oaxaca,60.2,0.84,9927
2006,2,TPEA,tradicional,entidad,Oaxaca,58.74,0.891,9778
2006,3,TPEA,tradicional,entidad,Oaxaca,61.08,0.902,9869
2006,4,TPEA,tradicional,entidad,Oaxaca,59.53,1.067,9604
2007,1,TPEA,tradicional,entidad,Oaxaca,57.14,0.829,9923
2007,2,TPEA,tradicional,entidad,Oaxaca,59.78,0.955,10031
2007,3,TPEA,tradicional,entidad,Oaxaca,59.93,0.991,10086
2007,4,TPEA,tradicional,entidad,Oaxaca,60.41,0.91,10046
2008,1,TPEA,tradicional,entidad,Oaxaca,59.62,0.957,10072
2008,2,TPEA,tradicional,entidad,Oaxaca,58.7,1.231,10049
2008,3,TPEA,tradicional,entidad,Oaxaca,60.55,0.948,9900
2008,4,TPEA,tradicional,entidad,Oaxaca,59.11,0.851,9851
2009,1,TPEA,tradicional,entidad,Oaxaca,59.61,0.768,9841
2009,2,TPEA,tradicional,entidad,Oaxaca,59.91,1.055,9974
2009,3,TPEA,tradicional,entidad,Oaxaca,62.29,0.845,10060
2009,4,TPEA,tradicional,entidad,Oaxaca,61.1,0.883,10175
2010,1,TPEA,tradicional,entidad,Oaxaca,59.67,0.951,10362
2010,2,TPEA,tradicional,entidad,Oaxaca,60.88,0.935,10655
2010,3,TPEA,tradicional,entidad,Oaxaca,59.94,1.038,10481
2010,4,TPEA,tradicional,entidad,Oaxaca,59.66,0.824,10193
2011,1,TPEA,tradicional,entidad,Oaxaca,58.59,0.934,10293
2011,2,TPEA,tradicional,entidad,Oaxaca,59.79,1.05,10356
2011,3,TPEA,tradicional,entidad,Oaxaca,60.89,0.909,10187
2011,4,TPEA,tradicional,entidad,Oaxaca,62.33,0.901,10243
2012,1,TPEA,tradicional,entidad,Oaxaca,59.23,0.892,10262
2012,2,TPEA,tradicional,entidad,Oaxaca,60.08,0.871,10352
2012,3,TPEA,tradicional,entidad,Oaxaca,62.51,0.89,10214
2012,4,TPEA,tradicional,entidad,Oaxaca,59.84,0.848,10097
2013,1,TPEA,tradicional,entidad,Oaxaca,58.25,0.935,10146
2013,2,TPEA,tradicional,entidad,Oaxaca,57.54,0.954,10070
2013,3,TPEA,tradicional,entidad,Oaxaca,60.15,0.835,10118
2013,4,TPEA,tradicional,entidad,Oaxaca,58.76,0.928,10114
2014,1,TPEA,tradicional,entidad,Oaxaca,59.74,0.952,10259
2014,2,TPEA,tradicional,entidad,Oaxaca,58.77,0.922,10418
2014,3,TPEA,tradicional,entidad,Oaxaca,59.85,0.867,10381
2014,4,TPEA,tradicional,entidad,Oaxaca,58.75,0.952,10433
2015,1,TPEA,tradicional,entidad,Oaxaca,57.39,1.042,10552
2015,2,TPEA,tradicional,entidad,Oaxaca,57.83,0.843,10523
2015,3,TPEA,tradicional,entidad,Oaxaca,58.6,0.914,10313
2015,4,TPEA,tradicional,entidad,Oaxaca,58.81,0.792,10316
2016,1,TPEA,tradicional,entidad,Oaxaca,57,1.004,10157
2016,2,TPEA,tradicional,entidad,Oaxaca,58.96,0.815,10144
2016,3,TPEA,tradicional,entidad,Oaxaca,58.9,0.88,9955
2016,4,TPEA,tradicional,entidad,Oaxaca,58.76,0.89,9973
2017,1,TPEA,tradicional,entidad,Oaxaca,55.92,1.027,9844
2017,2,TPEA,tradicional,entidad,Oaxaca,57.98,0.749,9760
2017,3,TPEA,tradicional,entidad,Oaxaca,58.35,0.88,9715
2017,4,TPEA,tradicional,entidad,Oaxaca,57.38,0.78,9717
2018,1,TPEA,tradicional,entidad,Oaxaca,56.02,0.953,9778
2018,2,TPEA,tradicional,entidad,Oaxaca,58.26,0.929,9849
2018,3,TPEA,tradicional,entidad,Oaxaca,58.74,0.892,9882
2018,4,TPEA,tradicional,entidad,Oaxaca,58.69,1.046,9897
2019,1,TPEA,tradicional,entidad,Oaxaca,59.09,1.011,9919
2019,2,TPEA,tradicional,entidad,Oaxaca,61.59,0.949,9978
2019,3,TPEA,tradicional,entidad,Oaxaca,62.44,0.88,9774
2019,4,TPEA,tradicional,entidad,Oaxaca,63.77,1.047,9792
2020,1,TPEA,tradicional,entidad,Oaxaca,60.49,1.104,9959
2020,3,TPEA,enoen,entidad,Oaxaca,58.99,1.137,7829
2020,4,TPEA,enoen,entidad,Oaxaca,61.38,1.014,9906
2021,1,TPEA,enoen,entidad,Oaxaca,60.25,0.853,10324
2021,2,TPEA,enoen,entidad,Oaxaca,59.15,0.986,10303
2021,3,TPEA,enoen,entidad,Oaxaca,57.37,0.827,11327
2021,4,TPEA,enoen,entidad,Oaxaca,58.97,0.765,11432
2022,1,TPEA,enoen,entidad,Oaxaca,60.41,0.948,10480
2022,2,TPEA,enoen,entidad,Oaxaca,60.73,1.102,10302
2022,3,TPEA,enoen,entidad,Oaxaca,61.27,0.984,9702
2022,4,TPEA,enoen,entidad,Oaxaca,61.67,1.138,9602
2023,1,TPEA,enoe_2023,entidad,Oaxaca,61.62,0.809,10826
2023,2,TPEA,enoe_2023,entidad,Oaxaca,58.57,0.887,10714
2023,3,TPEA,enoe_2023,entidad,Oaxaca,61.72,0.887,10608
2023,4,TPEA,enoe_2023,entidad,Oaxaca,60.6,0.819,10643
2024,1,TPEA,enoe_2023,entidad,Oaxaca,58.69,0.992,10612
2024,2,TPEA,enoe_2023,entidad,Oaxaca,58.7,1.017,10684
2024,3,TPEA,enoe_2023,entidad,Oaxaca,60.62,0.849,10443
2024,4,TPEA,enoe_2023,entidad,Oaxaca,56.32,1.003,10565
2025,1,TPEA,enoe_2023,entidad,Oaxaca,56.85,0.915,10663
2025,2,TPEA,enoe_2023,entidad,Oaxaca,57.66,0.924,10748
2025,3,TPEA,enoe_2023,entidad,Oaxaca,59.12,0.959,10669
2025,4,TPEA,enoe_2023,entidad,Oaxaca,57.74,0.865,10712
2026,1,TPEA,enoe_2023,entidad,Oaxaca,58.19,1.014,10733
2026,2,TPEA,enoe_2023,entidad,Oaxaca,61.15,0.931,10607
2005,1,TPEA,tradicional,entidad,Puebla,60.79,0.629,10968
2005,2,TPEA,tradicional,entidad,Puebla,59.93,0.691,10900
2005,3,TPEA,tradicional,entidad,Puebla,61.87,0.727,10886
2005,4,TPEA,tradicional,entidad,Puebla,61.39,0.655,11013
2006,1,TPEA,tradicional,entidad,Puebla,60.74,0.643,11064
2006,2,TPEA,tradicional,entidad,Puebla,62.34,0.68,10956
2006,3,TPEA,tradicional,entidad,Puebla,62.6,0.736,10927
2006,4,TPEA,tradicional,entidad,Puebla,62.43,0.758,10848
2007,1,TPEA,tradicional,entidad,Puebla,61.75,0.577,11022
2007,2,TPEA,tradicional,entidad,Puebla,62.19,0.851,10880
2007,3,TPEA,tradicional,entidad,Puebla,61.76,0.807,10659
2007,4,TPEA,tradicional,entidad,Puebla,62.18,0.822,10775
2008,1,TPEA,tradicional,entidad,Puebla,59.41,0.713,10780
2008,2,TPEA,tradicional,entidad,Puebla,60.84,0.827,10616
2008,3,TPEA,tradicional,entidad,Puebla,59.85,0.709,10550
2008,4,TPEA,tradicional,entidad,Puebla,60.66,0.793,10565
2009,1,TPEA,tradicional,entidad,Puebla,59.35,0.817,10609
2009,2,TPEA,tradicional,entidad,Puebla,58.68,0.934,10709
2009,3,TPEA,tradicional,entidad,Puebla,61.22,0.703,10534
2009,4,TPEA,tradicional,entidad,Puebla,61.04,0.719,10521
2010,1,TPEA,tradicional,entidad,Puebla,59.13,0.781,10622
2010,2,TPEA,tradicional,entidad,Puebla,60.83,0.825,10506
2010,3,TPEA,tradicional,entidad,Puebla,61.79,0.612,10421
2010,4,TPEA,tradicional,entidad,Puebla,60.57,0.727,10378
2011,1,TPEA,tradicional,entidad,Puebla,58.91,0.664,10585
2011,2,TPEA,tradicional,entidad,Puebla,61.01,0.667,10521
2011,3,TPEA,tradicional,entidad,Puebla,60.54,0.665,10513
2011,4,TPEA,tradicional,entidad,Puebla,63.32,0.663,10678
2012,1,TPEA,tradicional,entidad,Puebla,60.56,0.622,10684
2012,2,TPEA,tradicional,entidad,Puebla,61.5,0.8,10612
2012,3,TPEA,tradicional,entidad,Puebla,61.3,0.653,10626
2012,4,TPEA,tradicional,entidad,Puebla,61.2,0.627,10561
2013,1,TPEA,tradicional,entidad,Puebla,60.45,0.631,10538
2013,2,TPEA,tradicional,entidad,Puebla,60.92,0.743,10813
2013,3,TPEA,tradicional,entidad,Puebla,62.26,0.661,10954
2013,4,TPEA,tradicional,entidad,Puebla,61.21,0.633,11101
2014,1,TPEA,tradicional,entidad,Puebla,60.72,0.713,11189
2014,2,TPEA,tradicional,entidad,Puebla,60.44,0.613,11271
2014,3,TPEA,tradicional,entidad,Puebla,60.51,0.728,11183
2014,4,TPEA,tradicional,entidad,Puebla,60.82,0.689,11161
2015,1,TPEA,tradicional,entidad,Puebla,59.8,0.663,11216
2015,2,TPEA,tradicional,entidad,Puebla,60.29,0.672,11320
2015,3,TPEA,tradicional,entidad,Puebla,59.59,0.782,11237
2015,4,TPEA,tradicional,entidad,Puebla,60.51,0.78,11269
2016,1,TPEA,tradicional,entidad,Puebla,58.8,0.656,11129
2016,2,TPEA,tradicional,entidad,Puebla,59.82,0.631,11273
2016,3,TPEA,tradicional,entidad,Puebla,61.69,0.867,10904
2016,4,TPEA,tradicional,entidad,Puebla,61.47,0.639,10893
2017,1,TPEA,tradicional,entidad,Puebla,60.76,0.655,10876
2017,2,TPEA,tradicional,entidad,Puebla,62.05,0.81,10830
2017,3,TPEA,tradicional,entidad,Puebla,59.85,0.801,10672
2017,4,TPEA,tradicional,entidad,Puebla,61.3,0.834,10738
2018,1,TPEA,tradicional,entidad,Puebla,59.48,0.717,10659
2018,2,TPEA,tradicional,entidad,Puebla,59.95,0.923,10865
2018,3,TPEA,tradicional,entidad,Puebla,60.61,0.729,10935
2018,4,TPEA,tradicional,entidad,Puebla,60.64,0.745,10841
2019,1,TPEA,tradicional,entidad,Puebla,61.05,0.633,11002
2019,2,TPEA,tradicional,entidad,Puebla,60.69,0.644,11120
2019,3,TPEA,tradicional,entidad,Puebla,62.87,0.648,11028
2019,4,TPEA,tradicional,entidad,Puebla,61.7,0.622,10879
2020,1,TPEA,tradicional,entidad,Puebla,60.85,0.603,10653
2020,3,TPEA,enoen,entidad,Puebla,57.56,1.805,5992
2020,4,TPEA,enoen,entidad,Puebla,59.28,1.058,9041
2021,1,TPEA,enoen,entidad,Puebla,57.78,0.878,8891
2021,2,TPEA,enoen,entidad,Puebla,60.5,0.743,10374
2021,3,TPEA,enoen,entidad,Puebla,59.77,0.759,11403
2021,4,TPEA,enoen,entidad,Puebla,60.4,0.616,11297
2022,1,TPEA,enoen,entidad,Puebla,59.31,0.75,10527
2022,2,TPEA,enoen,entidad,Puebla,60.52,0.706,10703
2022,3,TPEA,enoen,entidad,Puebla,58.95,0.732,10439
2022,4,TPEA,enoen,entidad,Puebla,59.63,0.74,10613
2023,1,TPEA,enoe_2023,entidad,Puebla,60.82,0.621,11790
2023,2,TPEA,enoe_2023,entidad,Puebla,61.18,0.61,11414
2023,3,TPEA,enoe_2023,entidad,Puebla,62.13,0.682,11398
2023,4,TPEA,enoe_2023,entidad,Puebla,61.24,0.681,11293
2024,1,TPEA,enoe_2023,entidad,Puebla,60.82,0.712,11367
2024,2,TPEA,enoe_2023,entidad,Puebla,61.47,0.863,11452
2024,3,TPEA,enoe_2023,entidad,Puebla,62.88,0.714,11405
2024,4,TPEA,enoe_2023,entidad,Puebla,61.34,0.683,11247
2025,1,TPEA,enoe_2023,entidad,Puebla,61.09,0.719,11134
2025,2,TPEA,enoe_2023,entidad,Puebla,60.75,0.682,11321
2025,3,TPEA,enoe_2023,entidad,Puebla,61.74,0.69,11581
2025,4,TPEA,enoe_2023,entidad,Puebla,62.17,0.659,11488
2026,1,TPEA,enoe_2023,entidad,Puebla,61.43,0.785,11505
2026,2,TPEA,enoe_2023,entidad,Puebla,61.21,0.636,11513
2005,1,TPEA,tradicional,entidad,Querétaro,59.06,0.616,8447
2005,2,TPEA,tradicional,entidad,Querétaro,60.13,0.601,8659
2005,3,TPEA,tradicional,entidad,Querétaro,60.63,0.592,8643
2005,4,TPEA,tradicional,entidad,Querétaro,61.29,0.552,8751
2006,1,TPEA,tradicional,entidad,Querétaro,60.21,0.546,8869
2006,2,TPEA,tradicional,entidad,Querétaro,59.16,0.556,8797
2006,3,TPEA,tradicional,entidad,Querétaro,59.62,0.588,8925
2006,4,TPEA,tradicional,entidad,Querétaro,59.93,0.598,9015
2007,1,TPEA,tradicional,entidad,Querétaro,59.42,0.557,9002
2007,2,TPEA,tradicional,entidad,Querétaro,58.82,0.621,8989
2007,3,TPEA,tradicional,entidad,Querétaro,59.02,0.593,8944
2007,4,TPEA,tradicional,entidad,Querétaro,60.72,0.636,8788
2008,1,TPEA,tradicional,entidad,Querétaro,58.7,0.531,8810
2008,2,TPEA,tradicional,entidad,Querétaro,59.6,0.609,8820
2008,3,TPEA,tradicional,entidad,Querétaro,60.16,0.666,8671
2008,4,TPEA,tradicional,entidad,Querétaro,59.22,0.675,8637
2009,1,TPEA,tradicional,entidad,Querétaro,58.52,0.653,8792
2009,2,TPEA,tradicional,entidad,Querétaro,57.2,0.669,8801
2009,3,TPEA,tradicional,entidad,Querétaro,58.83,0.642,8773
2009,4,TPEA,tradicional,entidad,Querétaro,57.61,0.607,8865
2010,1,TPEA,tradicional,entidad,Querétaro,56.62,0.689,8939
2010,2,TPEA,tradicional,entidad,Querétaro,58.76,0.529,9095
2010,3,TPEA,tradicional,entidad,Querétaro,58.83,0.596,8881
2010,4,TPEA,tradicional,entidad,Querétaro,55.83,0.608,8822
2011,1,TPEA,tradicional,entidad,Querétaro,57.34,0.609,8714
2011,2,TPEA,tradicional,entidad,Querétaro,57.41,0.602,8725
2011,3,TPEA,tradicional,entidad,Querétaro,56.58,0.563,8754
2011,4,TPEA,tradicional,entidad,Querétaro,56.61,0.669,8727
2012,1,TPEA,tradicional,entidad,Querétaro,56.72,0.594,8801
2012,2,TPEA,tradicional,entidad,Querétaro,55.47,0.698,8744
2012,3,TPEA,tradicional,entidad,Querétaro,57.58,0.616,8628
2012,4,TPEA,tradicional,entidad,Querétaro,54.16,0.648,8450
2013,1,TPEA,tradicional,entidad,Querétaro,55.2,0.613,8395
2013,2,TPEA,tradicional,entidad,Querétaro,53.62,0.834,8288
2013,3,TPEA,tradicional,entidad,Querétaro,53.85,0.683,8177
2013,4,TPEA,tradicional,entidad,Querétaro,54.72,0.827,8272
2014,1,TPEA,tradicional,entidad,Querétaro,53.78,0.714,8334
2014,2,TPEA,tradicional,entidad,Querétaro,54.1,0.641,8420
2014,3,TPEA,tradicional,entidad,Querétaro,54.05,0.676,8389
2014,4,TPEA,tradicional,entidad,Querétaro,53.61,0.815,8343
2015,1,TPEA,tradicional,entidad,Querétaro,55.55,0.702,8333
2015,2,TPEA,tradicional,entidad,Querétaro,53.6,0.687,8258
2015,3,TPEA,tradicional,entidad,Querétaro,55.32,0.713,8294
2015,4,TPEA,tradicional,entidad,Querétaro,57.52,0.736,8251
2016,1,TPEA,tradicional,entidad,Querétaro,55.41,0.633,8272
2016,2,TPEA,tradicional,entidad,Querétaro,54.5,0.744,8274
2016,3,TPEA,tradicional,entidad,Querétaro,53.49,0.71,8324
2016,4,TPEA,tradicional,entidad,Querétaro,53.04,0.745,8309
2017,1,TPEA,tradicional,entidad,Querétaro,54.08,0.704,8251
2017,2,TPEA,tradicional,entidad,Querétaro,52.49,0.682,8243
2017,3,TPEA,tradicional,entidad,Querétaro,53.04,0.669,8167
2017,4,TPEA,tradicional,entidad,Querétaro,53.58,0.705,8264
2018,1,TPEA,tradicional,entidad,Querétaro,56.32,0.628,8352
2018,2,TPEA,tradicional,entidad,Querétaro,55.06,0.664,8470
2018,3,TPEA,tradicional,entidad,Querétaro,55.23,0.655,8471
2018,4,TPEA,tradicional,entidad,Querétaro,54.34,0.726,8345
2019,1,TPEA,tradicional,entidad,Querétaro,54.86,0.617,8494
2019,2,TPEA,tradicional,entidad,Querétaro,53.93,0.706,8657
2019,3,TPEA,tradicional,entidad,Querétaro,54.82,0.684,8621
2019,4,TPEA,tradicional,entidad,Querétaro,55.19,0.703,8673
2020,1,TPEA,tradicional,entidad,Querétaro,56.62,0.674,8636
2020,3,TPEA,enoen,entidad,Querétaro,52.92,0.685,8179
2020,4,TPEA,enoen,entidad,Querétaro,56.69,0.821,7674
2021,1,TPEA,enoen,entidad,Querétaro,54.44,0.76,7367
2021,2,TPEA,enoen,entidad,Querétaro,56.57,0.775,8154
2021,3,TPEA,enoen,entidad,Querétaro,57.94,0.675,9712
2021,4,TPEA,enoen,entidad,Querétaro,56.29,0.735,9651
2022,1,TPEA,enoen,entidad,Querétaro,54.96,0.753,8396
2022,2,TPEA,enoen,entidad,Querétaro,53.27,0.705,8401
2022,3,TPEA,enoen,entidad,Querétaro,55.03,0.74,8489
2022,4,TPEA,enoen,entidad,Querétaro,57.22,0.65,8371
2023,1,TPEA,enoe_2023,entidad,Querétaro,57.74,0.663,9760
2023,2,TPEA,enoe_2023,entidad,Querétaro,58.31,0.645,9366
2023,3,TPEA,enoe_2023,entidad,Querétaro,59.21,0.723,9236
2023,4,TPEA,enoe_2023,entidad,Querétaro,59.12,0.672,9245
2024,1,TPEA,enoe_2023,entidad,Querétaro,58.69,0.679,9079
2024,2,TPEA,enoe_2023,entidad,Querétaro,58.97,0.711,9309
2024,3,TPEA,enoe_2023,entidad,Querétaro,60.44,0.7,9106
2024,4,TPEA,enoe_2023,entidad,Querétaro,61.66,0.708,8922
2025,1,TPEA,enoe_2023,entidad,Querétaro,61.2,0.767,9025
2025,2,TPEA,enoe_2023,entidad,Querétaro,60.94,0.697,8908
2025,3,TPEA,enoe_2023,entidad,Querétaro,61.03,0.753,8960
2025,4,TPEA,enoe_2023,entidad,Querétaro,62.89,0.671,8897
2026,1,TPEA,enoe_2023,entidad,Querétaro,61.01,0.643,8903
2026,2,TPEA,enoe_2023,entidad,Querétaro,60.83,0.623,8866
2005,1,TPEA,tradicional,entidad,Quintana Roo,66.43,0.769,7027
2005,2,TPEA,tradicional,entidad,Quintana Roo,68.2,0.587,7257
2005,3,TPEA,tradicional,entidad,Quintana Roo,68.23,0.654,7588
2005,4,TPEA,tradicional,entidad,Quintana Roo,67.04,0.554,7041
2006,1,TPEA,tradicional,entidad,Quintana Roo,67.44,0.596,7623
2006,2,TPEA,tradicional,entidad,Quintana Roo,68.89,0.585,7474
2006,3,TPEA,tradicional,entidad,Quintana Roo,70.53,0.559,7582
2006,4,TPEA,tradicional,entidad,Quintana Roo,70.01,0.576,7529
2007,1,TPEA,tradicional,entidad,Quintana Roo,70.91,0.653,7613
2007,2,TPEA,tradicional,entidad,Quintana Roo,70.52,0.677,7639
2007,3,TPEA,tradicional,entidad,Quintana Roo,69.83,0.613,7568
2007,4,TPEA,tradicional,entidad,Quintana Roo,70.95,0.564,7652
2008,1,TPEA,tradicional,entidad,Quintana Roo,71.24,0.647,7662
2008,2,TPEA,tradicional,entidad,Quintana Roo,71.42,0.625,7675
2008,3,TPEA,tradicional,entidad,Quintana Roo,70.69,0.564,7598
2008,4,TPEA,tradicional,entidad,Quintana Roo,70.34,0.599,7574
2009,1,TPEA,tradicional,entidad,Quintana Roo,67.82,0.676,7506
2009,2,TPEA,tradicional,entidad,Quintana Roo,68.75,0.626,7398
2009,3,TPEA,tradicional,entidad,Quintana Roo,68.25,0.624,7333
2009,4,TPEA,tradicional,entidad,Quintana Roo,68.4,0.619,7387
2010,1,TPEA,tradicional,entidad,Quintana Roo,68.31,0.748,7386
2010,2,TPEA,tradicional,entidad,Quintana Roo,70.02,0.764,7488
2010,3,TPEA,tradicional,entidad,Quintana Roo,68.25,0.616,7400
2010,4,TPEA,tradicional,entidad,Quintana Roo,68.35,0.697,7370
2011,1,TPEA,tradicional,entidad,Quintana Roo,67.47,0.639,7326
2011,2,TPEA,tradicional,entidad,Quintana Roo,68.17,0.737,7310
2011,3,TPEA,tradicional,entidad,Quintana Roo,67.16,0.872,7223
2011,4,TPEA,tradicional,entidad,Quintana Roo,68.14,0.791,7145
2012,1,TPEA,tradicional,entidad,Quintana Roo,68.19,0.855,7238
2012,2,TPEA,tradicional,entidad,Quintana Roo,68.68,0.734,7471
2012,3,TPEA,tradicional,entidad,Quintana Roo,67.5,0.594,7390
2012,4,TPEA,tradicional,entidad,Quintana Roo,66.21,0.652,7308
2013,1,TPEA,tradicional,entidad,Quintana Roo,66.61,0.639,7203
2013,2,TPEA,tradicional,entidad,Quintana Roo,68.28,0.566,7268
2013,3,TPEA,tradicional,entidad,Quintana Roo,68.14,0.67,7154
2013,4,TPEA,tradicional,entidad,Quintana Roo,67.6,0.684,7135
2014,1,TPEA,tradicional,entidad,Quintana Roo,67.02,0.583,7196
2014,2,TPEA,tradicional,entidad,Quintana Roo,67.41,0.585,7287
2014,3,TPEA,tradicional,entidad,Quintana Roo,67.09,0.587,7313
2014,4,TPEA,tradicional,entidad,Quintana Roo,66.87,0.629,7253
2015,1,TPEA,tradicional,entidad,Quintana Roo,66.35,0.638,7247
2015,2,TPEA,tradicional,entidad,Quintana Roo,66.68,0.623,7243
2015,3,TPEA,tradicional,entidad,Quintana Roo,66.71,0.707,7284
2015,4,TPEA,tradicional,entidad,Quintana Roo,67.53,0.648,7256
2016,1,TPEA,tradicional,entidad,Quintana Roo,66.92,0.614,7183
2016,2,TPEA,tradicional,entidad,Quintana Roo,67.43,0.606,7033
2016,3,TPEA,tradicional,entidad,Quintana Roo,68.08,0.617,7032
2016,4,TPEA,tradicional,entidad,Quintana Roo,66.71,0.64,7089
2017,1,TPEA,tradicional,entidad,Quintana Roo,66.12,0.636,7135
2017,2,TPEA,tradicional,entidad,Quintana Roo,66.2,0.573,7239
2017,3,TPEA,tradicional,entidad,Quintana Roo,66.67,0.668,6969
2017,4,TPEA,tradicional,entidad,Quintana Roo,66.37,0.663,7012
2018,1,TPEA,tradicional,entidad,Quintana Roo,65.86,0.711,6891
2018,2,TPEA,tradicional,entidad,Quintana Roo,66.92,0.636,7028
2018,3,TPEA,tradicional,entidad,Quintana Roo,66.93,0.641,7020
2018,4,TPEA,tradicional,entidad,Quintana Roo,67.2,0.624,6969
2019,1,TPEA,tradicional,entidad,Quintana Roo,67.94,0.654,7192
2019,2,TPEA,tradicional,entidad,Quintana Roo,67.22,0.597,7251
2019,3,TPEA,tradicional,entidad,Quintana Roo,65.31,0.629,7334
2019,4,TPEA,tradicional,entidad,Quintana Roo,66.25,0.637,7346
2020,1,TPEA,tradicional,entidad,Quintana Roo,65.46,0.632,7197
2020,3,TPEA,enoen,entidad,Quintana Roo,57.29,0.909,5505
2020,4,TPEA,enoen,entidad,Quintana Roo,61.46,0.936,5063
2021,1,TPEA,enoen,entidad,Quintana Roo,63.79,0.849,5396
2021,2,TPEA,enoen,entidad,Quintana Roo,63.22,0.782,6246
2021,3,TPEA,enoen,entidad,Quintana Roo,63.73,0.694,7899
2021,4,TPEA,enoen,entidad,Quintana Roo,64.2,0.737,7792
2022,1,TPEA,enoen,entidad,Quintana Roo,63.51,0.662,7228
2022,2,TPEA,enoen,entidad,Quintana Roo,64.9,0.593,7134
2022,3,TPEA,enoen,entidad,Quintana Roo,64.29,0.716,7055
2022,4,TPEA,enoen,entidad,Quintana Roo,65.16,0.73,6905
2023,1,TPEA,enoe_2023,entidad,Quintana Roo,65.49,0.723,8172
2023,2,TPEA,enoe_2023,entidad,Quintana Roo,65.59,0.664,7562
2023,3,TPEA,enoe_2023,entidad,Quintana Roo,65.54,0.641,7753
2023,4,TPEA,enoe_2023,entidad,Quintana Roo,65.72,0.647,7820
2024,1,TPEA,enoe_2023,entidad,Quintana Roo,65.35,0.666,7987
2024,2,TPEA,enoe_2023,entidad,Quintana Roo,65.67,0.616,7829
2024,3,TPEA,enoe_2023,entidad,Quintana Roo,66.08,0.665,7445
2024,4,TPEA,enoe_2023,entidad,Quintana Roo,66.09,0.868,7358
2025,1,TPEA,enoe_2023,entidad,Quintana Roo,66.04,0.646,7208
2025,2,TPEA,enoe_2023,entidad,Quintana Roo,67.01,0.771,7567
2025,3,TPEA,enoe_2023,entidad,Quintana Roo,65.97,0.702,7539
2025,4,TPEA,enoe_2023,entidad,Quintana Roo,66.36,0.675,7210
2026,1,TPEA,enoe_2023,entidad,Quintana Roo,66.67,0.941,7216
2026,2,TPEA,enoe_2023,entidad,Quintana Roo,66.44,0.723,7679
2005,1,TPEA,tradicional,entidad,San Luis Potosí,59.4,0.669,8667
2005,2,TPEA,tradicional,entidad,San Luis Potosí,59.16,0.693,8553
2005,3,TPEA,tradicional,entidad,San Luis Potosí,59.17,0.643,8568
2005,4,TPEA,tradicional,entidad,San Luis Potosí,59.09,0.587,8648
2006,1,TPEA,tradicional,entidad,San Luis Potosí,59.56,0.594,8747
2006,2,TPEA,tradicional,entidad,San Luis Potosí,57.98,0.702,8677
2006,3,TPEA,tradicional,entidad,San Luis Potosí,59.15,0.672,8757
2006,4,TPEA,tradicional,entidad,San Luis Potosí,60.1,0.627,8803
2007,1,TPEA,tradicional,entidad,San Luis Potosí,58.69,0.595,8879
2007,2,TPEA,tradicional,entidad,San Luis Potosí,58.4,0.624,8754
2007,3,TPEA,tradicional,entidad,San Luis Potosí,61.01,0.769,8742
2007,4,TPEA,tradicional,entidad,San Luis Potosí,60.45,0.636,8762
2008,1,TPEA,tradicional,entidad,San Luis Potosí,60.21,0.546,8768
2008,2,TPEA,tradicional,entidad,San Luis Potosí,60.05,0.694,8770
2008,3,TPEA,tradicional,entidad,San Luis Potosí,58.3,0.738,8525
2008,4,TPEA,tradicional,entidad,San Luis Potosí,58.37,0.678,8528
2009,1,TPEA,tradicional,entidad,San Luis Potosí,58.6,0.572,8562
2009,2,TPEA,tradicional,entidad,San Luis Potosí,58.07,0.732,8531
2009,3,TPEA,tradicional,entidad,San Luis Potosí,57.59,0.702,8550
2009,4,TPEA,tradicional,entidad,San Luis Potosí,57.63,0.664,8707
2010,1,TPEA,tradicional,entidad,San Luis Potosí,56.77,0.676,8835
2010,2,TPEA,tradicional,entidad,San Luis Potosí,58.27,0.703,8875
2010,3,TPEA,tradicional,entidad,San Luis Potosí,57.24,0.733,8780
2010,4,TPEA,tradicional,entidad,San Luis Potosí,56.73,0.644,8741
2011,1,TPEA,tradicional,entidad,San Luis Potosí,56.65,0.619,8805
2011,2,TPEA,tradicional,entidad,San Luis Potosí,56.32,0.597,8704
2011,3,TPEA,tradicional,entidad,San Luis Potosí,56.58,0.691,8764
2011,4,TPEA,tradicional,entidad,San Luis Potosí,55.78,0.773,8778
2012,1,TPEA,tradicional,entidad,San Luis Potosí,55.1,0.661,8884
2012,2,TPEA,tradicional,entidad,San Luis Potosí,56.73,0.805,8861
2012,3,TPEA,tradicional,entidad,San Luis Potosí,58.32,0.766,8815
2012,4,TPEA,tradicional,entidad,San Luis Potosí,57.17,0.641,8850
2013,1,TPEA,tradicional,entidad,San Luis Potosí,55.58,0.715,8823
2013,2,TPEA,tradicional,entidad,San Luis Potosí,58.02,0.712,8802
2013,3,TPEA,tradicional,entidad,San Luis Potosí,56.8,0.717,8804
2013,4,TPEA,tradicional,entidad,San Luis Potosí,59.08,0.6,9055
2014,1,TPEA,tradicional,entidad,San Luis Potosí,56.96,0.731,9079
2014,2,TPEA,tradicional,entidad,San Luis Potosí,58.05,0.664,9170
2014,3,TPEA,tradicional,entidad,San Luis Potosí,57.45,0.659,9117
2014,4,TPEA,tradicional,entidad,San Luis Potosí,57.75,0.586,9119
2015,1,TPEA,tradicional,entidad,San Luis Potosí,56.81,0.593,8996
2015,2,TPEA,tradicional,entidad,San Luis Potosí,58.25,0.676,9012
2015,3,TPEA,tradicional,entidad,San Luis Potosí,57.46,0.7,8967
2015,4,TPEA,tradicional,entidad,San Luis Potosí,58.36,0.644,8825
2016,1,TPEA,tradicional,entidad,San Luis Potosí,57.57,0.617,8813
2016,2,TPEA,tradicional,entidad,San Luis Potosí,59.06,0.679,8784
2016,3,TPEA,tradicional,entidad,San Luis Potosí,59.44,0.628,8652
2016,4,TPEA,tradicional,entidad,San Luis Potosí,58.27,0.631,8655
2017,1,TPEA,tradicional,entidad,San Luis Potosí,57.03,0.613,8745
2017,2,TPEA,tradicional,entidad,San Luis Potosí,58.39,0.595,8912
2017,3,TPEA,tradicional,entidad,San Luis Potosí,58.59,0.604,8930
2017,4,TPEA,tradicional,entidad,San Luis Potosí,59.3,0.55,8930
2018,1,TPEA,tradicional,entidad,San Luis Potosí,57.29,0.572,9045
2018,2,TPEA,tradicional,entidad,San Luis Potosí,59.42,0.604,9086
2018,3,TPEA,tradicional,entidad,San Luis Potosí,59.91,0.585,8893
2018,4,TPEA,tradicional,entidad,San Luis Potosí,58.68,0.543,8917
2019,1,TPEA,tradicional,entidad,San Luis Potosí,58.24,0.607,8981
2019,2,TPEA,tradicional,entidad,San Luis Potosí,59.54,0.676,8932
2019,3,TPEA,tradicional,entidad,San Luis Potosí,60.26,0.623,8905
2019,4,TPEA,tradicional,entidad,San Luis Potosí,58.65,0.677,8930
2020,1,TPEA,tradicional,entidad,San Luis Potosí,58.39,0.672,8959
2020,3,TPEA,enoen,entidad,San Luis Potosí,55.84,0.841,8039
2020,4,TPEA,enoen,entidad,San Luis Potosí,57.26,1.27,6852
2021,1,TPEA,enoen,entidad,San Luis Potosí,56.83,1.187,5829
2021,2,TPEA,enoen,entidad,San Luis Potosí,58.86,1.063,6318
2021,3,TPEA,enoen,entidad,San Luis Potosí,60.81,0.664,8278
2021,4,TPEA,enoen,entidad,San Luis Potosí,60.42,0.615,9773
2022,1,TPEA,enoen,entidad,San Luis Potosí,58.99,0.712,8872
2022,2,TPEA,enoen,entidad,San Luis Potosí,59.12,0.655,8720
2022,3,TPEA,enoen,entidad,San Luis Potosí,58.89,0.739,8602
2022,4,TPEA,enoen,entidad,San Luis Potosí,59.9,0.719,8579
2023,1,TPEA,enoe_2023,entidad,San Luis Potosí,60,0.654,9976
2023,2,TPEA,enoe_2023,entidad,San Luis Potosí,60.74,0.704,9647
2023,3,TPEA,enoe_2023,entidad,San Luis Potosí,62.05,0.629,9517
2023,4,TPEA,enoe_2023,entidad,San Luis Potosí,61.32,0.62,9599
2024,1,TPEA,enoe_2023,entidad,San Luis Potosí,60.45,0.702,9508
2024,2,TPEA,enoe_2023,entidad,San Luis Potosí,60.62,0.84,9508
2024,3,TPEA,enoe_2023,entidad,San Luis Potosí,60.66,0.687,9461
2024,4,TPEA,enoe_2023,entidad,San Luis Potosí,59.65,0.684,9167
2025,1,TPEA,enoe_2023,entidad,San Luis Potosí,58,0.682,9051
2025,2,TPEA,enoe_2023,entidad,San Luis Potosí,57.57,0.735,8913
2025,3,TPEA,enoe_2023,entidad,San Luis Potosí,57.76,0.755,8885
2025,4,TPEA,enoe_2023,entidad,San Luis Potosí,57.22,0.728,8799
2026,1,TPEA,enoe_2023,entidad,San Luis Potosí,57.29,0.813,8859
2026,2,TPEA,enoe_2023,entidad,San Luis Potosí,60.01,0.709,9013
2005,1,TPEA,tradicional,entidad,Sinaloa,64.47,0.811,8489
2005,2,TPEA,tradicional,entidad,Sinaloa,64.43,0.812,8586
2005,3,TPEA,tradicional,entidad,Sinaloa,60.5,0.824,8540
2005,4,TPEA,tradicional,entidad,Sinaloa,62.87,0.742,8772
2006,1,TPEA,tradicional,entidad,Sinaloa,63.77,0.629,8722
2006,2,TPEA,tradicional,entidad,Sinaloa,62.07,0.812,8733
2006,3,TPEA,tradicional,entidad,Sinaloa,59.79,0.797,8737
2006,4,TPEA,tradicional,entidad,Sinaloa,60.43,0.691,8984
2007,1,TPEA,tradicional,entidad,Sinaloa,60.28,0.705,9101
2007,2,TPEA,tradicional,entidad,Sinaloa,60.75,0.927,9044
2007,3,TPEA,tradicional,entidad,Sinaloa,58.77,0.804,8968
2007,4,TPEA,tradicional,entidad,Sinaloa,60.57,0.733,9081
2008,1,TPEA,tradicional,entidad,Sinaloa,60.36,0.658,8958
2008,2,TPEA,tradicional,entidad,Sinaloa,59.57,0.756,8907
2008,3,TPEA,tradicional,entidad,Sinaloa,59.52,0.723,8778
2008,4,TPEA,tradicional,entidad,Sinaloa,60.42,0.776,8793
2009,1,TPEA,tradicional,entidad,Sinaloa,60.4,0.714,8837
2009,2,TPEA,tradicional,entidad,Sinaloa,58.57,0.782,8731
2009,3,TPEA,tradicional,entidad,Sinaloa,59.87,0.758,8688
2009,4,TPEA,tradicional,entidad,Sinaloa,63.07,0.622,8883
2010,1,TPEA,tradicional,entidad,Sinaloa,61.5,0.866,8878
2010,2,TPEA,tradicional,entidad,Sinaloa,60.89,0.753,8836
2010,3,TPEA,tradicional,entidad,Sinaloa,59.54,0.921,8764
2010,4,TPEA,tradicional,entidad,Sinaloa,59.67,0.751,8664
2011,1,TPEA,tradicional,entidad,Sinaloa,58.85,0.932,8846
2011,2,TPEA,tradicional,entidad,Sinaloa,59.21,0.865,8840
2011,3,TPEA,tradicional,entidad,Sinaloa,58.55,0.991,8822
2011,4,TPEA,tradicional,entidad,Sinaloa,61.17,0.978,8789
2012,1,TPEA,tradicional,entidad,Sinaloa,60.74,0.728,8827
2012,2,TPEA,tradicional,entidad,Sinaloa,60.83,0.834,8807
2012,3,TPEA,tradicional,entidad,Sinaloa,59.71,0.85,8586
2012,4,TPEA,tradicional,entidad,Sinaloa,61.38,0.884,8464
2013,1,TPEA,tradicional,entidad,Sinaloa,61.23,0.79,8492
2013,2,TPEA,tradicional,entidad,Sinaloa,62.15,0.853,8406
2013,3,TPEA,tradicional,entidad,Sinaloa,60.08,0.748,8411
2013,4,TPEA,tradicional,entidad,Sinaloa,61.89,0.855,8611
2014,1,TPEA,tradicional,entidad,Sinaloa,61.1,1.003,8626
2014,2,TPEA,tradicional,entidad,Sinaloa,59.35,0.889,8600
2014,3,TPEA,tradicional,entidad,Sinaloa,59.51,0.821,8641
2014,4,TPEA,tradicional,entidad,Sinaloa,61.95,0.789,8675
2015,1,TPEA,tradicional,entidad,Sinaloa,61.97,0.704,8697
2015,2,TPEA,tradicional,entidad,Sinaloa,60.57,0.736,8738
2015,3,TPEA,tradicional,entidad,Sinaloa,60.14,0.839,8631
2015,4,TPEA,tradicional,entidad,Sinaloa,61.06,0.817,8622
2016,1,TPEA,tradicional,entidad,Sinaloa,61.89,0.704,8647
2016,2,TPEA,tradicional,entidad,Sinaloa,59.85,0.724,8656
2016,3,TPEA,tradicional,entidad,Sinaloa,60.76,0.722,8403
2016,4,TPEA,tradicional,entidad,Sinaloa,61.84,0.665,8617
2017,1,TPEA,tradicional,entidad,Sinaloa,61.69,0.671,8654
2017,2,TPEA,tradicional,entidad,Sinaloa,62.15,0.792,8797
2017,3,TPEA,tradicional,entidad,Sinaloa,60.8,0.713,8484
2017,4,TPEA,tradicional,entidad,Sinaloa,61.64,0.773,8568
2018,1,TPEA,tradicional,entidad,Sinaloa,62.89,0.814,8601
2018,2,TPEA,tradicional,entidad,Sinaloa,60.69,0.67,8525
2018,3,TPEA,tradicional,entidad,Sinaloa,58.84,0.864,8428
2018,4,TPEA,tradicional,entidad,Sinaloa,60.24,0.742,8483
2019,1,TPEA,tradicional,entidad,Sinaloa,60.01,0.725,8608
2019,2,TPEA,tradicional,entidad,Sinaloa,60.4,0.744,8610
2019,3,TPEA,tradicional,entidad,Sinaloa,59.84,0.757,8665
2019,4,TPEA,tradicional,entidad,Sinaloa,61.16,0.747,8778
2020,1,TPEA,tradicional,entidad,Sinaloa,60.6,0.78,8699
2020,3,TPEA,enoen,entidad,Sinaloa,53.93,1.794,4512
2020,4,TPEA,enoen,entidad,Sinaloa,54.96,1.486,5969
2021,1,TPEA,enoen,entidad,Sinaloa,57.52,1.251,7723
2021,2,TPEA,enoen,entidad,Sinaloa,57.47,0.953,9294
2021,3,TPEA,enoen,entidad,Sinaloa,56.55,0.699,9444
2021,4,TPEA,enoen,entidad,Sinaloa,56.83,0.74,9618
2022,1,TPEA,enoen,entidad,Sinaloa,56.42,0.725,8610
2022,2,TPEA,enoen,entidad,Sinaloa,58.72,0.736,8521
2022,3,TPEA,enoen,entidad,Sinaloa,57.87,0.784,8385
2022,4,TPEA,enoen,entidad,Sinaloa,60.57,0.768,8413
2023,1,TPEA,enoe_2023,entidad,Sinaloa,61.81,0.709,9370
2023,2,TPEA,enoe_2023,entidad,Sinaloa,61.04,0.694,9399
2023,3,TPEA,enoe_2023,entidad,Sinaloa,61.75,0.814,9505
2023,4,TPEA,enoe_2023,entidad,Sinaloa,61.91,0.857,9445
2024,1,TPEA,enoe_2023,entidad,Sinaloa,61.11,0.867,9232
2024,2,TPEA,enoe_2023,entidad,Sinaloa,62.02,0.845,9378
2024,3,TPEA,enoe_2023,entidad,Sinaloa,59.7,0.85,7938
2024,4,TPEA,enoe_2023,entidad,Sinaloa,59.21,0.969,8255
2025,1,TPEA,enoe_2023,entidad,Sinaloa,59.5,0.781,8658
2025,2,TPEA,enoe_2023,entidad,Sinaloa,59.73,0.859,8454
2025,3,TPEA,enoe_2023,entidad,Sinaloa,58.42,0.893,8618
2025,4,TPEA,enoe_2023,entidad,Sinaloa,58.94,0.765,8593
2026,1,TPEA,enoe_2023,entidad,Sinaloa,58.25,0.702,8809
2026,2,TPEA,enoe_2023,entidad,Sinaloa,57.79,0.771,8642
2005,1,TPEA,tradicional,entidad,Sonora,59.59,0.703,7866
2005,2,TPEA,tradicional,entidad,Sonora,59.16,0.686,7914
2005,3,TPEA,tradicional,entidad,Sonora,57.6,0.916,7986
2005,4,TPEA,tradicional,entidad,Sonora,57.75,0.982,8150
2006,1,TPEA,tradicional,entidad,Sonora,59.67,0.936,8225
2006,2,TPEA,tradicional,entidad,Sonora,59.88,0.749,8231
2006,3,TPEA,tradicional,entidad,Sonora,58.05,0.772,8189
2006,4,TPEA,tradicional,entidad,Sonora,59.02,0.789,8289
2007,1,TPEA,tradicional,entidad,Sonora,57.57,0.844,8465
2007,2,TPEA,tradicional,entidad,Sonora,56.93,0.849,8505
2007,3,TPEA,tradicional,entidad,Sonora,57.8,0.801,8493
2007,4,TPEA,tradicional,entidad,Sonora,59.61,0.984,8461
2008,1,TPEA,tradicional,entidad,Sonora,59.57,0.755,8586
2008,2,TPEA,tradicional,entidad,Sonora,60.9,0.843,8587
2008,3,TPEA,tradicional,entidad,Sonora,59.02,0.737,8328
2008,4,TPEA,tradicional,entidad,Sonora,57.97,0.939,8252
2009,1,TPEA,tradicional,entidad,Sonora,58.28,0.787,8382
2009,2,TPEA,tradicional,entidad,Sonora,58.62,0.83,8295
2009,3,TPEA,tradicional,entidad,Sonora,57.6,1.099,8275
2009,4,TPEA,tradicional,entidad,Sonora,60.44,0.976,8296
2010,1,TPEA,tradicional,entidad,Sonora,59.31,0.869,8478
2010,2,TPEA,tradicional,entidad,Sonora,59.6,0.786,8459
2010,3,TPEA,tradicional,entidad,Sonora,58.32,0.972,8480
2010,4,TPEA,tradicional,entidad,Sonora,57.98,0.853,8447
2011,1,TPEA,tradicional,entidad,Sonora,58.7,0.807,8571
2011,2,TPEA,tradicional,entidad,Sonora,59.11,0.757,8499
2011,3,TPEA,tradicional,entidad,Sonora,62.05,0.883,8479
2011,4,TPEA,tradicional,entidad,Sonora,62.34,0.804,8416
2012,1,TPEA,tradicional,entidad,Sonora,62.17,0.965,8505
2012,2,TPEA,tradicional,entidad,Sonora,62.48,0.784,8472
2012,3,TPEA,tradicional,entidad,Sonora,62.02,0.788,8443
2012,4,TPEA,tradicional,entidad,Sonora,60.82,0.8,8276
2013,1,TPEA,tradicional,entidad,Sonora,60.54,0.799,8195
2013,2,TPEA,tradicional,entidad,Sonora,64.83,0.677,8048
2013,3,TPEA,tradicional,entidad,Sonora,62.7,0.861,7945
2013,4,TPEA,tradicional,entidad,Sonora,65.06,0.675,8056
2014,1,TPEA,tradicional,entidad,Sonora,64.49,0.695,8101
2014,2,TPEA,tradicional,entidad,Sonora,64.73,0.794,8111
2014,3,TPEA,tradicional,entidad,Sonora,62.98,0.901,7972
2014,4,TPEA,tradicional,entidad,Sonora,63.74,0.797,8055
2015,1,TPEA,tradicional,entidad,Sonora,63.28,0.807,8157
2015,2,TPEA,tradicional,entidad,Sonora,64.45,0.666,8108
2015,3,TPEA,tradicional,entidad,Sonora,62.37,0.722,7997
2015,4,TPEA,tradicional,entidad,Sonora,63.14,0.69,7952
2016,1,TPEA,tradicional,entidad,Sonora,61.91,0.657,8082
2016,2,TPEA,tradicional,entidad,Sonora,64.19,0.742,7923
2016,3,TPEA,tradicional,entidad,Sonora,63.47,0.758,7680
2016,4,TPEA,tradicional,entidad,Sonora,63.53,0.653,7702
2017,1,TPEA,tradicional,entidad,Sonora,62.75,0.75,8036
2017,2,TPEA,tradicional,entidad,Sonora,63.41,0.805,7983
2017,3,TPEA,tradicional,entidad,Sonora,61.89,0.703,7915
2017,4,TPEA,tradicional,entidad,Sonora,62.99,0.651,7924
2018,1,TPEA,tradicional,entidad,Sonora,62.99,0.641,7806
2018,2,TPEA,tradicional,entidad,Sonora,63.49,0.644,7978
2018,3,TPEA,tradicional,entidad,Sonora,62.52,0.61,7856
2018,4,TPEA,tradicional,entidad,Sonora,63.65,0.72,7798
2019,1,TPEA,tradicional,entidad,Sonora,63.04,0.66,7899
2019,2,TPEA,tradicional,entidad,Sonora,63.19,0.661,8037
2019,3,TPEA,tradicional,entidad,Sonora,63.58,0.72,7938
2019,4,TPEA,tradicional,entidad,Sonora,64.12,0.753,7886
2020,1,TPEA,tradicional,entidad,Sonora,62.72,0.784,7962
2020,3,TPEA,enoen,entidad,Sonora,54.4,1.429,5289
2020,4,TPEA,enoen,entidad,Sonora,61.1,1.03,7732
2021,1,TPEA,enoen,entidad,Sonora,60.14,1.034,6654
2021,2,TPEA,enoen,entidad,Sonora,61.73,1.235,7469
2021,3,TPEA,enoen,entidad,Sonora,62.78,0.748,8763
2021,4,TPEA,enoen,entidad,Sonora,63.75,0.7,9053
2022,1,TPEA,enoen,entidad,Sonora,61.47,0.717,7808
2022,2,TPEA,enoen,entidad,Sonora,63.01,0.737,7780
2022,3,TPEA,enoen,entidad,Sonora,61.84,0.771,7744
2022,4,TPEA,enoen,entidad,Sonora,62.04,0.717,7775
2023,1,TPEA,enoe_2023,entidad,Sonora,62.05,0.649,9106
2023,2,TPEA,enoe_2023,entidad,Sonora,63.47,0.636,8941
2023,3,TPEA,enoe_2023,entidad,Sonora,62.1,0.725,8823
2023,4,TPEA,enoe_2023,entidad,Sonora,62.43,0.672,8757
2024,1,TPEA,enoe_2023,entidad,Sonora,60.87,0.678,8604
2024,2,TPEA,enoe_2023,entidad,Sonora,61.88,0.707,8592
2024,3,TPEA,enoe_2023,entidad,Sonora,60.58,0.837,8561
2024,4,TPEA,enoe_2023,entidad,Sonora,60.96,0.785,8492
2025,1,TPEA,enoe_2023,entidad,Sonora,60.08,0.769,8248
2025,2,TPEA,enoe_2023,entidad,Sonora,62.5,0.794,8318
2025,3,TPEA,enoe_2023,entidad,Sonora,62.1,0.718,8502
2025,4,TPEA,enoe_2023,entidad,Sonora,63.48,0.978,8071
2026,1,TPEA,enoe_2023,entidad,Sonora,60.63,0.741,8109
2026,2,TPEA,enoe_2023,entidad,Sonora,62.72,0.707,8145
2005,1,TPEA,tradicional,entidad,Tabasco,53.6,0.699,8649
2005,2,TPEA,tradicional,entidad,Tabasco,53.84,0.697,8728
2005,3,TPEA,tradicional,entidad,Tabasco,55.67,0.683,8965
2005,4,TPEA,tradicional,entidad,Tabasco,55.12,0.654,9063
2006,1,TPEA,tradicional,entidad,Tabasco,56.43,0.693,8955
2006,2,TPEA,tradicional,entidad,Tabasco,54.15,0.661,8906
2006,3,TPEA,tradicional,entidad,Tabasco,54.75,0.589,8919
2006,4,TPEA,tradicional,entidad,Tabasco,55.5,0.712,8796
2007,1,TPEA,tradicional,entidad,Tabasco,58.03,0.664,8816
2007,2,TPEA,tradicional,entidad,Tabasco,56.37,0.832,8726
2007,3,TPEA,tradicional,entidad,Tabasco,55.74,0.818,8733
2007,4,TPEA,tradicional,entidad,Tabasco,59.41,1.988,3053
2008,1,TPEA,tradicional,entidad,Tabasco,58.28,0.721,8772
2008,2,TPEA,tradicional,entidad,Tabasco,56.67,0.773,8764
2008,3,TPEA,tradicional,entidad,Tabasco,57.6,0.772,8682
2008,4,TPEA,tradicional,entidad,Tabasco,56.42,0.722,8504
2009,1,TPEA,tradicional,entidad,Tabasco,57.38,0.683,8506
2009,2,TPEA,tradicional,entidad,Tabasco,57.18,0.651,8527
2009,3,TPEA,tradicional,entidad,Tabasco,59.13,0.614,8419
2009,4,TPEA,tradicional,entidad,Tabasco,57.83,0.716,8551
2010,1,TPEA,tradicional,entidad,Tabasco,58.57,0.663,8609
2010,2,TPEA,tradicional,entidad,Tabasco,59.84,0.677,8571
2010,3,TPEA,tradicional,entidad,Tabasco,57.57,0.667,8470
2010,4,TPEA,tradicional,entidad,Tabasco,57.33,0.63,8530
2011,1,TPEA,tradicional,entidad,Tabasco,58.24,0.596,8705
2011,2,TPEA,tradicional,entidad,Tabasco,58.35,0.569,8704
2011,3,TPEA,tradicional,entidad,Tabasco,57.9,0.73,8566
2011,4,TPEA,tradicional,entidad,Tabasco,59.42,0.846,8625
2012,1,TPEA,tradicional,entidad,Tabasco,56.52,0.826,8511
2012,2,TPEA,tradicional,entidad,Tabasco,57.27,0.8,8625
2012,3,TPEA,tradicional,entidad,Tabasco,58.6,0.742,8630
2012,4,TPEA,tradicional,entidad,Tabasco,56.53,0.75,8669
2013,1,TPEA,tradicional,entidad,Tabasco,56.51,0.56,8709
2013,2,TPEA,tradicional,entidad,Tabasco,59.04,0.7,8855
2013,3,TPEA,tradicional,entidad,Tabasco,59.34,0.643,8855
2013,4,TPEA,tradicional,entidad,Tabasco,58.1,0.82,9083
2014,1,TPEA,tradicional,entidad,Tabasco,57.4,0.691,9153
2014,2,TPEA,tradicional,entidad,Tabasco,58.21,0.749,9194
2014,3,TPEA,tradicional,entidad,Tabasco,57.46,0.634,9100
2014,4,TPEA,tradicional,entidad,Tabasco,58.15,0.803,9028
2015,1,TPEA,tradicional,entidad,Tabasco,55.71,0.682,9020
2015,2,TPEA,tradicional,entidad,Tabasco,57.64,0.628,8977
2015,3,TPEA,tradicional,entidad,Tabasco,58.4,0.754,8903
2015,4,TPEA,tradicional,entidad,Tabasco,58.15,0.748,8880
2016,1,TPEA,tradicional,entidad,Tabasco,56.9,0.685,8786
2016,2,TPEA,tradicional,entidad,Tabasco,59.79,0.7,8822
2016,3,TPEA,tradicional,entidad,Tabasco,57.38,0.546,8712
2016,4,TPEA,tradicional,entidad,Tabasco,59.52,0.716,8684
2017,1,TPEA,tradicional,entidad,Tabasco,55.82,0.58,8736
2017,2,TPEA,tradicional,entidad,Tabasco,56.53,0.794,8647
2017,3,TPEA,tradicional,entidad,Tabasco,57.85,0.671,8443
2017,4,TPEA,tradicional,entidad,Tabasco,56.05,0.659,8489
2018,1,TPEA,tradicional,entidad,Tabasco,55.48,0.664,8460
2018,2,TPEA,tradicional,entidad,Tabasco,57.59,0.762,8454
2018,3,TPEA,tradicional,entidad,Tabasco,56.68,0.952,8473
2018,4,TPEA,tradicional,entidad,Tabasco,57.3,0.754,8480
2019,1,TPEA,tradicional,entidad,Tabasco,57.14,0.835,8407
2019,2,TPEA,tradicional,entidad,Tabasco,60.1,0.739,8448
2019,3,TPEA,tradicional,entidad,Tabasco,59.23,0.706,8543
2019,4,TPEA,tradicional,entidad,Tabasco,58.69,0.663,8529
2020,1,TPEA,tradicional,entidad,Tabasco,59.45,0.702,8562
2020,3,TPEA,enoen,entidad,Tabasco,50.4,0.878,7557
2020,4,TPEA,enoen,entidad,Tabasco,52.87,0.948,9118
2021,1,TPEA,enoen,entidad,Tabasco,55.11,0.967,8816
2021,2,TPEA,enoen,entidad,Tabasco,56.78,1.313,8821
2021,3,TPEA,enoen,entidad,Tabasco,55.63,0.741,9101
2021,4,TPEA,enoen,entidad,Tabasco,55.33,0.752,9269
2022,1,TPEA,enoen,entidad,Tabasco,56.79,0.793,8320
2022,2,TPEA,enoen,entidad,Tabasco,57,0.728,8453
2022,3,TPEA,enoen,entidad,Tabasco,57.46,0.741,8417
2022,4,TPEA,enoen,entidad,Tabasco,58.83,0.944,8451
2023,1,TPEA,enoe_2023,entidad,Tabasco,58.71,0.728,9694
2023,2,TPEA,enoe_2023,entidad,Tabasco,57.61,0.687,9171
2023,3,TPEA,enoe_2023,entidad,Tabasco,60.11,0.745,9141
2023,4,TPEA,enoe_2023,entidad,Tabasco,59.78,0.595,9174
2024,1,TPEA,enoe_2023,entidad,Tabasco,58.57,0.677,9141
2024,2,TPEA,enoe_2023,entidad,Tabasco,57.25,0.706,9225
2024,3,TPEA,enoe_2023,entidad,Tabasco,56.82,0.832,9336
2024,4,TPEA,enoe_2023,entidad,Tabasco,58.83,0.888,9351
2025,1,TPEA,enoe_2023,entidad,Tabasco,57.21,0.93,9338
2025,2,TPEA,enoe_2023,entidad,Tabasco,58.26,0.89,9164
2025,3,TPEA,enoe_2023,entidad,Tabasco,58.81,0.896,9057
2025,4,TPEA,enoe_2023,entidad,Tabasco,57.86,0.876,8829
2026,1,TPEA,enoe_2023,entidad,Tabasco,57.5,0.783,9060
2026,2,TPEA,enoe_2023,entidad,Tabasco,57.5,0.819,9071
2005,1,TPEA,tradicional,entidad,Tamaulipas,60.57,0.815,8768
2005,2,TPEA,tradicional,entidad,Tamaulipas,60.96,0.731,8796
2005,3,TPEA,tradicional,entidad,Tamaulipas,60.01,0.681,8852
2005,4,TPEA,tradicional,entidad,Tamaulipas,60.62,0.702,8952
2006,1,TPEA,tradicional,entidad,Tamaulipas,61.56,0.783,9024
2006,2,TPEA,tradicional,entidad,Tamaulipas,61.12,0.698,9115
2006,3,TPEA,tradicional,entidad,Tamaulipas,62.79,0.89,9046
2006,4,TPEA,tradicional,entidad,Tamaulipas,62.46,0.817,9162
2007,1,TPEA,tradicional,entidad,Tamaulipas,60.29,0.723,9150
2007,2,TPEA,tradicional,entidad,Tamaulipas,62.58,0.674,9058
2007,3,TPEA,tradicional,entidad,Tamaulipas,62.22,0.713,8928
2007,4,TPEA,tradicional,entidad,Tamaulipas,62.3,0.668,8747
2008,1,TPEA,tradicional,entidad,Tamaulipas,62.49,0.682,8848
2008,2,TPEA,tradicional,entidad,Tamaulipas,63.41,0.663,8893
2008,3,TPEA,tradicional,entidad,Tamaulipas,61.76,0.697,8718
2008,4,TPEA,tradicional,entidad,Tamaulipas,60.62,0.718,8682
2009,1,TPEA,tradicional,entidad,Tamaulipas,59.88,0.677,8800
2009,2,TPEA,tradicional,entidad,Tamaulipas,60.87,0.714,8696
2009,3,TPEA,tradicional,entidad,Tamaulipas,60.28,0.712,8588
2009,4,TPEA,tradicional,entidad,Tamaulipas,60.73,0.695,8665
2010,1,TPEA,tradicional,entidad,Tamaulipas,59.65,0.697,8608
2010,2,TPEA,tradicional,entidad,Tamaulipas,60.64,0.718,8586
2010,3,TPEA,tradicional,entidad,Tamaulipas,60.95,0.723,8529
2010,4,TPEA,tradicional,entidad,Tamaulipas,59.58,0.76,8199
2011,1,TPEA,tradicional,entidad,Tamaulipas,59.27,0.846,8190
2011,2,TPEA,tradicional,entidad,Tamaulipas,61.41,0.811,8071
2011,3,TPEA,tradicional,entidad,Tamaulipas,60.95,0.732,8160
2011,4,TPEA,tradicional,entidad,Tamaulipas,61.36,0.828,8360
2012,1,TPEA,tradicional,entidad,Tamaulipas,61.03,0.788,8234
2012,2,TPEA,tradicional,entidad,Tamaulipas,62.83,0.824,8301
2012,3,TPEA,tradicional,entidad,Tamaulipas,62.55,0.808,8158
2012,4,TPEA,tradicional,entidad,Tamaulipas,60.87,0.761,7838
2013,1,TPEA,tradicional,entidad,Tamaulipas,61.34,0.749,7743
2013,2,TPEA,tradicional,entidad,Tamaulipas,61.14,0.851,7864
2013,3,TPEA,tradicional,entidad,Tamaulipas,62.51,0.817,7746
2013,4,TPEA,tradicional,entidad,Tamaulipas,63.73,0.79,8011
2014,1,TPEA,tradicional,entidad,Tamaulipas,61.87,0.657,8120
2014,2,TPEA,tradicional,entidad,Tamaulipas,61.61,0.687,8145
2014,3,TPEA,tradicional,entidad,Tamaulipas,60.66,0.718,8130
2014,4,TPEA,tradicional,entidad,Tamaulipas,60.49,0.688,8193
2015,1,TPEA,tradicional,entidad,Tamaulipas,59.64,0.691,8360
2015,2,TPEA,tradicional,entidad,Tamaulipas,60.85,0.696,8369
2015,3,TPEA,tradicional,entidad,Tamaulipas,60.56,0.768,8289
2015,4,TPEA,tradicional,entidad,Tamaulipas,61.46,0.714,8234
2016,1,TPEA,tradicional,entidad,Tamaulipas,60.99,0.673,8309
2016,2,TPEA,tradicional,entidad,Tamaulipas,61.62,0.748,8052
2016,3,TPEA,tradicional,entidad,Tamaulipas,62.51,0.701,7882
2016,4,TPEA,tradicional,entidad,Tamaulipas,61.5,0.759,7994
2017,1,TPEA,tradicional,entidad,Tamaulipas,60.4,0.687,8016
2017,2,TPEA,tradicional,entidad,Tamaulipas,60.67,0.677,8070
2017,3,TPEA,tradicional,entidad,Tamaulipas,60.2,0.727,7881
2017,4,TPEA,tradicional,entidad,Tamaulipas,60.76,0.708,7959
2018,1,TPEA,tradicional,entidad,Tamaulipas,60.28,0.686,7996
2018,2,TPEA,tradicional,entidad,Tamaulipas,62.35,0.668,8066
2018,3,TPEA,tradicional,entidad,Tamaulipas,61.24,0.726,8070
2018,4,TPEA,tradicional,entidad,Tamaulipas,61.82,0.689,8107
2019,1,TPEA,tradicional,entidad,Tamaulipas,61.7,0.599,11640
2019,2,TPEA,tradicional,entidad,Tamaulipas,62.84,0.607,11819
2019,3,TPEA,tradicional,entidad,Tamaulipas,61.65,0.562,11801
2019,4,TPEA,tradicional,entidad,Tamaulipas,61.7,0.607,11722
2020,1,TPEA,tradicional,entidad,Tamaulipas,60.09,0.559,11962
2020,3,TPEA,enoen,entidad,Tamaulipas,56.3,0.719,7098
2020,4,TPEA,enoen,entidad,Tamaulipas,58.33,0.64,11713
2021,1,TPEA,enoen,entidad,Tamaulipas,58.17,0.668,11085
2021,2,TPEA,enoen,entidad,Tamaulipas,60.09,0.62,12076
2021,3,TPEA,enoen,entidad,Tamaulipas,60.27,0.586,12765
2021,4,TPEA,enoen,entidad,Tamaulipas,61.23,0.611,12770
2022,1,TPEA,enoen,entidad,Tamaulipas,59.62,0.619,11876
2022,2,TPEA,enoen,entidad,Tamaulipas,60.88,0.625,11745
2022,3,TPEA,enoen,entidad,Tamaulipas,60.19,0.608,11687
2022,4,TPEA,enoen,entidad,Tamaulipas,60.53,0.663,11846
2023,1,TPEA,enoe_2023,entidad,Tamaulipas,59.65,0.554,12950
2023,2,TPEA,enoe_2023,entidad,Tamaulipas,61.09,0.585,12384
2023,3,TPEA,enoe_2023,entidad,Tamaulipas,60.34,0.691,12344
2023,4,TPEA,enoe_2023,entidad,Tamaulipas,61.12,0.651,12360
2024,1,TPEA,enoe_2023,entidad,Tamaulipas,60.05,0.64,12164
2024,2,TPEA,enoe_2023,entidad,Tamaulipas,60.57,0.621,12298
2024,3,TPEA,enoe_2023,entidad,Tamaulipas,61,0.553,12304
2024,4,TPEA,enoe_2023,entidad,Tamaulipas,59.4,0.583,12094
2025,1,TPEA,enoe_2023,entidad,Tamaulipas,59.63,0.663,11903
2025,2,TPEA,enoe_2023,entidad,Tamaulipas,60.32,0.649,12290
2025,3,TPEA,enoe_2023,entidad,Tamaulipas,59.79,0.626,12187
2025,4,TPEA,enoe_2023,entidad,Tamaulipas,59.29,0.659,12020
2026,1,TPEA,enoe_2023,entidad,Tamaulipas,58.85,0.6,12252
2026,2,TPEA,enoe_2023,entidad,Tamaulipas,58.4,0.589,12272
2005,1,TPEA,tradicional,entidad,Tlaxcala,56.86,0.562,8427
2005,2,TPEA,tradicional,entidad,Tlaxcala,58.06,0.62,8540
2005,3,TPEA,tradicional,entidad,Tlaxcala,60.41,0.648,8538
2005,4,TPEA,tradicional,entidad,Tlaxcala,61.22,0.596,8439
2006,1,TPEA,tradicional,entidad,Tlaxcala,59.49,0.563,8415
2006,2,TPEA,tradicional,entidad,Tlaxcala,59.78,0.562,8468
2006,3,TPEA,tradicional,entidad,Tlaxcala,61.53,0.576,8502
2006,4,TPEA,tradicional,entidad,Tlaxcala,61.25,0.573,8450
2007,1,TPEA,tradicional,entidad,Tlaxcala,60.21,0.498,8590
2007,2,TPEA,tradicional,entidad,Tlaxcala,59.3,0.62,8563
2007,3,TPEA,tradicional,entidad,Tlaxcala,60.87,0.597,8480
2007,4,TPEA,tradicional,entidad,Tlaxcala,59.76,0.583,8420
2008,1,TPEA,tradicional,entidad,Tlaxcala,59.23,0.611,8484
2008,2,TPEA,tradicional,entidad,Tlaxcala,59.73,0.69,8521
2008,3,TPEA,tradicional,entidad,Tlaxcala,61.14,0.656,8382
2008,4,TPEA,tradicional,entidad,Tlaxcala,58.3,0.638,8331
2009,1,TPEA,tradicional,entidad,Tlaxcala,57.2,0.628,8373
2009,2,TPEA,tradicional,entidad,Tlaxcala,62.09,0.659,8284
2009,3,TPEA,tradicional,entidad,Tlaxcala,61.36,0.649,8147
2009,4,TPEA,tradicional,entidad,Tlaxcala,60.44,0.593,8261
2010,1,TPEA,tradicional,entidad,Tlaxcala,58.69,0.612,8327
2010,2,TPEA,tradicional,entidad,Tlaxcala,60.21,0.624,8327
2010,3,TPEA,tradicional,entidad,Tlaxcala,60.54,0.572,8295
2010,4,TPEA,tradicional,entidad,Tlaxcala,58.68,0.61,8183
2011,1,TPEA,tradicional,entidad,Tlaxcala,58.39,0.632,8183
2011,2,TPEA,tradicional,entidad,Tlaxcala,58.74,0.612,8154
2011,3,TPEA,tradicional,entidad,Tlaxcala,60.56,0.617,8313
2011,4,TPEA,tradicional,entidad,Tlaxcala,60.56,0.571,8287
2012,1,TPEA,tradicional,entidad,Tlaxcala,56.62,0.645,8363
2012,2,TPEA,tradicional,entidad,Tlaxcala,60.33,0.566,8336
2012,3,TPEA,tradicional,entidad,Tlaxcala,60.87,0.568,8279
2012,4,TPEA,tradicional,entidad,Tlaxcala,60.44,0.532,8113
2013,1,TPEA,tradicional,entidad,Tlaxcala,59.9,0.627,8159
2013,2,TPEA,tradicional,entidad,Tlaxcala,61.15,0.615,8150
2013,3,TPEA,tradicional,entidad,Tlaxcala,63.3,0.629,8128
2013,4,TPEA,tradicional,entidad,Tlaxcala,61.46,0.577,8247
2014,1,TPEA,tradicional,entidad,Tlaxcala,60.49,0.597,8236
2014,2,TPEA,tradicional,entidad,Tlaxcala,61.79,0.598,8398
2014,3,TPEA,tradicional,entidad,Tlaxcala,61.78,0.585,8415
2014,4,TPEA,tradicional,entidad,Tlaxcala,60.87,0.577,8516
2015,1,TPEA,tradicional,entidad,Tlaxcala,60.62,0.542,8577
2015,2,TPEA,tradicional,entidad,Tlaxcala,62.96,0.55,8555
2015,3,TPEA,tradicional,entidad,Tlaxcala,61.03,0.621,8593
2015,4,TPEA,tradicional,entidad,Tlaxcala,62.07,0.584,8675
2016,1,TPEA,tradicional,entidad,Tlaxcala,60.84,0.596,8726
2016,2,TPEA,tradicional,entidad,Tlaxcala,62.5,0.562,8825
2016,3,TPEA,tradicional,entidad,Tlaxcala,62.02,0.553,8787
2016,4,TPEA,tradicional,entidad,Tlaxcala,62.23,0.526,8675
2017,1,TPEA,tradicional,entidad,Tlaxcala,61.05,0.589,8479
2017,2,TPEA,tradicional,entidad,Tlaxcala,61.33,0.579,8457
2017,3,TPEA,tradicional,entidad,Tlaxcala,61.26,0.638,8290
2017,4,TPEA,tradicional,entidad,Tlaxcala,61.22,0.557,8377
2018,1,TPEA,tradicional,entidad,Tlaxcala,60.47,0.677,8349
2018,2,TPEA,tradicional,entidad,Tlaxcala,60.8,0.631,8540
2018,3,TPEA,tradicional,entidad,Tlaxcala,61.94,0.663,8583
2018,4,TPEA,tradicional,entidad,Tlaxcala,61.39,0.603,8657
2019,1,TPEA,tradicional,entidad,Tlaxcala,61.47,0.544,8782
2019,2,TPEA,tradicional,entidad,Tlaxcala,62.26,0.575,8841
2019,3,TPEA,tradicional,entidad,Tlaxcala,63.01,0.578,8743
2019,4,TPEA,tradicional,entidad,Tlaxcala,62.19,0.61,8686
2020,1,TPEA,tradicional,entidad,Tlaxcala,61.63,0.601,8556
2020,3,TPEA,enoen,entidad,Tlaxcala,57.35,1.066,4983
2020,4,TPEA,enoen,entidad,Tlaxcala,59.76,0.654,8128
2021,1,TPEA,enoen,entidad,Tlaxcala,57.84,0.689,6307
2021,2,TPEA,enoen,entidad,Tlaxcala,61.09,0.661,8359
2021,3,TPEA,enoen,entidad,Tlaxcala,61.79,0.648,9769
2021,4,TPEA,enoen,entidad,Tlaxcala,61.27,0.657,9711
2022,1,TPEA,enoen,entidad,Tlaxcala,60.44,0.637,8677
2022,2,TPEA,enoen,entidad,Tlaxcala,61.16,0.691,8570
2022,3,TPEA,enoen,entidad,Tlaxcala,61.94,0.597,8579
2022,4,TPEA,enoen,entidad,Tlaxcala,61.18,0.572,8674
2023,1,TPEA,enoe_2023,entidad,Tlaxcala,60.76,0.594,10066
2023,2,TPEA,enoe_2023,entidad,Tlaxcala,62.2,0.627,9376
2023,3,TPEA,enoe_2023,entidad,Tlaxcala,61.87,0.667,9214
2023,4,TPEA,enoe_2023,entidad,Tlaxcala,61.84,0.679,9342
2024,1,TPEA,enoe_2023,entidad,Tlaxcala,61.3,0.604,9395
2024,2,TPEA,enoe_2023,entidad,Tlaxcala,61.49,0.85,9577
2024,3,TPEA,enoe_2023,entidad,Tlaxcala,62.18,0.621,9490
2024,4,TPEA,enoe_2023,entidad,Tlaxcala,60.83,0.559,9319
2025,1,TPEA,enoe_2023,entidad,Tlaxcala,60.17,0.546,9308
2025,2,TPEA,enoe_2023,entidad,Tlaxcala,60.88,0.562,9288
2025,3,TPEA,enoe_2023,entidad,Tlaxcala,62.38,0.593,9329
2025,4,TPEA,enoe_2023,entidad,Tlaxcala,62.32,0.615,9409
2026,1,TPEA,enoe_2023,entidad,Tlaxcala,60.54,0.633,9238
2026,2,TPEA,enoe_2023,entidad,Tlaxcala,61.77,0.569,9258
2005,1,TPEA,tradicional,entidad,Veracruz de Ignacio de la Llave,54.55,0.685,9880
2005,2,TPEA,tradicional,entidad,Veracruz de Ignacio de la Llave,52.88,1.117,9890
2005,3,TPEA,tradicional,entidad,Veracruz de Ignacio de la Llave,53.95,0.771,10088
2005,4,TPEA,tradicional,entidad,Veracruz de Ignacio de la Llave,55.43,0.725,10417
2006,1,TPEA,tradicional,entidad,Veracruz de Ignacio de la Llave,55.28,0.662,10759
2006,2,TPEA,tradicional,entidad,Veracruz de Ignacio de la Llave,54.84,0.751,10546
2006,3,TPEA,tradicional,entidad,Veracruz de Ignacio de la Llave,55.76,0.676,10425
2006,4,TPEA,tradicional,entidad,Veracruz de Ignacio de la Llave,57.12,0.754,10371
2007,1,TPEA,tradicional,entidad,Veracruz de Ignacio de la Llave,56.42,0.71,10539
2007,2,TPEA,tradicional,entidad,Veracruz de Ignacio de la Llave,57.39,0.656,10328
2007,3,TPEA,tradicional,entidad,Veracruz de Ignacio de la Llave,55.92,0.746,10211
2007,4,TPEA,tradicional,entidad,Veracruz de Ignacio de la Llave,57.37,0.777,10213
2008,1,TPEA,tradicional,entidad,Veracruz de Ignacio de la Llave,56.62,0.821,10176
2008,2,TPEA,tradicional,entidad,Veracruz de Ignacio de la Llave,56.55,0.765,10088
2008,3,TPEA,tradicional,entidad,Veracruz de Ignacio de la Llave,55.89,0.8,9787
2008,4,TPEA,tradicional,entidad,Veracruz de Ignacio de la Llave,55.09,0.82,9875
2009,1,TPEA,tradicional,entidad,Veracruz de Ignacio de la Llave,56.31,0.732,9950
2009,2,TPEA,tradicional,entidad,Veracruz de Ignacio de la Llave,55.98,0.72,9828
2009,3,TPEA,tradicional,entidad,Veracruz de Ignacio de la Llave,56.32,0.832,9714
2009,4,TPEA,tradicional,entidad,Veracruz de Ignacio de la Llave,57.47,0.835,9763
2010,1,TPEA,tradicional,entidad,Veracruz de Ignacio de la Llave,56.34,0.795,9866
2010,2,TPEA,tradicional,entidad,Veracruz de Ignacio de la Llave,57,0.814,9915
2010,3,TPEA,tradicional,entidad,Veracruz de Ignacio de la Llave,55.8,0.755,9604
2010,4,TPEA,tradicional,entidad,Veracruz de Ignacio de la Llave,54.75,0.729,9744
2011,1,TPEA,tradicional,entidad,Veracruz de Ignacio de la Llave,55.61,0.818,9800
2011,2,TPEA,tradicional,entidad,Veracruz de Ignacio de la Llave,55.47,0.775,9808
2011,3,TPEA,tradicional,entidad,Veracruz de Ignacio de la Llave,55.74,0.736,9567
2011,4,TPEA,tradicional,entidad,Veracruz de Ignacio de la Llave,55.47,0.718,9531
2012,1,TPEA,tradicional,entidad,Veracruz de Ignacio de la Llave,56.64,0.725,9982
2012,2,TPEA,tradicional,entidad,Veracruz de Ignacio de la Llave,58.25,0.749,9825
2012,3,TPEA,tradicional,entidad,Veracruz de Ignacio de la Llave,56.4,0.804,9815
2012,4,TPEA,tradicional,entidad,Veracruz de Ignacio de la Llave,55.82,0.855,9537
2013,1,TPEA,tradicional,entidad,Veracruz de Ignacio de la Llave,55.48,0.86,9688
2013,2,TPEA,tradicional,entidad,Veracruz de Ignacio de la Llave,55.48,0.759,9731
2013,3,TPEA,tradicional,entidad,Veracruz de Ignacio de la Llave,55.38,0.765,9838
2013,4,TPEA,tradicional,entidad,Veracruz de Ignacio de la Llave,56.14,0.594,10024
2014,1,TPEA,tradicional,entidad,Veracruz de Ignacio de la Llave,55.55,0.694,10152
2014,2,TPEA,tradicional,entidad,Veracruz de Ignacio de la Llave,53.23,0.718,10218
2014,3,TPEA,tradicional,entidad,Veracruz de Ignacio de la Llave,54.78,0.759,10131
2014,4,TPEA,tradicional,entidad,Veracruz de Ignacio de la Llave,53.27,0.71,10087
2015,1,TPEA,tradicional,entidad,Veracruz de Ignacio de la Llave,54.11,0.692,9978
2015,2,TPEA,tradicional,entidad,Veracruz de Ignacio de la Llave,53.12,0.744,9915
2015,3,TPEA,tradicional,entidad,Veracruz de Ignacio de la Llave,54.45,0.713,10138
2015,4,TPEA,tradicional,entidad,Veracruz de Ignacio de la Llave,53.83,0.673,10060
2016,1,TPEA,tradicional,entidad,Veracruz de Ignacio de la Llave,51.99,0.731,9840
2016,2,TPEA,tradicional,entidad,Veracruz de Ignacio de la Llave,52.34,0.76,9676
2016,3,TPEA,tradicional,entidad,Veracruz de Ignacio de la Llave,52.4,0.741,9502
2016,4,TPEA,tradicional,entidad,Veracruz de Ignacio de la Llave,52.35,0.841,9458
2017,1,TPEA,tradicional,entidad,Veracruz de Ignacio de la Llave,53.53,0.851,9392
2017,2,TPEA,tradicional,entidad,Veracruz de Ignacio de la Llave,53.99,0.74,9502
2017,3,TPEA,tradicional,entidad,Veracruz de Ignacio de la Llave,53.67,0.756,9290
2017,4,TPEA,tradicional,entidad,Veracruz de Ignacio de la Llave,52.93,0.805,9200
2018,1,TPEA,tradicional,entidad,Veracruz de Ignacio de la Llave,52.83,0.745,9278
2018,2,TPEA,tradicional,entidad,Veracruz de Ignacio de la Llave,52.58,0.802,9569
2018,3,TPEA,tradicional,entidad,Veracruz de Ignacio de la Llave,53.94,0.769,9663
2018,4,TPEA,tradicional,entidad,Veracruz de Ignacio de la Llave,52.68,0.719,9739
2019,1,TPEA,tradicional,entidad,Veracruz de Ignacio de la Llave,53.22,0.722,9832
2019,2,TPEA,tradicional,entidad,Veracruz de Ignacio de la Llave,54.26,0.69,9923
2019,3,TPEA,tradicional,entidad,Veracruz de Ignacio de la Llave,53.33,0.711,9902
2019,4,TPEA,tradicional,entidad,Veracruz de Ignacio de la Llave,53.95,0.696,9686
2020,1,TPEA,tradicional,entidad,Veracruz de Ignacio de la Llave,55.46,0.812,13970
2020,3,TPEA,enoen,entidad,Veracruz de Ignacio de la Llave,50.33,1.568,7075
2020,4,TPEA,enoen,entidad,Veracruz de Ignacio de la Llave,53.21,1.121,10955
2021,1,TPEA,enoen,entidad,Veracruz de Ignacio de la Llave,52.73,1.271,10997
2021,2,TPEA,enoen,entidad,Veracruz de Ignacio de la Llave,54.18,0.937,12707
2021,3,TPEA,enoen,entidad,Veracruz de Ignacio de la Llave,53.59,0.786,14589
2021,4,TPEA,enoen,entidad,Veracruz de Ignacio de la Llave,54.09,0.818,14832
2022,1,TPEA,enoen,entidad,Veracruz de Ignacio de la Llave,52.29,0.962,13723
2022,2,TPEA,enoen,entidad,Veracruz de Ignacio de la Llave,54.24,0.878,14207
2022,3,TPEA,enoen,entidad,Veracruz de Ignacio de la Llave,52.34,0.765,14196
2022,4,TPEA,enoen,entidad,Veracruz de Ignacio de la Llave,53.65,0.751,14094
2023,1,TPEA,enoe_2023,entidad,Veracruz de Ignacio de la Llave,54.76,0.759,15401
2023,2,TPEA,enoe_2023,entidad,Veracruz de Ignacio de la Llave,54.24,0.847,14656
2023,3,TPEA,enoe_2023,entidad,Veracruz de Ignacio de la Llave,54.36,0.761,14561
2023,4,TPEA,enoe_2023,entidad,Veracruz de Ignacio de la Llave,55.89,0.777,14519
2024,1,TPEA,enoe_2023,entidad,Veracruz de Ignacio de la Llave,56.15,0.746,14345
2024,2,TPEA,enoe_2023,entidad,Veracruz de Ignacio de la Llave,54.48,0.797,14225
2024,3,TPEA,enoe_2023,entidad,Veracruz de Ignacio de la Llave,56.8,0.903,14114
2024,4,TPEA,enoe_2023,entidad,Veracruz de Ignacio de la Llave,54.54,0.785,14136
2025,1,TPEA,enoe_2023,entidad,Veracruz de Ignacio de la Llave,54.44,0.813,13969
2025,2,TPEA,enoe_2023,entidad,Veracruz de Ignacio de la Llave,54.63,0.75,14268
2025,3,TPEA,enoe_2023,entidad,Veracruz de Ignacio de la Llave,52.98,0.833,14206
2025,4,TPEA,enoe_2023,entidad,Veracruz de Ignacio de la Llave,52.06,0.9,14456
2026,1,TPEA,enoe_2023,entidad,Veracruz de Ignacio de la Llave,53.32,0.883,14405
2026,2,TPEA,enoe_2023,entidad,Veracruz de Ignacio de la Llave,52.23,0.86,14434
2005,1,TPEA,tradicional,entidad,Yucatán,62.09,0.662,8010
2005,2,TPEA,tradicional,entidad,Yucatán,62.96,0.665,8137
2005,3,TPEA,tradicional,entidad,Yucatán,63.27,0.699,8045
2005,4,TPEA,tradicional,entidad,Yucatán,62.56,0.662,8216
2006,1,TPEA,tradicional,entidad,Yucatán,62.14,0.617,8249
2006,2,TPEA,tradicional,entidad,Yucatán,63.57,0.574,8240
2006,3,TPEA,tradicional,entidad,Yucatán,64.6,0.55,8286
2006,4,TPEA,tradicional,entidad,Yucatán,64.59,0.634,8307
2007,1,TPEA,tradicional,entidad,Yucatán,64.48,0.676,8328
2007,2,TPEA,tradicional,entidad,Yucatán,64.47,0.67,8159
2007,3,TPEA,tradicional,entidad,Yucatán,63.3,0.679,8048
2007,4,TPEA,tradicional,entidad,Yucatán,64.57,0.651,8148
2008,1,TPEA,tradicional,entidad,Yucatán,63.73,0.667,8115
2008,2,TPEA,tradicional,entidad,Yucatán,64.87,0.628,8203
2008,3,TPEA,tradicional,entidad,Yucatán,64.76,0.606,8167
2008,4,TPEA,tradicional,entidad,Yucatán,64.61,0.65,8175
2009,1,TPEA,tradicional,entidad,Yucatán,63.31,0.621,8216
2009,2,TPEA,tradicional,entidad,Yucatán,64.04,0.553,8189
2009,3,TPEA,tradicional,entidad,Yucatán,64.58,0.57,8065
2009,4,TPEA,tradicional,entidad,Yucatán,64.79,0.69,8067
2010,1,TPEA,tradicional,entidad,Yucatán,64.44,0.603,8143
2010,2,TPEA,tradicional,entidad,Yucatán,63.63,0.574,8159
2010,3,TPEA,tradicional,entidad,Yucatán,64.38,0.611,8414
2010,4,TPEA,tradicional,entidad,Yucatán,61.91,0.662,8193
2011,1,TPEA,tradicional,entidad,Yucatán,63.2,0.621,8305
2011,2,TPEA,tradicional,entidad,Yucatán,64.37,0.575,8214
2011,3,TPEA,tradicional,entidad,Yucatán,63.38,0.683,8224
2011,4,TPEA,tradicional,entidad,Yucatán,64.92,0.65,8127
2012,1,TPEA,tradicional,entidad,Yucatán,63.6,0.556,8301
2012,2,TPEA,tradicional,entidad,Yucatán,64.98,0.602,8205
2012,3,TPEA,tradicional,entidad,Yucatán,65.07,0.575,8191
2012,4,TPEA,tradicional,entidad,Yucatán,63.84,0.56,8039
2013,1,TPEA,tradicional,entidad,Yucatán,64.94,0.596,8074
2013,2,TPEA,tradicional,entidad,Yucatán,64.81,0.621,8027
2013,3,TPEA,tradicional,entidad,Yucatán,64.3,0.636,8116
2013,4,TPEA,tradicional,entidad,Yucatán,65.37,0.604,8278
2014,1,TPEA,tradicional,entidad,Yucatán,63.58,0.653,8428
2014,2,TPEA,tradicional,entidad,Yucatán,63.64,0.527,8508
2014,3,TPEA,tradicional,entidad,Yucatán,64.14,0.551,8689
2014,4,TPEA,tradicional,entidad,Yucatán,63.49,0.578,8619
2015,1,TPEA,tradicional,entidad,Yucatán,63.41,0.584,8613
2015,2,TPEA,tradicional,entidad,Yucatán,63.61,0.634,8532
2015,3,TPEA,tradicional,entidad,Yucatán,63.46,0.591,8394
2015,4,TPEA,tradicional,entidad,Yucatán,63.69,0.614,8373
2016,1,TPEA,tradicional,entidad,Yucatán,63.18,0.621,8342
2016,2,TPEA,tradicional,entidad,Yucatán,64.42,0.618,8309
2016,3,TPEA,tradicional,entidad,Yucatán,63.98,0.59,8405
2016,4,TPEA,tradicional,entidad,Yucatán,64.45,0.6,8541
2017,1,TPEA,tradicional,entidad,Yucatán,64.31,0.56,8457
2017,2,TPEA,tradicional,entidad,Yucatán,63.99,0.605,8512
2017,3,TPEA,tradicional,entidad,Yucatán,63.87,0.581,8455
2017,4,TPEA,tradicional,entidad,Yucatán,63.56,0.602,8608
2018,1,TPEA,tradicional,entidad,Yucatán,63.92,0.672,8669
2018,2,TPEA,tradicional,entidad,Yucatán,64.37,0.724,8800
2018,3,TPEA,tradicional,entidad,Yucatán,64.02,0.657,8586
2018,4,TPEA,tradicional,entidad,Yucatán,64.99,0.597,8671
2019,1,TPEA,tradicional,entidad,Yucatán,64.42,0.54,8672
2019,2,TPEA,tradicional,entidad,Yucatán,63.59,0.554,8694
2019,3,TPEA,tradicional,entidad,Yucatán,64.95,0.577,8621
2019,4,TPEA,tradicional,entidad,Yucatán,64.71,0.583,8596
2020,1,TPEA,tradicional,entidad,Yucatán,64.64,0.536,8531
2020,3,TPEA,enoen,entidad,Yucatán,62.13,1.152,3870
2020,4,TPEA,enoen,entidad,Yucatán,63.98,0.904,5531
2021,1,TPEA,enoen,entidad,Yucatán,65.26,1.113,5446
2021,2,TPEA,enoen,entidad,Yucatán,65.51,0.762,6388
2021,3,TPEA,enoen,entidad,Yucatán,63.54,0.677,7548
2021,4,TPEA,enoen,entidad,Yucatán,64.88,0.669,7154
2022,1,TPEA,enoen,entidad,Yucatán,64.75,0.632,8043
2022,2,TPEA,enoen,entidad,Yucatán,66,0.614,8376
2022,3,TPEA,enoen,entidad,Yucatán,65.77,0.619,8332
2022,4,TPEA,enoen,entidad,Yucatán,66.34,0.586,8443
2023,1,TPEA,enoe_2023,entidad,Yucatán,65.35,0.627,9675
2023,2,TPEA,enoe_2023,entidad,Yucatán,66.2,0.628,9230
2023,3,TPEA,enoe_2023,entidad,Yucatán,65.27,0.626,9204
2023,4,TPEA,enoe_2023,entidad,Yucatán,65.77,0.591,9218
2024,1,TPEA,enoe_2023,entidad,Yucatán,64.7,0.597,9029
2024,2,TPEA,enoe_2023,entidad,Yucatán,65.92,0.581,9112
2024,3,TPEA,enoe_2023,entidad,Yucatán,65.79,0.573,9195
2024,4,TPEA,enoe_2023,entidad,Yucatán,64.92,0.59,9126
2025,1,TPEA,enoe_2023,entidad,Yucatán,65.59,0.599,9028
2025,2,TPEA,enoe_2023,entidad,Yucatán,65.81,0.633,9030
2025,3,TPEA,enoe_2023,entidad,Yucatán,66.27,0.589,8813
2025,4,TPEA,enoe_2023,entidad,Yucatán,65.49,0.607,8786
2026,1,TPEA,enoe_2023,entidad,Yucatán,64.31,0.643,8786
2026,2,TPEA,enoe_2023,entidad,Yucatán,64.14,0.716,8799
2005,1,TPEA,tradicional,entidad,Zacatecas,52.66,0.846,8764
2005,2,TPEA,tradicional,entidad,Zacatecas,54.01,0.819,8831
2005,3,TPEA,tradicional,entidad,Zacatecas,56.05,0.736,8700
2005,4,TPEA,tradicional,entidad,Zacatecas,57.21,0.781,8650
2006,1,TPEA,tradicional,entidad,Zacatecas,54.26,0.787,8790
2006,2,TPEA,tradicional,entidad,Zacatecas,56.27,0.805,8765
2006,3,TPEA,tradicional,entidad,Zacatecas,59.48,0.805,8723
2006,4,TPEA,tradicional,entidad,Zacatecas,62.28,0.867,8800
2007,1,TPEA,tradicional,entidad,Zacatecas,56.97,1.014,8890
2007,2,TPEA,tradicional,entidad,Zacatecas,57.24,0.836,9056
2007,3,TPEA,tradicional,entidad,Zacatecas,60.07,0.741,8895
2007,4,TPEA,tradicional,entidad,Zacatecas,60.58,0.765,9008
2008,1,TPEA,tradicional,entidad,Zacatecas,53.68,0.998,9039
2008,2,TPEA,tradicional,entidad,Zacatecas,56.62,0.782,9057
2008,3,TPEA,tradicional,entidad,Zacatecas,57.35,0.714,8914
2008,4,TPEA,tradicional,entidad,Zacatecas,57.92,0.85,8902
2009,1,TPEA,tradicional,entidad,Zacatecas,52.44,0.936,8936
2009,2,TPEA,tradicional,entidad,Zacatecas,55.93,0.727,8885
2009,3,TPEA,tradicional,entidad,Zacatecas,58.91,0.769,8889
2009,4,TPEA,tradicional,entidad,Zacatecas,58.27,0.765,9137
2010,1,TPEA,tradicional,entidad,Zacatecas,54.83,0.86,9199
2010,2,TPEA,tradicional,entidad,Zacatecas,56.5,0.795,9195
2010,3,TPEA,tradicional,entidad,Zacatecas,57.84,0.711,9055
2010,4,TPEA,tradicional,entidad,Zacatecas,58.48,0.684,9099
2011,1,TPEA,tradicional,entidad,Zacatecas,54.85,0.867,9105
2011,2,TPEA,tradicional,entidad,Zacatecas,57.28,0.828,9031
2011,3,TPEA,tradicional,entidad,Zacatecas,59.29,0.84,9097
2011,4,TPEA,tradicional,entidad,Zacatecas,57.94,0.906,9158
2012,1,TPEA,tradicional,entidad,Zacatecas,55.56,0.851,9231
2012,2,TPEA,tradicional,entidad,Zacatecas,58.84,0.814,9274
2012,3,TPEA,tradicional,entidad,Zacatecas,60.01,0.826,9183
2012,4,TPEA,tradicional,entidad,Zacatecas,56.53,0.918,9038
2013,1,TPEA,tradicional,entidad,Zacatecas,53.44,0.788,8828
2013,2,TPEA,tradicional,entidad,Zacatecas,55.26,0.854,8850
2013,3,TPEA,tradicional,entidad,Zacatecas,56.93,0.861,8781
2013,4,TPEA,tradicional,entidad,Zacatecas,57.71,0.734,8857
2014,1,TPEA,tradicional,entidad,Zacatecas,53.93,0.941,9030
2014,2,TPEA,tradicional,entidad,Zacatecas,55.3,0.749,9155
2014,3,TPEA,tradicional,entidad,Zacatecas,57.36,0.779,9084
2014,4,TPEA,tradicional,entidad,Zacatecas,57.67,0.856,9217
2015,1,TPEA,tradicional,entidad,Zacatecas,53.22,0.932,9150
2015,2,TPEA,tradicional,entidad,Zacatecas,56.11,0.847,9120
2015,3,TPEA,tradicional,entidad,Zacatecas,56.97,0.743,9110
2015,4,TPEA,tradicional,entidad,Zacatecas,57.43,0.691,8981
2016,1,TPEA,tradicional,entidad,Zacatecas,54.25,0.771,8968
2016,2,TPEA,tradicional,entidad,Zacatecas,55.78,0.821,8990
2016,3,TPEA,tradicional,entidad,Zacatecas,57.55,0.752,8917
2016,4,TPEA,tradicional,entidad,Zacatecas,56.38,0.864,8943
2017,1,TPEA,tradicional,entidad,Zacatecas,54.48,0.747,8978
2017,2,TPEA,tradicional,entidad,Zacatecas,57.78,0.814,8998
2017,3,TPEA,tradicional,entidad,Zacatecas,56.54,0.784,8804
2017,4,TPEA,tradicional,entidad,Zacatecas,57.14,0.785,8770
2018,1,TPEA,tradicional,entidad,Zacatecas,54.4,0.793,8686
2018,2,TPEA,tradicional,entidad,Zacatecas,57.11,0.852,8694
2018,3,TPEA,tradicional,entidad,Zacatecas,56.88,0.842,8726
2018,4,TPEA,tradicional,entidad,Zacatecas,57.39,0.778,8804
2019,1,TPEA,tradicional,entidad,Zacatecas,55.76,0.774,8827
2019,2,TPEA,tradicional,entidad,Zacatecas,58.39,0.853,8889
2019,3,TPEA,tradicional,entidad,Zacatecas,58.87,0.74,8957
2019,4,TPEA,tradicional,entidad,Zacatecas,58.5,0.768,8901
2020,1,TPEA,tradicional,entidad,Zacatecas,56.45,0.916,8819
2020,3,TPEA,enoen,entidad,Zacatecas,58.67,0.99,5379
2020,4,TPEA,enoen,entidad,Zacatecas,59.16,0.69,8543
2021,1,TPEA,enoen,entidad,Zacatecas,57.31,0.771,8611
2021,2,TPEA,enoen,entidad,Zacatecas,57.96,0.721,8492
2021,3,TPEA,enoen,entidad,Zacatecas,59.83,0.759,9648
2021,4,TPEA,enoen,entidad,Zacatecas,59.91,0.808,9532
2022,1,TPEA,enoen,entidad,Zacatecas,56.58,0.764,8866
2022,2,TPEA,enoen,entidad,Zacatecas,58.33,0.78,8774
2022,3,TPEA,enoen,entidad,Zacatecas,58.17,0.844,8362
2022,4,TPEA,enoen,entidad,Zacatecas,57.39,0.84,8341
2023,1,TPEA,enoe_2023,entidad,Zacatecas,55.18,0.769,9698
2023,2,TPEA,enoe_2023,entidad,Zacatecas,57.36,0.926,9193
2023,3,TPEA,enoe_2023,entidad,Zacatecas,57.95,0.702,9052
2023,4,TPEA,enoe_2023,entidad,Zacatecas,54.95,0.868,9087
2024,1,TPEA,enoe_2023,entidad,Zacatecas,55.18,0.827,8953
2024,2,TPEA,enoe_2023,entidad,Zacatecas,55.8,0.898,9112
2024,3,TPEA,enoe_2023,entidad,Zacatecas,57.44,0.737,9122
2024,4,TPEA,enoe_2023,entidad,Zacatecas,54.38,0.938,8959
2025,1,TPEA,enoe_2023,entidad,Zacatecas,53.32,0.81,8953
2025,2,TPEA,enoe_2023,entidad,Zacatecas,55.56,0.784,8903
2025,3,TPEA,enoe_2023,entidad,Zacatecas,56.26,0.75,8931
2025,4,TPEA,enoe_2023,entidad,Zacatecas,54.82,0.743,8859
2026,1,TPEA,enoe_2023,entidad,Zacatecas,52.11,0.694,8967
2026,2,TPEA,enoe_2023,entidad,Zacatecas,54,0.764,8678
2005,1,TPEA,tradicional,nacional,NA,58.98,0.149,283547
2005,2,TPEA,tradicional,nacional,NA,58.88,0.172,285678
2005,3,TPEA,tradicional,nacional,NA,59.74,0.147,287724
2005,4,TPEA,tradicional,nacional,NA,59.7,0.15,290701
2006,1,TPEA,tradicional,nacional,NA,59.64,0.155,293303
2006,2,TPEA,tradicional,nacional,NA,59.83,0.154,291784
2006,3,TPEA,tradicional,nacional,NA,60.54,0.152,291842
2006,4,TPEA,tradicional,nacional,NA,60.51,0.155,291415
2007,1,TPEA,tradicional,nacional,NA,59.75,0.151,293664
2007,2,TPEA,tradicional,nacional,NA,59.93,0.154,292452
2007,3,TPEA,tradicional,nacional,NA,59.89,0.152,290675
2007,4,TPEA,tradicional,nacional,NA,60.87,0.16,285530
2008,1,TPEA,tradicional,nacional,NA,59.96,0.155,291436
2008,2,TPEA,tradicional,nacional,NA,60.36,0.156,290576
2008,3,TPEA,tradicional,nacional,NA,60.06,0.16,286917
2008,4,TPEA,tradicional,nacional,NA,59.44,0.157,285914
2009,1,TPEA,tradicional,nacional,NA,59.14,0.154,287149
2009,2,TPEA,tradicional,nacional,NA,59.35,0.158,286082
2009,3,TPEA,tradicional,nacional,NA,60.59,0.157,284461
2009,4,TPEA,tradicional,nacional,NA,60.53,0.157,286565
2010,1,TPEA,tradicional,nacional,NA,59.33,0.154,288614
2010,2,TPEA,tradicional,nacional,NA,60.29,0.157,290111
2010,3,TPEA,tradicional,nacional,NA,60.13,0.154,288234
2010,4,TPEA,tradicional,nacional,NA,58.96,0.152,285976
2011,1,TPEA,tradicional,nacional,NA,58.7,0.162,287061
2011,2,TPEA,tradicional,nacional,NA,59.62,0.156,286517
2011,3,TPEA,tradicional,nacional,NA,60.11,0.156,286118
2011,4,TPEA,tradicional,nacional,NA,60.63,0.156,286174
2012,1,TPEA,tradicional,nacional,NA,59.63,0.157,288258
2012,2,TPEA,tradicional,nacional,NA,60.87,0.158,287850
2012,3,TPEA,tradicional,nacional,NA,61.09,0.162,286025
2012,4,TPEA,tradicional,nacional,NA,60.13,0.16,282802
2013,1,TPEA,tradicional,nacional,NA,59.35,0.161,283177
2013,2,TPEA,tradicional,nacional,NA,60.51,0.157,282771
2013,3,TPEA,tradicional,nacional,NA,60.51,0.155,283008
2013,4,TPEA,tradicional,nacional,NA,60.81,0.151,287027
2014,1,TPEA,tradicional,nacional,NA,59.76,0.154,288634
2014,2,TPEA,tradicional,nacional,NA,59.87,0.149,290687
2014,3,TPEA,tradicional,nacional,NA,59.94,0.15,290712
2014,4,TPEA,tradicional,nacional,NA,59.54,0.155,291090
2015,1,TPEA,tradicional,nacional,NA,59.18,0.151,291160
2015,2,TPEA,tradicional,nacional,NA,59.67,0.15,291231
2015,3,TPEA,tradicional,nacional,NA,59.96,0.153,289935
2015,4,TPEA,tradicional,nacional,NA,60.42,0.153,288477
2016,1,TPEA,tradicional,nacional,NA,59.21,0.152,287851
2016,2,TPEA,tradicional,nacional,NA,59.64,0.149,288147
2016,3,TPEA,tradicional,nacional,NA,60.19,0.152,284017
2016,4,TPEA,tradicional,nacional,NA,59.72,0.149,285180
2017,1,TPEA,tradicional,nacional,NA,59.22,0.152,285447
2017,2,TPEA,tradicional,nacional,NA,59.34,0.147,290864
2017,3,TPEA,tradicional,nacional,NA,59.41,0.15,286294
2017,4,TPEA,tradicional,nacional,NA,59.42,0.151,287120
2018,1,TPEA,tradicional,nacional,NA,58.95,0.152,287004
2018,2,TPEA,tradicional,nacional,NA,59.79,0.157,289219
2018,3,TPEA,tradicional,nacional,NA,59.82,0.156,288451
2018,4,TPEA,tradicional,nacional,NA,59.7,0.159,288860
2019,1,TPEA,tradicional,nacional,NA,59.53,0.15,300514
2019,2,TPEA,tradicional,nacional,NA,60.27,0.153,302509
2019,3,TPEA,tradicional,nacional,NA,60.48,0.155,301344
2019,4,TPEA,tradicional,nacional,NA,60.46,0.148,300418
2020,1,TPEA,tradicional,nacional,NA,59.92,0.157,311756
2020,3,TPEA,enoen,nacional,NA,55.61,0.249,224153
2020,4,TPEA,enoen,nacional,NA,57.49,0.204,269715
2021,1,TPEA,enoen,nacional,NA,57.13,0.199,264449
2021,2,TPEA,enoen,nacional,NA,59.05,0.186,288243
2021,3,TPEA,enoen,nacional,NA,59.43,0.161,323604
2021,4,TPEA,enoen,nacional,NA,59.67,0.157,329091
2022,1,TPEA,enoen,nacional,NA,58.74,0.165,306126
2022,2,TPEA,enoen,nacional,NA,59.9,0.159,308836
2022,3,TPEA,enoen,nacional,NA,59.94,0.154,303937
2022,4,TPEA,enoen,nacional,NA,60.44,0.153,303186
2023,1,TPEA,enoe_2023,nacional,NA,60.24,0.144,344205
2023,2,TPEA,enoe_2023,nacional,NA,60.19,0.151,329632
2023,3,TPEA,enoe_2023,nacional,NA,60.63,0.151,329397
2023,4,TPEA,enoe_2023,nacional,NA,60.53,0.156,323118
2024,1,TPEA,enoe_2023,nacional,NA,59.98,0.161,326632
2024,2,TPEA,enoe_2023,nacional,NA,60.25,0.161,329213
2024,3,TPEA,enoe_2023,nacional,NA,60.39,0.157,326168
2024,4,TPEA,enoe_2023,nacional,NA,59.9,0.157,324241
2025,1,TPEA,enoe_2023,nacional,NA,59.15,0.168,323978
2025,2,TPEA,enoe_2023,nacional,NA,59.51,0.159,324613
2025,3,TPEA,enoe_2023,nacional,NA,59.48,0.165,325108
2025,4,TPEA,enoe_2023,nacional,NA,59.28,0.166,323367
2026,1,TPEA,enoe_2023,nacional,NA,58.72,0.164,323299
2026,2,TPEA,enoe_2023,nacional,NA,59.13,0.164,324265
2005,1,TPEA,tradicional,nivel_educativo,Medio superior y superior,71.37,0.301,66087
2005,2,TPEA,tradicional,nivel_educativo,Medio superior y superior,71.28,0.301,66619
2005,3,TPEA,tradicional,nivel_educativo,Medio superior y superior,72.29,0.298,67242
2005,4,TPEA,tradicional,nivel_educativo,Medio superior y superior,72.93,0.284,69106
2006,1,TPEA,tradicional,nivel_educativo,Medio superior y superior,73.07,0.292,70238
2006,2,TPEA,tradicional,nivel_educativo,Medio superior y superior,72.94,0.286,70399
2006,3,TPEA,tradicional,nivel_educativo,Medio superior y superior,73.77,0.272,71774
2006,4,TPEA,tradicional,nivel_educativo,Medio superior y superior,73.51,0.287,72354
2007,1,TPEA,tradicional,nivel_educativo,Medio superior y superior,73.21,0.287,73950
2007,2,TPEA,tradicional,nivel_educativo,Medio superior y superior,73.22,0.281,74139
2007,3,TPEA,tradicional,nivel_educativo,Medio superior y superior,73.17,0.289,74420
2007,4,TPEA,tradicional,nivel_educativo,Medio superior y superior,73.51,0.279,73183
2008,1,TPEA,tradicional,nivel_educativo,Medio superior y superior,73.22,0.27,75611
2008,2,TPEA,tradicional,nivel_educativo,Medio superior y superior,73.39,0.276,75493
2008,3,TPEA,tradicional,nivel_educativo,Medio superior y superior,73.42,0.283,74089
2008,4,TPEA,tradicional,nivel_educativo,Medio superior y superior,72.2,0.281,74453
2009,1,TPEA,tradicional,nivel_educativo,Medio superior y superior,72.13,0.278,75568
2009,2,TPEA,tradicional,nivel_educativo,Medio superior y superior,72.62,0.278,75722
2009,3,TPEA,tradicional,nivel_educativo,Medio superior y superior,72.84,0.291,75811
2009,4,TPEA,tradicional,nivel_educativo,Medio superior y superior,71.98,0.32,77253
2010,1,TPEA,tradicional,nivel_educativo,Medio superior y superior,71.48,0.291,78591
2010,2,TPEA,tradicional,nivel_educativo,Medio superior y superior,72.28,0.278,79636
2010,3,TPEA,tradicional,nivel_educativo,Medio superior y superior,71.91,0.279,79897
2010,4,TPEA,tradicional,nivel_educativo,Medio superior y superior,70.61,0.286,79718
2011,1,TPEA,tradicional,nivel_educativo,Medio superior y superior,70.75,0.271,80960
2011,2,TPEA,tradicional,nivel_educativo,Medio superior y superior,71.43,0.27,81377
2011,3,TPEA,tradicional,nivel_educativo,Medio superior y superior,71.51,0.268,82220
2011,4,TPEA,tradicional,nivel_educativo,Medio superior y superior,72.02,0.265,83066
2012,1,TPEA,tradicional,nivel_educativo,Medio superior y superior,71.58,0.266,84267
2012,2,TPEA,tradicional,nivel_educativo,Medio superior y superior,72.52,0.273,84629
2012,3,TPEA,tradicional,nivel_educativo,Medio superior y superior,72.89,0.256,84569
2012,4,TPEA,tradicional,nivel_educativo,Medio superior y superior,71.85,0.275,84162
2013,1,TPEA,tradicional,nivel_educativo,Medio superior y superior,71.39,0.281,84899
2013,2,TPEA,tradicional,nivel_educativo,Medio superior y superior,72.64,0.26,85506
2013,3,TPEA,tradicional,nivel_educativo,Medio superior y superior,72.18,0.256,86045
2013,4,TPEA,tradicional,nivel_educativo,Medio superior y superior,71.93,0.256,88044
2014,1,TPEA,tradicional,nivel_educativo,Medio superior y superior,71.43,0.248,89039
2014,2,TPEA,tradicional,nivel_educativo,Medio superior y superior,71.61,0.241,89945
2014,3,TPEA,tradicional,nivel_educativo,Medio superior y superior,71.7,0.248,90241
2014,4,TPEA,tradicional,nivel_educativo,Medio superior y superior,70.81,0.247,91200
2015,1,TPEA,tradicional,nivel_educativo,Medio superior y superior,70.88,0.243,91606
2015,2,TPEA,tradicional,nivel_educativo,Medio superior y superior,70.83,0.251,92723
2015,3,TPEA,tradicional,nivel_educativo,Medio superior y superior,70.74,0.254,93292
2015,4,TPEA,tradicional,nivel_educativo,Medio superior y superior,71.02,0.25,93494
2016,1,TPEA,tradicional,nivel_educativo,Medio superior y superior,70.42,0.248,93746
2016,2,TPEA,tradicional,nivel_educativo,Medio superior y superior,71.01,0.251,94957
2016,3,TPEA,tradicional,nivel_educativo,Medio superior y superior,71.71,0.255,93125
2016,4,TPEA,tradicional,nivel_educativo,Medio superior y superior,70.74,0.249,94513
2017,1,TPEA,tradicional,nivel_educativo,Medio superior y superior,70.41,0.253,95534
2017,2,TPEA,tradicional,nivel_educativo,Medio superior y superior,70.44,0.253,98212
2017,3,TPEA,tradicional,nivel_educativo,Medio superior y superior,70.15,0.251,97234
2017,4,TPEA,tradicional,nivel_educativo,Medio superior y superior,70.18,0.258,98508
2018,1,TPEA,tradicional,nivel_educativo,Medio superior y superior,69.84,0.254,98929
2018,2,TPEA,tradicional,nivel_educativo,Medio superior y superior,70.91,0.248,100739
2018,3,TPEA,tradicional,nivel_educativo,Medio superior y superior,70.42,0.244,101778
2018,4,TPEA,tradicional,nivel_educativo,Medio superior y superior,70.01,0.25,102539
2019,1,TPEA,tradicional,nivel_educativo,Medio superior y superior,70.5,0.239,107375
2019,2,TPEA,tradicional,nivel_educativo,Medio superior y superior,70.86,0.239,108716
2019,3,TPEA,tradicional,nivel_educativo,Medio superior y superior,70.82,0.242,109223
2019,4,TPEA,tradicional,nivel_educativo,Medio superior y superior,70.81,0.241,109787
2020,1,TPEA,tradicional,nivel_educativo,Medio superior y superior,70.71,0.246,115485
2020,3,TPEA,enoen,nivel_educativo,Medio superior y superior,65.45,0.385,87076
2020,4,TPEA,enoen,nivel_educativo,Medio superior y superior,67.35,0.344,105167
2021,1,TPEA,enoen,nivel_educativo,Medio superior y superior,67.79,0.31,103816
2021,2,TPEA,enoen,nivel_educativo,Medio superior y superior,69.48,0.276,113835
2021,3,TPEA,enoen,nivel_educativo,Medio superior y superior,69.75,0.238,126709
2021,4,TPEA,enoen,nivel_educativo,Medio superior y superior,69.87,0.242,129515
2022,1,TPEA,enoen,nivel_educativo,Medio superior y superior,69.31,0.25,121775
2022,2,TPEA,enoen,nivel_educativo,Medio superior y superior,70.47,0.236,124195
2022,3,TPEA,enoen,nivel_educativo,Medio superior y superior,70,0.234,123057
2022,4,TPEA,enoen,nivel_educativo,Medio superior y superior,70.56,0.233,122749
2023,1,TPEA,enoe_2023,nivel_educativo,Medio superior y superior,70.7,0.219,137926
2023,2,TPEA,enoe_2023,nivel_educativo,Medio superior y superior,70.67,0.226,132588
2023,3,TPEA,enoe_2023,nivel_educativo,Medio superior y superior,71.11,0.225,134047
2023,4,TPEA,enoe_2023,nivel_educativo,Medio superior y superior,71.11,0.227,132309
2024,1,TPEA,enoe_2023,nivel_educativo,Medio superior y superior,70.96,0.23,133873
2024,2,TPEA,enoe_2023,nivel_educativo,Medio superior y superior,71.45,0.234,135474
2024,3,TPEA,enoe_2023,nivel_educativo,Medio superior y superior,71.19,0.233,134942
2024,4,TPEA,enoe_2023,nivel_educativo,Medio superior y superior,70.53,0.229,133402
2025,1,TPEA,enoe_2023,nivel_educativo,Medio superior y superior,70.19,0.249,133120
2025,2,TPEA,enoe_2023,nivel_educativo,Medio superior y superior,70.67,0.246,133557
2025,3,TPEA,enoe_2023,nivel_educativo,Medio superior y superior,69.88,0.241,135321
2025,4,TPEA,enoe_2023,nivel_educativo,Medio superior y superior,70.22,0.238,135441
2026,1,TPEA,enoe_2023,nivel_educativo,Medio superior y superior,69.97,0.227,135875
2026,2,TPEA,enoe_2023,nivel_educativo,Medio superior y superior,70.27,0.228,137270
2005,1,TPEA,tradicional,nivel_educativo,Primaria completa,56.59,0.308,65417
2005,2,TPEA,tradicional,nivel_educativo,Primaria completa,56.19,0.32,66870
2005,3,TPEA,tradicional,nivel_educativo,Primaria completa,56.44,0.302,67364
2005,4,TPEA,tradicional,nivel_educativo,Primaria completa,56.29,0.303,67847
2006,1,TPEA,tradicional,nivel_educativo,Primaria completa,55.94,0.297,68336
2006,2,TPEA,tradicional,nivel_educativo,Primaria completa,56.28,0.3,67896
2006,3,TPEA,tradicional,nivel_educativo,Primaria completa,57.14,0.297,66926
2006,4,TPEA,tradicional,nivel_educativo,Primaria completa,56.91,0.312,66625
2007,1,TPEA,tradicional,nivel_educativo,Primaria completa,55.84,0.297,66917
2007,2,TPEA,tradicional,nivel_educativo,Primaria completa,55.92,0.299,66584
2007,3,TPEA,tradicional,nivel_educativo,Primaria completa,55.94,0.312,65424
2007,4,TPEA,tradicional,nivel_educativo,Primaria completa,57.16,0.317,64464
2008,1,TPEA,tradicional,nivel_educativo,Primaria completa,56.15,0.314,65619
2008,2,TPEA,tradicional,nivel_educativo,Primaria completa,56.31,0.32,65335
2008,3,TPEA,tradicional,nivel_educativo,Primaria completa,55.94,0.317,64236
2008,4,TPEA,tradicional,nivel_educativo,Primaria completa,55.91,0.314,63993
2009,1,TPEA,tradicional,nivel_educativo,Primaria completa,55.22,0.316,64475
2009,2,TPEA,tradicional,nivel_educativo,Primaria completa,54.6,0.318,63976
2009,3,TPEA,tradicional,nivel_educativo,Primaria completa,56.59,0.328,62728
2009,4,TPEA,tradicional,nivel_educativo,Primaria completa,56.98,0.316,62797
2010,1,TPEA,tradicional,nivel_educativo,Primaria completa,55.23,0.323,63092
2010,2,TPEA,tradicional,nivel_educativo,Primaria completa,55.18,0.311,63141
2010,3,TPEA,tradicional,nivel_educativo,Primaria completa,55.74,0.316,61659
2010,4,TPEA,tradicional,nivel_educativo,Primaria completa,54.26,0.323,61284
2011,1,TPEA,tradicional,nivel_educativo,Primaria completa,53.26,0.33,61667
2011,2,TPEA,tradicional,nivel_educativo,Primaria completa,54.82,0.33,61370
2011,3,TPEA,tradicional,nivel_educativo,Primaria completa,55.31,0.33,60117
2011,4,TPEA,tradicional,nivel_educativo,Primaria completa,56.26,0.324,60058
2012,1,TPEA,tradicional,nivel_educativo,Primaria completa,55.1,0.323,60266
2012,2,TPEA,tradicional,nivel_educativo,Primaria completa,55.98,0.325,60113
2012,3,TPEA,tradicional,nivel_educativo,Primaria completa,56.33,0.323,58917
2012,4,TPEA,tradicional,nivel_educativo,Primaria completa,55.62,0.333,58195
2013,1,TPEA,tradicional,nivel_educativo,Primaria completa,54.75,0.327,57865
2013,2,TPEA,tradicional,nivel_educativo,Primaria completa,55.06,0.321,57405
2013,3,TPEA,tradicional,nivel_educativo,Primaria completa,56.02,0.326,56291
2013,4,TPEA,tradicional,nivel_educativo,Primaria completa,56.53,0.321,56704
2014,1,TPEA,tradicional,nivel_educativo,Primaria completa,54.64,0.325,56896
2014,2,TPEA,tradicional,nivel_educativo,Primaria completa,54.54,0.324,57609
2014,3,TPEA,tradicional,nivel_educativo,Primaria completa,55.03,0.328,57293
2014,4,TPEA,tradicional,nivel_educativo,Primaria completa,54.67,0.333,57105
2015,1,TPEA,tradicional,nivel_educativo,Primaria completa,54.09,0.331,57303
2015,2,TPEA,tradicional,nivel_educativo,Primaria completa,54.48,0.319,57149
2015,3,TPEA,tradicional,nivel_educativo,Primaria completa,54.74,0.323,55714
2015,4,TPEA,tradicional,nivel_educativo,Primaria completa,55.55,0.326,55117
2016,1,TPEA,tradicional,nivel_educativo,Primaria completa,53.74,0.321,55211
2016,2,TPEA,tradicional,nivel_educativo,Primaria completa,53.7,0.323,54831
2016,3,TPEA,tradicional,nivel_educativo,Primaria completa,54.54,0.338,53294
2016,4,TPEA,tradicional,nivel_educativo,Primaria completa,54.55,0.331,53172
2017,1,TPEA,tradicional,nivel_educativo,Primaria completa,53.98,0.332,53039
2017,2,TPEA,tradicional,nivel_educativo,Primaria completa,53.79,0.328,53782
2017,3,TPEA,tradicional,nivel_educativo,Primaria completa,53.97,0.339,51969
2017,4,TPEA,tradicional,nivel_educativo,Primaria completa,54.13,0.343,51809
2018,1,TPEA,tradicional,nivel_educativo,Primaria completa,53.98,0.345,51486
2018,2,TPEA,tradicional,nivel_educativo,Primaria completa,53.95,0.344,51513
2018,3,TPEA,tradicional,nivel_educativo,Primaria completa,54.73,0.351,50316
2018,4,TPEA,tradicional,nivel_educativo,Primaria completa,54.48,0.356,50126
2019,1,TPEA,tradicional,nivel_educativo,Primaria completa,53.44,0.345,51981
2019,2,TPEA,tradicional,nivel_educativo,Primaria completa,54.32,0.336,51917
2019,3,TPEA,tradicional,nivel_educativo,Primaria completa,54.93,0.337,50823
2019,4,TPEA,tradicional,nivel_educativo,Primaria completa,55,0.352,50453
2020,1,TPEA,tradicional,nivel_educativo,Primaria completa,54.2,0.355,51845
2020,3,TPEA,enoen,nivel_educativo,Primaria completa,49.32,0.631,36448
2020,4,TPEA,enoen,nivel_educativo,Primaria completa,51.61,0.517,43282
2021,1,TPEA,enoen,nivel_educativo,Primaria completa,50.69,0.51,42247
2021,2,TPEA,enoen,nivel_educativo,Primaria completa,52.15,0.424,46027
2021,3,TPEA,enoen,nivel_educativo,Primaria completa,52.66,0.37,51929
2021,4,TPEA,enoen,nivel_educativo,Primaria completa,52.6,0.354,52694
2022,1,TPEA,enoen,nivel_educativo,Primaria completa,51.26,0.366,48977
2022,2,TPEA,enoen,nivel_educativo,Primaria completa,52.32,0.368,49475
2022,3,TPEA,enoen,nivel_educativo,Primaria completa,52.45,0.36,48319
2022,4,TPEA,enoen,nivel_educativo,Primaria completa,53.49,0.359,48091
2023,1,TPEA,enoe_2023,nivel_educativo,Primaria completa,52.75,0.331,55049
2023,2,TPEA,enoe_2023,nivel_educativo,Primaria completa,52.74,0.357,52702
2023,3,TPEA,enoe_2023,nivel_educativo,Primaria completa,52.93,0.368,51771
2023,4,TPEA,enoe_2023,nivel_educativo,Primaria completa,52.69,0.384,50355
2024,1,TPEA,enoe_2023,nivel_educativo,Primaria completa,51.65,0.38,51133
2024,2,TPEA,enoe_2023,nivel_educativo,Primaria completa,51.89,0.396,51321
2024,3,TPEA,enoe_2023,nivel_educativo,Primaria completa,52.3,0.379,50246
2024,4,TPEA,enoe_2023,nivel_educativo,Primaria completa,51.77,0.395,50021
2025,1,TPEA,enoe_2023,nivel_educativo,Primaria completa,50.68,0.392,50079
2025,2,TPEA,enoe_2023,nivel_educativo,Primaria completa,50.87,0.381,50083
2025,3,TPEA,enoe_2023,nivel_educativo,Primaria completa,51.19,0.384,49381
2025,4,TPEA,enoe_2023,nivel_educativo,Primaria completa,50.53,0.374,48847
2026,1,TPEA,enoe_2023,nivel_educativo,Primaria completa,48.85,0.362,48931
2026,2,TPEA,enoe_2023,nivel_educativo,Primaria completa,48.9,0.391,48844
2005,1,TPEA,tradicional,nivel_educativo,Primaria incompleta,50.21,0.317,60531
2005,2,TPEA,tradicional,nivel_educativo,Primaria incompleta,50.01,0.333,60589
2005,3,TPEA,tradicional,nivel_educativo,Primaria incompleta,51.01,0.3,60579
2005,4,TPEA,tradicional,nivel_educativo,Primaria incompleta,50.6,0.301,59882
2006,1,TPEA,tradicional,nivel_educativo,Primaria incompleta,49.81,0.307,59918
2006,2,TPEA,tradicional,nivel_educativo,Primaria incompleta,50.17,0.322,58833
2006,3,TPEA,tradicional,nivel_educativo,Primaria incompleta,50.22,0.32,58213
2006,4,TPEA,tradicional,nivel_educativo,Primaria incompleta,50.63,0.346,57704
2007,1,TPEA,tradicional,nivel_educativo,Primaria incompleta,49.24,0.333,57249
2007,2,TPEA,tradicional,nivel_educativo,Primaria incompleta,49.59,0.348,56415
2007,3,TPEA,tradicional,nivel_educativo,Primaria incompleta,49.45,0.338,55639
2007,4,TPEA,tradicional,nivel_educativo,Primaria incompleta,50.42,0.346,54160
2008,1,TPEA,tradicional,nivel_educativo,Primaria incompleta,49.12,0.338,54723
2008,2,TPEA,tradicional,nivel_educativo,Primaria incompleta,49.8,0.351,54368
2008,3,TPEA,tradicional,nivel_educativo,Primaria incompleta,49.27,0.34,53673
2008,4,TPEA,tradicional,nivel_educativo,Primaria incompleta,48.64,0.347,52937
2009,1,TPEA,tradicional,nivel_educativo,Primaria incompleta,48.27,0.346,52277
2009,2,TPEA,tradicional,nivel_educativo,Primaria incompleta,48.44,0.342,51412
2009,3,TPEA,tradicional,nivel_educativo,Primaria incompleta,50.13,0.349,51061
2009,4,TPEA,tradicional,nivel_educativo,Primaria incompleta,50.18,0.368,50901
2010,1,TPEA,tradicional,nivel_educativo,Primaria incompleta,48.22,0.352,50534
2010,2,TPEA,tradicional,nivel_educativo,Primaria incompleta,50.12,0.358,50439
2010,3,TPEA,tradicional,nivel_educativo,Primaria incompleta,49.07,0.365,49689
2010,4,TPEA,tradicional,nivel_educativo,Primaria incompleta,48.19,0.354,48559
2011,1,TPEA,tradicional,nivel_educativo,Primaria incompleta,47.28,0.384,47922
2011,2,TPEA,tradicional,nivel_educativo,Primaria incompleta,48.05,0.377,47418
2011,3,TPEA,tradicional,nivel_educativo,Primaria incompleta,48.97,0.37,46860
2011,4,TPEA,tradicional,nivel_educativo,Primaria incompleta,48.54,0.378,46079
2012,1,TPEA,tradicional,nivel_educativo,Primaria incompleta,47.51,0.382,45933
2012,2,TPEA,tradicional,nivel_educativo,Primaria incompleta,48.88,0.377,45509
2012,3,TPEA,tradicional,nivel_educativo,Primaria incompleta,48.89,0.394,44994
2012,4,TPEA,tradicional,nivel_educativo,Primaria incompleta,47.71,0.389,44263
2013,1,TPEA,tradicional,nivel_educativo,Primaria incompleta,46.64,0.402,43691
2013,2,TPEA,tradicional,nivel_educativo,Primaria incompleta,47.74,0.38,42758
2013,3,TPEA,tradicional,nivel_educativo,Primaria incompleta,47.45,0.373,42136
2013,4,TPEA,tradicional,nivel_educativo,Primaria incompleta,48.42,0.373,41957
2014,1,TPEA,tradicional,nivel_educativo,Primaria incompleta,47.36,0.385,41379
2014,2,TPEA,tradicional,nivel_educativo,Primaria incompleta,47.46,0.378,41442
2014,3,TPEA,tradicional,nivel_educativo,Primaria incompleta,47.1,0.355,41177
2014,4,TPEA,tradicional,nivel_educativo,Primaria incompleta,47.14,0.373,40799
2015,1,TPEA,tradicional,nivel_educativo,Primaria incompleta,46.43,0.383,40208
2015,2,TPEA,tradicional,nivel_educativo,Primaria incompleta,47,0.371,39651
2015,3,TPEA,tradicional,nivel_educativo,Primaria incompleta,47.11,0.379,39200
2015,4,TPEA,tradicional,nivel_educativo,Primaria incompleta,47.26,0.376,38937
2016,1,TPEA,tradicional,nivel_educativo,Primaria incompleta,46.33,0.379,38575
2016,2,TPEA,tradicional,nivel_educativo,Primaria incompleta,46.96,0.372,38182
2016,3,TPEA,tradicional,nivel_educativo,Primaria incompleta,47.35,0.386,37371
2016,4,TPEA,tradicional,nivel_educativo,Primaria incompleta,47.04,0.391,36975
2017,1,TPEA,tradicional,nivel_educativo,Primaria incompleta,45.81,0.386,36334
2017,2,TPEA,tradicional,nivel_educativo,Primaria incompleta,45.91,0.387,36359
2017,3,TPEA,tradicional,nivel_educativo,Primaria incompleta,45.98,0.392,35581
2017,4,TPEA,tradicional,nivel_educativo,Primaria incompleta,45.66,0.401,35148
2018,1,TPEA,tradicional,nivel_educativo,Primaria incompleta,45.06,0.401,34350
2018,2,TPEA,tradicional,nivel_educativo,Primaria incompleta,46.18,0.41,34122
2018,3,TPEA,tradicional,nivel_educativo,Primaria incompleta,45.49,0.409,33588
2018,4,TPEA,tradicional,nivel_educativo,Primaria incompleta,45.77,0.419,33299
2019,1,TPEA,tradicional,nivel_educativo,Primaria incompleta,44.64,0.411,33968
2019,2,TPEA,tradicional,nivel_educativo,Primaria incompleta,45.43,0.416,34186
2019,3,TPEA,tradicional,nivel_educativo,Primaria incompleta,45.54,0.391,34088
2019,4,TPEA,tradicional,nivel_educativo,Primaria incompleta,45.96,0.402,33686
2020,1,TPEA,tradicional,nivel_educativo,Primaria incompleta,44.84,0.397,34911
2020,3,TPEA,enoen,nivel_educativo,Primaria incompleta,40.64,0.693,23388
2020,4,TPEA,enoen,nivel_educativo,Primaria incompleta,42.59,0.592,28217
2021,1,TPEA,enoen,nivel_educativo,Primaria incompleta,40.53,0.539,27607
2021,2,TPEA,enoen,nivel_educativo,Primaria incompleta,42.39,0.491,29939
2021,3,TPEA,enoen,nivel_educativo,Primaria incompleta,42.56,0.422,34947
2021,4,TPEA,enoen,nivel_educativo,Primaria incompleta,43.22,0.437,35075
2022,1,TPEA,enoen,nivel_educativo,Primaria incompleta,42.24,0.489,31143
2022,2,TPEA,enoen,nivel_educativo,Primaria incompleta,43.83,0.464,30928
2022,3,TPEA,enoen,nivel_educativo,Primaria incompleta,44.06,0.452,30131
2022,4,TPEA,enoen,nivel_educativo,Primaria incompleta,44.5,0.45,29571
2023,1,TPEA,enoe_2023,nivel_educativo,Primaria incompleta,44.26,0.422,34351
2023,2,TPEA,enoe_2023,nivel_educativo,Primaria incompleta,43.7,0.451,32884
2023,3,TPEA,enoe_2023,nivel_educativo,Primaria incompleta,44.16,0.432,32862
2023,4,TPEA,enoe_2023,nivel_educativo,Primaria incompleta,43.65,0.45,31619
2024,1,TPEA,enoe_2023,nivel_educativo,Primaria incompleta,42.74,0.459,32039
2024,2,TPEA,enoe_2023,nivel_educativo,Primaria incompleta,42.61,0.458,32064
2024,3,TPEA,enoe_2023,nivel_educativo,Primaria incompleta,43,0.45,31839
2024,4,TPEA,enoe_2023,nivel_educativo,Primaria incompleta,41.71,0.439,31812
2025,1,TPEA,enoe_2023,nivel_educativo,Primaria incompleta,40.62,0.466,31831
2025,2,TPEA,enoe_2023,nivel_educativo,Primaria incompleta,40.99,0.437,31978
2025,3,TPEA,enoe_2023,nivel_educativo,Primaria incompleta,41.4,0.453,31705
2025,4,TPEA,enoe_2023,nivel_educativo,Primaria incompleta,40.35,0.445,31231
2026,1,TPEA,enoe_2023,nivel_educativo,Primaria incompleta,39.44,0.439,30955
2026,2,TPEA,enoe_2023,nivel_educativo,Primaria incompleta,40.54,0.444,30652
2005,1,TPEA,tradicional,nivel_educativo,Secundaria completa,59.58,0.255,91259
2005,2,TPEA,tradicional,nivel_educativo,Secundaria completa,59.79,0.263,91313
2005,3,TPEA,tradicional,nivel_educativo,Secundaria completa,60.86,0.246,92256
2005,4,TPEA,tradicional,nivel_educativo,Secundaria completa,60.6,0.255,93603
2006,1,TPEA,tradicional,nivel_educativo,Secundaria completa,61.03,0.254,94582
2006,2,TPEA,tradicional,nivel_educativo,Secundaria completa,61.1,0.261,94434
2006,3,TPEA,tradicional,nivel_educativo,Secundaria completa,61.73,0.259,94715
2006,4,TPEA,tradicional,nivel_educativo,Secundaria completa,61.64,0.249,94551
2007,1,TPEA,tradicional,nivel_educativo,Secundaria completa,61.09,0.254,95359
2007,2,TPEA,tradicional,nivel_educativo,Secundaria completa,61.18,0.247,95144
2007,3,TPEA,tradicional,nivel_educativo,Secundaria completa,61.1,0.25,95034
2007,4,TPEA,tradicional,nivel_educativo,Secundaria completa,62.16,0.268,93557
2008,1,TPEA,tradicional,nivel_educativo,Secundaria completa,61.07,0.259,95323
2008,2,TPEA,tradicional,nivel_educativo,Secundaria completa,61.55,0.254,95221
2008,3,TPEA,tradicional,nivel_educativo,Secundaria completa,61.17,0.263,94772
2008,4,TPEA,tradicional,nivel_educativo,Secundaria completa,60.23,0.27,94367
2009,1,TPEA,tradicional,nivel_educativo,Secundaria completa,59.68,0.265,94648
2009,2,TPEA,tradicional,nivel_educativo,Secundaria completa,60.13,0.266,94782
2009,3,TPEA,tradicional,nivel_educativo,Secundaria completa,61.02,0.263,94677
2009,4,TPEA,tradicional,nivel_educativo,Secundaria completa,61.03,0.256,95425
2010,1,TPEA,tradicional,nivel_educativo,Secundaria completa,59.98,0.253,96209
2010,2,TPEA,tradicional,nivel_educativo,Secundaria completa,61.09,0.252,96711
2010,3,TPEA,tradicional,nivel_educativo,Secundaria completa,60.86,0.246,96812
2010,4,TPEA,tradicional,nivel_educativo,Secundaria completa,59.53,0.257,96226
2011,1,TPEA,tradicional,nivel_educativo,Secundaria completa,59.75,0.259,96321
2011,2,TPEA,tradicional,nivel_educativo,Secundaria completa,60.41,0.257,96180
2011,3,TPEA,tradicional,nivel_educativo,Secundaria completa,60.66,0.251,96752
2011,4,TPEA,tradicional,nivel_educativo,Secundaria completa,61.16,0.252,96806
2012,1,TPEA,tradicional,nivel_educativo,Secundaria completa,59.8,0.253,97639
2012,2,TPEA,tradicional,nivel_educativo,Secundaria completa,61.25,0.255,97448
2012,3,TPEA,tradicional,nivel_educativo,Secundaria completa,61.3,0.253,97379
2012,4,TPEA,tradicional,nivel_educativo,Secundaria completa,60.25,0.247,96016
2013,1,TPEA,tradicional,nivel_educativo,Secundaria completa,59.26,0.25,96555
2013,2,TPEA,tradicional,nivel_educativo,Secundaria completa,60.69,0.255,96940
2013,3,TPEA,tradicional,nivel_educativo,Secundaria completa,60.46,0.246,98369
2013,4,TPEA,tradicional,nivel_educativo,Secundaria completa,60.53,0.247,100175
2014,1,TPEA,tradicional,nivel_educativo,Secundaria completa,59.52,0.245,101150
2014,2,TPEA,tradicional,nivel_educativo,Secundaria completa,59.69,0.244,101528
2014,3,TPEA,tradicional,nivel_educativo,Secundaria completa,59.62,0.238,101832
2014,4,TPEA,tradicional,nivel_educativo,Secundaria completa,59.27,0.251,101802
2015,1,TPEA,tradicional,nivel_educativo,Secundaria completa,58.8,0.238,101850
2015,2,TPEA,tradicional,nivel_educativo,Secundaria completa,59.58,0.241,101533
2015,3,TPEA,tradicional,nivel_educativo,Secundaria completa,60.03,0.242,101544
2015,4,TPEA,tradicional,nivel_educativo,Secundaria completa,60.45,0.244,100741
2016,1,TPEA,tradicional,nivel_educativo,Secundaria completa,58.87,0.237,100138
2016,2,TPEA,tradicional,nivel_educativo,Secundaria completa,59.19,0.233,99991
2016,3,TPEA,tradicional,nivel_educativo,Secundaria completa,59.46,0.237,100028
2016,4,TPEA,tradicional,nivel_educativo,Secundaria completa,58.78,0.235,100300
2017,1,TPEA,tradicional,nivel_educativo,Secundaria completa,58.29,0.235,100301
2017,2,TPEA,tradicional,nivel_educativo,Secundaria completa,58.47,0.239,102253
2017,3,TPEA,tradicional,nivel_educativo,Secundaria completa,58.5,0.243,101258
2017,4,TPEA,tradicional,nivel_educativo,Secundaria completa,58.33,0.246,101396
2018,1,TPEA,tradicional,nivel_educativo,Secundaria completa,57.43,0.24,101999
2018,2,TPEA,tradicional,nivel_educativo,Secundaria completa,58.11,0.244,102568
2018,3,TPEA,tradicional,nivel_educativo,Secundaria completa,58.32,0.249,102496
2018,4,TPEA,tradicional,nivel_educativo,Secundaria completa,58.19,0.245,102621
2019,1,TPEA,tradicional,nivel_educativo,Secundaria completa,58.16,0.244,106902
2019,2,TPEA,tradicional,nivel_educativo,Secundaria completa,59.16,0.242,107403
2019,3,TPEA,tradicional,nivel_educativo,Secundaria completa,59.36,0.243,106944
2019,4,TPEA,tradicional,nivel_educativo,Secundaria completa,59.04,0.236,106239
2020,1,TPEA,tradicional,nivel_educativo,Secundaria completa,58.27,0.25,109226
2020,3,TPEA,enoen,nivel_educativo,Secundaria completa,54.15,0.388,77036
2020,4,TPEA,enoen,nivel_educativo,Secundaria completa,55.95,0.319,92760
2021,1,TPEA,enoen,nivel_educativo,Secundaria completa,55.24,0.315,90495
2021,2,TPEA,enoen,nivel_educativo,Secundaria completa,57.73,0.302,98108
2021,3,TPEA,enoen,nivel_educativo,Secundaria completa,58.06,0.246,109617
2021,4,TPEA,enoen,nivel_educativo,Secundaria completa,58.07,0.246,111372
2022,1,TPEA,enoen,nivel_educativo,Secundaria completa,56.97,0.262,103862
2022,2,TPEA,enoen,nivel_educativo,Secundaria completa,57.87,0.251,103876
2022,3,TPEA,enoen,nivel_educativo,Secundaria completa,58.23,0.246,102072
2022,4,TPEA,enoen,nivel_educativo,Secundaria completa,58.22,0.25,102438
2023,1,TPEA,enoe_2023,nivel_educativo,Secundaria completa,57.93,0.233,116501
2023,2,TPEA,enoe_2023,nivel_educativo,Secundaria completa,58.02,0.243,111105
2023,3,TPEA,enoe_2023,nivel_educativo,Secundaria completa,58.58,0.243,110343
2023,4,TPEA,enoe_2023,nivel_educativo,Secundaria completa,58.42,0.248,108486
2024,1,TPEA,enoe_2023,nivel_educativo,Secundaria completa,57.71,0.252,109245
2024,2,TPEA,enoe_2023,nivel_educativo,Secundaria completa,57.71,0.251,110013
2024,3,TPEA,enoe_2023,nivel_educativo,Secundaria completa,58.03,0.25,108790
2024,4,TPEA,enoe_2023,nivel_educativo,Secundaria completa,57.68,0.247,108579
2025,1,TPEA,enoe_2023,nivel_educativo,Secundaria completa,56.72,0.266,108435
2025,2,TPEA,enoe_2023,nivel_educativo,Secundaria completa,56.76,0.249,108396
2025,3,TPEA,enoe_2023,nivel_educativo,Secundaria completa,57.21,0.265,108013
2025,4,TPEA,enoe_2023,nivel_educativo,Secundaria completa,56.72,0.26,107054
2026,1,TPEA,enoe_2023,nivel_educativo,Secundaria completa,56.26,0.263,106720
2026,2,TPEA,enoe_2023,nivel_educativo,Secundaria completa,56.62,0.267,106681
2005,1,TPEA,tradicional,sexo,Hombre,80.26,0.183,133154
2005,2,TPEA,tradicional,sexo,Hombre,79.83,0.189,133701
2005,3,TPEA,tradicional,sexo,Hombre,80.72,0.184,134715
2005,4,TPEA,tradicional,sexo,Hombre,80.42,0.183,136145
2006,1,TPEA,tradicional,sexo,Hombre,80.39,0.185,137325
2006,2,TPEA,tradicional,sexo,Hombre,80.69,0.176,136349
2006,3,TPEA,tradicional,sexo,Hombre,80.96,0.181,136496
2006,4,TPEA,tradicional,sexo,Hombre,80.85,0.181,136555
2007,1,TPEA,tradicional,sexo,Hombre,79.97,0.182,137559
2007,2,TPEA,tradicional,sexo,Hombre,80.19,0.181,136698
2007,3,TPEA,tradicional,sexo,Hombre,80.27,0.18,135871
2007,4,TPEA,tradicional,sexo,Hombre,80.86,0.183,133736
2008,1,TPEA,tradicional,sexo,Hombre,79.94,0.182,136871
2008,2,TPEA,tradicional,sexo,Hombre,80.27,0.185,136567
2008,3,TPEA,tradicional,sexo,Hombre,80.42,0.183,134784
2008,4,TPEA,tradicional,sexo,Hombre,79.22,0.189,134703
2009,1,TPEA,tradicional,sexo,Hombre,78.74,0.188,135486
2009,2,TPEA,tradicional,sexo,Hombre,78.7,0.198,135130
2009,3,TPEA,tradicional,sexo,Hombre,79.27,0.187,134251
2009,4,TPEA,tradicional,sexo,Hombre,79.38,0.185,135576
2010,1,TPEA,tradicional,sexo,Hombre,78.37,0.192,136520
2010,2,TPEA,tradicional,sexo,Hombre,79.33,0.184,137530
2010,3,TPEA,tradicional,sexo,Hombre,79.11,0.19,136683
2010,4,TPEA,tradicional,sexo,Hombre,78.07,0.195,135526
2011,1,TPEA,tradicional,sexo,Hombre,77.73,0.197,136181
2011,2,TPEA,tradicional,sexo,Hombre,78.34,0.194,135957
2011,3,TPEA,tradicional,sexo,Hombre,78.96,0.195,135707
2011,4,TPEA,tradicional,sexo,Hombre,78.88,0.192,135478
2012,1,TPEA,tradicional,sexo,Hombre,78.27,0.191,136708
2012,2,TPEA,tradicional,sexo,Hombre,79.17,0.187,136831
2012,3,TPEA,tradicional,sexo,Hombre,79.5,0.193,135960
2012,4,TPEA,tradicional,sexo,Hombre,78.27,0.195,134122
2013,1,TPEA,tradicional,sexo,Hombre,77.68,0.198,134340
2013,2,TPEA,tradicional,sexo,Hombre,78.63,0.196,133900
2013,3,TPEA,tradicional,sexo,Hombre,78.74,0.182,134087
2013,4,TPEA,tradicional,sexo,Hombre,78.9,0.181,136082
2014,1,TPEA,tradicional,sexo,Hombre,78.16,0.185,136865
2014,2,TPEA,tradicional,sexo,Hombre,78.17,0.182,137991
2014,3,TPEA,tradicional,sexo,Hombre,78.65,0.184,137980
2014,4,TPEA,tradicional,sexo,Hombre,78.05,0.184,138026
2015,1,TPEA,tradicional,sexo,Hombre,77.64,0.181,138216
2015,2,TPEA,tradicional,sexo,Hombre,77.94,0.178,138318
2015,3,TPEA,tradicional,sexo,Hombre,78.18,0.182,137716
2015,4,TPEA,tradicional,sexo,Hombre,78.19,0.184,137074
2016,1,TPEA,tradicional,sexo,Hombre,77.15,0.189,136842
2016,2,TPEA,tradicional,sexo,Hombre,77.59,0.184,136761
2016,3,TPEA,tradicional,sexo,Hombre,78.22,0.188,134749
2016,4,TPEA,tradicional,sexo,Hombre,77.92,0.184,135388
2017,1,TPEA,tradicional,sexo,Hombre,77.44,0.185,135263
2017,2,TPEA,tradicional,sexo,Hombre,77.63,0.18,138017
2017,3,TPEA,tradicional,sexo,Hombre,77.81,0.181,135897
2017,4,TPEA,tradicional,sexo,Hombre,77.44,0.184,136442
2018,1,TPEA,tradicional,sexo,Hombre,77.09,0.19,136321
2018,2,TPEA,tradicional,sexo,Hombre,77.51,0.189,137644
2018,3,TPEA,tradicional,sexo,Hombre,77.74,0.188,137019
2018,4,TPEA,tradicional,sexo,Hombre,77.18,0.191,137155
2019,1,TPEA,tradicional,sexo,Hombre,77.03,0.184,142791
2019,2,TPEA,tradicional,sexo,Hombre,77.18,0.181,143684
2019,3,TPEA,tradicional,sexo,Hombre,77.61,0.185,142821
2019,4,TPEA,tradicional,sexo,Hombre,77.2,0.187,142259
2020,1,TPEA,tradicional,sexo,Hombre,76.44,0.191,147679
2020,3,TPEA,enoen,sexo,Hombre,72.69,0.334,106378
2020,4,TPEA,enoen,sexo,Hombre,74.15,0.268,127796
2021,1,TPEA,enoen,sexo,Hombre,74.23,0.248,125066
2021,2,TPEA,enoen,sexo,Hombre,75.86,0.227,136215
2021,3,TPEA,enoen,sexo,Hombre,76.33,0.191,153145
2021,4,TPEA,enoen,sexo,Hombre,76.4,0.189,155761
2022,1,TPEA,enoen,sexo,Hombre,75.75,0.205,144130
2022,2,TPEA,enoen,sexo,Hombre,76.5,0.197,145543
2022,3,TPEA,enoen,sexo,Hombre,76.56,0.192,143326
2022,4,TPEA,enoen,sexo,Hombre,76.45,0.191,142601
2023,1,TPEA,enoe_2023,sexo,Hombre,76.32,0.184,161763
2023,2,TPEA,enoe_2023,sexo,Hombre,76.1,0.193,154918
2023,3,TPEA,enoe_2023,sexo,Hombre,76.63,0.189,155011
2023,4,TPEA,enoe_2023,sexo,Hombre,76.41,0.189,151713
2024,1,TPEA,enoe_2023,sexo,Hombre,75.93,0.189,153063
2024,2,TPEA,enoe_2023,sexo,Hombre,76.17,0.191,154333
2024,3,TPEA,enoe_2023,sexo,Hombre,76.41,0.191,153157
2024,4,TPEA,enoe_2023,sexo,Hombre,75.27,0.195,152250
2025,1,TPEA,enoe_2023,sexo,Hombre,74.84,0.204,152186
2025,2,TPEA,enoe_2023,sexo,Hombre,75.09,0.199,152502
2025,3,TPEA,enoe_2023,sexo,Hombre,75.06,0.201,152831
2025,4,TPEA,enoe_2023,sexo,Hombre,74.58,0.2,152024
2026,1,TPEA,enoe_2023,sexo,Hombre,73.98,0.201,152124
2026,2,TPEA,enoe_2023,sexo,Hombre,74.15,0.192,152568
2005,1,TPEA,tradicional,sexo,Mujer,40.08,0.225,150393
2005,2,TPEA,tradicional,sexo,Mujer,40.56,0.254,151977
2005,3,TPEA,tradicional,sexo,Mujer,41.39,0.226,153009
2005,4,TPEA,tradicional,sexo,Mujer,41.57,0.227,154556
2006,1,TPEA,tradicional,sexo,Mujer,41.47,0.227,155978
2006,2,TPEA,tradicional,sexo,Mujer,41.64,0.226,155435
2006,3,TPEA,tradicional,sexo,Mujer,42.65,0.224,155346
2006,4,TPEA,tradicional,sexo,Mujer,42.64,0.238,154860
2007,1,TPEA,tradicional,sexo,Mujer,42.02,0.22,156105
2007,2,TPEA,tradicional,sexo,Mujer,42.21,0.226,155754
2007,3,TPEA,tradicional,sexo,Mujer,42.16,0.23,154804
2007,4,TPEA,tradicional,sexo,Mujer,43.39,0.245,151794
2008,1,TPEA,tradicional,sexo,Mujer,42.4,0.229,154565
2008,2,TPEA,tradicional,sexo,Mujer,42.78,0.232,154009
2008,3,TPEA,tradicional,sexo,Mujer,42.11,0.239,152133
2008,4,TPEA,tradicional,sexo,Mujer,41.85,0.237,151211
2009,1,TPEA,tradicional,sexo,Mujer,41.65,0.226,151663
2009,2,TPEA,tradicional,sexo,Mujer,41.96,0.232,150952
2009,3,TPEA,tradicional,sexo,Mujer,43.89,0.233,150210
2009,4,TPEA,tradicional,sexo,Mujer,43.57,0.235,150989
2010,1,TPEA,tradicional,sexo,Mujer,42.24,0.23,152094
2010,2,TPEA,tradicional,sexo,Mujer,43.13,0.239,152581
2010,3,TPEA,tradicional,sexo,Mujer,43.05,0.238,151551
2010,4,TPEA,tradicional,sexo,Mujer,41.68,0.226,150450
2011,1,TPEA,tradicional,sexo,Mujer,41.43,0.237,150880
2011,2,TPEA,tradicional,sexo,Mujer,42.63,0.234,150560
2011,3,TPEA,tradicional,sexo,Mujer,43.05,0.242,150411
2011,4,TPEA,tradicional,sexo,Mujer,44.27,0.237,150696
2012,1,TPEA,tradicional,sexo,Mujer,42.8,0.236,151550
2012,2,TPEA,tradicional,sexo,Mujer,44.37,0.234,151019
2012,3,TPEA,tradicional,sexo,Mujer,44.48,0.24,150065
2012,4,TPEA,tradicional,sexo,Mujer,43.77,0.24,148680
2013,1,TPEA,tradicional,sexo,Mujer,42.75,0.241,148837
2013,2,TPEA,tradicional,sexo,Mujer,44.21,0.233,148871
2013,3,TPEA,tradicional,sexo,Mujer,44.12,0.239,148921
2013,4,TPEA,tradicional,sexo,Mujer,44.46,0.234,150945
2014,1,TPEA,tradicional,sexo,Mujer,43.14,0.228,151769
2014,2,TPEA,tradicional,sexo,Mujer,43.28,0.223,152696
2014,3,TPEA,tradicional,sexo,Mujer,42.98,0.225,152732
2014,4,TPEA,tradicional,sexo,Mujer,42.81,0.228,153064
2015,1,TPEA,tradicional,sexo,Mujer,42.49,0.223,152944
2015,2,TPEA,tradicional,sexo,Mujer,43.11,0.221,152913
2015,3,TPEA,tradicional,sexo,Mujer,43.48,0.227,152219
2015,4,TPEA,tradicional,sexo,Mujer,44.33,0.225,151403
2016,1,TPEA,tradicional,sexo,Mujer,42.92,0.223,151009
2016,2,TPEA,tradicional,sexo,Mujer,43.41,0.22,151386
2016,3,TPEA,tradicional,sexo,Mujer,43.93,0.225,149268
2016,4,TPEA,tradicional,sexo,Mujer,43.35,0.217,149792
2017,1,TPEA,tradicional,sexo,Mujer,42.84,0.222,150184
2017,2,TPEA,tradicional,sexo,Mujer,42.93,0.217,152847
2017,3,TPEA,tradicional,sexo,Mujer,42.86,0.221,150397
2017,4,TPEA,tradicional,sexo,Mujer,43.2,0.225,150678
2018,1,TPEA,tradicional,sexo,Mujer,42.62,0.221,150683
2018,2,TPEA,tradicional,sexo,Mujer,43.75,0.223,151575
2018,3,TPEA,tradicional,sexo,Mujer,43.6,0.222,151432
2018,4,TPEA,tradicional,sexo,Mujer,43.91,0.229,151705
2019,1,TPEA,tradicional,sexo,Mujer,43.73,0.221,157723
2019,2,TPEA,tradicional,sexo,Mujer,44.95,0.227,158825
2019,3,TPEA,tradicional,sexo,Mujer,45,0.227,158523
2019,4,TPEA,tradicional,sexo,Mujer,45.43,0.221,158159
2020,1,TPEA,tradicional,sexo,Mujer,45.05,0.233,164077
2020,3,TPEA,enoen,sexo,Mujer,40.03,0.329,117775
2020,4,TPEA,enoen,sexo,Mujer,42.43,0.282,141919
2021,1,TPEA,enoen,sexo,Mujer,41.66,0.291,139383
2021,2,TPEA,enoen,sexo,Mujer,43.95,0.275,152028
2021,3,TPEA,enoen,sexo,Mujer,44.22,0.226,170459
2021,4,TPEA,enoen,sexo,Mujer,44.67,0.226,173330
2022,1,TPEA,enoen,sexo,Mujer,43.65,0.233,161996
2022,2,TPEA,enoen,sexo,Mujer,45.13,0.23,163293
2022,3,TPEA,enoen,sexo,Mujer,45.11,0.225,160611
2022,4,TPEA,enoen,sexo,Mujer,46.25,0.223,160585
2023,1,TPEA,enoe_2023,sexo,Mujer,45.95,0.211,182442
2023,2,TPEA,enoe_2023,sexo,Mujer,46.12,0.221,174714
2023,3,TPEA,enoe_2023,sexo,Mujer,46.44,0.225,174386
2023,4,TPEA,enoe_2023,sexo,Mujer,46.52,0.228,171405
2024,1,TPEA,enoe_2023,sexo,Mujer,45.94,0.237,173569
2024,2,TPEA,enoe_2023,sexo,Mujer,46.28,0.234,174880
2024,3,TPEA,enoe_2023,sexo,Mujer,46.3,0.226,173011
2024,4,TPEA,enoe_2023,sexo,Mujer,46.4,0.222,171991
2025,1,TPEA,enoe_2023,sexo,Mujer,45.34,0.243,171792
2025,2,TPEA,enoe_2023,sexo,Mujer,45.81,0.229,172111
2025,3,TPEA,enoe_2023,sexo,Mujer,45.72,0.23,172277
2025,4,TPEA,enoe_2023,sexo,Mujer,45.77,0.23,171343
2026,1,TPEA,enoe_2023,sexo,Mujer,45.22,0.224,171175
2026,2,TPEA,enoe_2023,sexo,Mujer,45.85,0.23,171697
