cvegeo,entidad,municipio,aguinaldo,vacaciones,servicio_medico,incap_sueldo,sar_afore,credito_vivienda,utilidades,p_aguinaldo,p_vacaciones,p_servicio_medico,p_incap_sueldo,p_sar_afore,p_credito_vivienda,p_utilidades
01001,Aguascalientes,Aguascalientes,0.79,0.758,0.752,0.718,0.705,0.702,0.554,1,1,1,1,1,1,1
01002,Aguascalientes,Asientos,0.47,0.408,0.437,0.362,0.359,0.322,0.326,1,1,1,1,1,1,1
01003,Aguascalientes,Calvillo,0.442,0.312,0.264,0.236,0.204,0.172,0.164,1,1,1,1,1,1,1
01004,Aguascalientes,Cosío,0.646,0.596,0.613,0.571,0.534,0.489,0.444,1,1,1,1,1,1,1
01005,Aguascalientes,Jesús María,0.741,0.686,0.666,0.625,0.617,0.612,0.495,1,1,1,1,1,1,1
01006,Aguascalientes,Pabellón de Arteaga,0.706,0.64,0.638,0.588,0.563,0.539,0.394,1,1,1,1,1,1,1
01007,Aguascalientes,Rincón de Romos,0.619,0.55,0.557,0.503,0.483,0.471,0.345,1,1,1,1,1,1,1
01008,Aguascalientes,San José de Gracia,0.474,0.395,0.382,0.366,0.305,0.284,0.174,1,1,1,1,1,1,1
01009,Aguascalientes,Tepezalá,0.59,0.504,0.506,0.438,0.396,0.347,0.332,1,1,1,1,1,1,1
01010,Aguascalientes,El Llano,0.526,0.484,0.502,0.427,0.399,0.36,0.319,1,1,1,1,1,1,1
01011,Aguascalientes,San Francisco de los Romo,0.757,0.72,0.732,0.643,0.656,0.655,0.509,1,1,1,1,1,1,1
02001,Baja California,Ensenada,0.697,0.662,0.641,0.629,0.597,0.577,0.542,1,1,1,1,1,1,1
02002,Baja California,Mexicali,0.817,0.789,0.777,0.751,0.722,0.707,0.635,1,1,1,1,1,1,1
02003,Baja California,Tecate,0.734,0.715,0.692,0.67,0.634,0.611,0.61,1,1,1,1,1,1,1
02004,Baja California,Tijuana,0.753,0.751,0.73,0.718,0.698,0.685,0.677,1,1,1,1,1,1,1
02005,Baja California,Playas de Rosarito,0.625,0.605,0.539,0.537,0.508,0.488,0.481,1,1,1,1,1,1,1
02006,Baja California,San Quintín,0.608,0.47,0.544,0.412,0.371,0.288,0.416,1,1,1,1,1,1,1
02007,Baja California,San Felipe,0.499,0.451,0.42,0.383,0.306,0.318,0.244,1,1,1,1,1,1,1
03001,Baja California Sur,Comondú,0.659,0.584,0.596,0.549,0.534,0.524,0.43,1,1,1,1,1,1,1
03002,Baja California Sur,Mulegé,0.685,0.577,0.669,0.571,0.596,0.569,0.427,1,1,1,1,1,1,1
03003,Baja California Sur,La Paz,0.775,0.739,0.735,0.706,0.691,0.678,0.451,1,1,1,1,1,1,1
03008,Baja California Sur,Los Cabos,0.753,0.727,0.747,0.679,0.674,0.652,0.588,1,1,1,1,1,1,1
03009,Baja California Sur,Loreto,0.692,0.652,0.657,0.617,0.601,0.568,0.453,1,1,1,1,1,1,1
04001,Campeche,Calkiní,0.609,0.519,0.515,0.483,0.448,0.403,0.282,1,1,1,1,1,1,1
04002,Campeche,Campeche,0.73,0.659,0.64,0.594,0.58,0.571,0.389,1,1,1,1,1,1,1
04003,Campeche,Carmen,0.674,0.598,0.591,0.503,0.529,0.486,0.436,1,1,1,1,1,1,1
04004,Campeche,Champotón,0.404,0.323,0.321,0.28,0.272,0.231,0.196,1,1,1,1,1,1,1
04005,Campeche,Hecelchakán,0.628,0.517,0.527,0.469,0.469,0.406,0.254,1,1,1,1,1,1,1
04006,Campeche,Hopelchén,0.4,0.303,0.305,0.254,0.248,0.21,0.175,1,1,1,1,1,1,1
04007,Campeche,Palizada,0.537,0.399,0.307,0.257,0.236,0.135,0.169,1,1,1,1,1,1,1
04008,Campeche,Tenabo,0.542,0.418,0.443,0.362,0.39,0.321,0.243,1,1,1,1,1,1,1
04009,Campeche,Escárcega,0.405,0.298,0.302,0.24,0.253,0.219,0.187,1,1,1,1,1,1,1
04010,Campeche,Calakmul,0.281,0.2,0.206,0.161,0.144,0.094,0.071,1,1,1,1,1,1,1
04011,Campeche,Candelaria,0.259,0.162,0.133,0.105,0.104,0.066,0.06,1,1,1,1,1,1,1
04012,Campeche,Seybaplaya,0.481,0.364,0.395,0.321,0.335,0.299,0.197,1,1,1,1,1,1,1
04013,Campeche,Dzitbalché,0.573,0.426,0.407,0.369,0.362,0.308,0.258,1,1,1,1,1,1,1
05001,Coahuila de Zaragoza,Abasolo,0.556,0.35,0.23,0.261,0.128,0.121,0.156,1,1,1,1,0,0,1
05002,Coahuila de Zaragoza,Acuña,0.804,0.794,0.787,0.753,0.751,0.745,0.738,1,1,1,1,1,1,1
05003,Coahuila de Zaragoza,Allende,0.7,0.668,0.684,0.624,0.597,0.572,0.58,1,1,1,1,1,1,1
05004,Coahuila de Zaragoza,Arteaga,0.763,0.73,0.725,0.694,0.669,0.662,0.541,1,1,1,1,1,1,1
05005,Coahuila de Zaragoza,Candela,0.573,0.49,0.362,0.279,0.171,0.144,0.146,1,1,1,1,0,0,0
05006,Coahuila de Zaragoza,Castaños,0.759,0.748,0.762,0.705,0.7,0.696,0.664,1,1,1,1,1,1,1
05007,Coahuila de Zaragoza,Cuatro Ciénegas,0.666,0.628,0.611,0.514,0.483,0.455,0.28,1,1,1,1,1,1,1
05008,Coahuila de Zaragoza,Escobedo,0.551,0.474,0.453,0.384,0.306,0.227,0.344,1,1,1,1,1,1,1
05009,Coahuila de Zaragoza,Francisco I. Madero,0.753,0.682,0.672,0.608,0.606,0.588,0.482,1,1,1,1,1,1,1
05010,Coahuila de Zaragoza,Frontera,0.778,0.755,0.78,0.716,0.725,0.72,0.668,1,1,1,1,1,1,1
05011,Coahuila de Zaragoza,General Cepeda,0.716,0.685,0.685,0.618,0.618,0.589,0.594,1,1,1,1,1,1,1
05012,Coahuila de Zaragoza,Guerrero,0.65,0.557,0.491,0.421,0.368,0.317,0.319,1,1,1,1,1,1,1
05013,Coahuila de Zaragoza,Hidalgo,0.741,0.594,0.518,0.437,0.429,0.308,0.344,1,1,1,1,1,1,1
05014,Coahuila de Zaragoza,Jiménez,0.635,0.596,0.568,0.56,0.535,0.499,0.547,1,1,1,1,1,1,1
05015,Coahuila de Zaragoza,Juárez,0.453,0.35,0.237,0.254,0.128,0.091,0.111,1,1,1,1,0,0,0
05016,Coahuila de Zaragoza,Lamadrid,0.653,0.618,0.431,0.484,0.374,0.356,0.285,1,1,1,1,1,1,1
05017,Coahuila de Zaragoza,Matamoros,0.735,0.677,0.67,0.624,0.616,0.61,0.514,1,1,1,1,1,1,1
05018,Coahuila de Zaragoza,Monclova,0.785,0.767,0.776,0.73,0.73,0.723,0.634,1,1,1,1,1,1,1
05019,Coahuila de Zaragoza,Morelos,0.651,0.571,0.558,0.479,0.414,0.403,0.38,1,1,1,1,1,1,1
05020,Coahuila de Zaragoza,Múzquiz,0.705,0.679,0.709,0.643,0.626,0.613,0.578,1,1,1,1,1,1,1
05021,Coahuila de Zaragoza,Nadadores,0.737,0.692,0.677,0.648,0.629,0.61,0.578,1,1,1,1,1,1,1
05022,Coahuila de Zaragoza,Nava,0.767,0.75,0.773,0.736,0.717,0.67,0.629,1,1,1,1,1,1,1
05023,Coahuila de Zaragoza,Ocampo,0.647,0.583,0.643,0.528,0.471,0.408,0.442,1,1,1,1,1,1,1
05024,Coahuila de Zaragoza,Parras,0.677,0.632,0.642,0.582,0.549,0.56,0.464,1,1,1,1,1,1,1
05025,Coahuila de Zaragoza,Piedras Negras,0.791,0.779,0.794,0.77,0.746,0.734,0.693,1,1,1,1,1,1,1
05026,Coahuila de Zaragoza,Progreso,0.621,0.494,0.548,0.449,0.428,0.356,0.377,1,1,1,1,1,1,1
05027,Coahuila de Zaragoza,Ramos Arizpe,0.869,0.861,0.861,0.833,0.828,0.831,0.755,1,1,1,1,1,1,1
05028,Coahuila de Zaragoza,Sabinas,0.802,0.783,0.786,0.745,0.731,0.706,0.705,1,1,1,1,1,1,1
05029,Coahuila de Zaragoza,Sacramento,0.684,0.622,0.569,0.507,0.49,0.493,0.432,1,1,1,1,1,1,1
05030,Coahuila de Zaragoza,Saltillo,0.878,0.863,0.86,0.835,0.829,0.82,0.702,1,1,1,1,1,1,1
05031,Coahuila de Zaragoza,San Buenaventura,0.743,0.723,0.725,0.683,0.679,0.67,0.567,1,1,1,1,1,1,1
05032,Coahuila de Zaragoza,San Juan de Sabinas,0.79,0.758,0.77,0.735,0.709,0.693,0.604,1,1,1,1,1,1,1
05033,Coahuila de Zaragoza,San Pedro,0.683,0.619,0.625,0.577,0.573,0.563,0.494,1,1,1,1,1,1,1
05034,Coahuila de Zaragoza,Sierra Mojada,0.335,0.295,0.335,0.214,0.245,0.204,0.159,1,1,1,1,1,1,1
05035,Coahuila de Zaragoza,Torreón,0.839,0.795,0.77,0.746,0.738,0.725,0.558,1,1,1,1,1,1,1
05036,Coahuila de Zaragoza,Viesca,0.62,0.573,0.591,0.544,0.542,0.518,0.48,1,1,1,1,1,1,1
05037,Coahuila de Zaragoza,Villa Unión,0.663,0.596,0.578,0.55,0.48,0.437,0.475,1,1,1,1,1,1,1
05038,Coahuila de Zaragoza,Zaragoza,0.6,0.55,0.557,0.498,0.452,0.41,0.384,1,1,1,1,1,1,1
06001,Colima,Armería,0.418,0.316,0.332,0.292,0.283,0.261,0.231,1,1,1,1,1,1,1
06002,Colima,Colima,0.715,0.656,0.642,0.594,0.589,0.534,0.393,1,1,1,1,1,1,1
06003,Colima,Comala,0.471,0.355,0.344,0.334,0.287,0.249,0.176,1,1,1,1,1,1,1
06004,Colima,Coquimatlán,0.524,0.454,0.466,0.414,0.403,0.377,0.312,1,1,1,1,1,1,1
06005,Colima,Cuauhtémoc,0.536,0.462,0.488,0.431,0.43,0.389,0.285,1,1,1,1,1,1,1
06006,Colima,Ixtlahuacán,0.423,0.321,0.261,0.262,0.211,0.109,0.127,1,1,1,1,1,1,1
06007,Colima,Manzanillo,0.725,0.691,0.706,0.656,0.653,0.639,0.497,1,1,1,1,1,1,1
06008,Colima,Minatitlán,0.719,0.658,0.677,0.5,0.538,0.415,0.367,1,1,1,1,1,1,1
06009,Colima,Tecomán,0.528,0.419,0.416,0.386,0.384,0.375,0.34,1,1,1,1,1,1,1
06010,Colima,Villa de Álvarez,0.761,0.71,0.695,0.673,0.647,0.619,0.44,1,1,1,1,1,1,1
07001,Chiapas,Acacoyagua,0.196,0.127,0.106,0.086,0.082,0.051,0.063,1,1,1,1,1,1,1
07002,Chiapas,Acala,0.262,0.177,0.184,0.15,0.153,0.119,0.131,1,1,1,1,1,1,1
07003,Chiapas,Acapetahua,0.275,0.168,0.171,0.131,0.123,0.074,0.104,1,1,1,1,1,1,1
07004,Chiapas,Altamirano,0.35,0.226,0.191,0.198,0.178,0.106,0.119,1,1,1,1,1,1,1
07005,Chiapas,Amatán,0.087,0.063,0.042,0.036,0.027,0.02,0.027,1,0,0,0,0,0,0
07006,Chiapas,Amatenango de la Frontera,0.136,0.091,0.093,0.077,0.069,0.037,0.023,1,1,1,0,0,0,0
07007,Chiapas,Amatenango del Valle,0.062,0.04,0.035,0.026,0.029,0.008,0.014,1,0,0,0,0,0,0
07008,Chiapas,Ángel Albino Corzo,0.165,0.115,0.096,0.086,0.077,0.052,0.049,1,1,1,1,1,1,1
07009,Chiapas,Arriaga,0.359,0.248,0.254,0.196,0.21,0.207,0.175,1,1,1,1,1,1,1
07010,Chiapas,Bejucal de Ocampo,0.194,0.085,0.083,0.085,0.05,0.035,0.04,0,0,0,0,0,0,0
07011,Chiapas,Bella Vista,0.134,0.106,0.094,0.085,0.066,0.06,0.047,1,0,0,0,0,0,0
07012,Chiapas,Berriozábal,0.483,0.362,0.34,0.305,0.295,0.28,0.238,1,1,1,1,1,1,1
07013,Chiapas,Bochil,0.276,0.184,0.174,0.142,0.131,0.116,0.096,1,1,1,1,1,1,1
07014,Chiapas,El Bosque,0.105,0.075,0.066,0.036,0.049,0.026,0.024,0,0,0,0,0,0,0
07015,Chiapas,Cacahoatán,0.346,0.272,0.257,0.22,0.214,0.189,0.172,1,1,1,1,1,1,1
07016,Chiapas,Catazajá,0.37,0.22,0.207,0.151,0.178,0.102,0.105,1,1,1,1,1,1,1
07017,Chiapas,Cintalapa de Figueroa,0.363,0.247,0.238,0.211,0.177,0.155,0.138,1,1,1,1,1,1,1
07018,Chiapas,Coapilla,0.218,0.152,0.164,0.132,0.108,0.07,0.093,1,1,1,0,0,0,0
07019,Chiapas,Comitán de Domínguez,0.434,0.31,0.263,0.243,0.215,0.203,0.146,1,1,1,1,1,1,1
07020,Chiapas,La Concordia,0.136,0.081,0.081,0.066,0.053,0.037,0.044,1,1,1,1,1,1,1
07021,Chiapas,Copainalá,0.214,0.156,0.134,0.113,0.086,0.078,0.062,1,1,1,1,1,1,1
07022,Chiapas,Chalchihuitán,0.099,0.048,0.05,0.048,0.03,0.02,0.02,1,0,0,0,0,0,0
07023,Chiapas,Chamula,0.03,0.012,0.014,0.007,0.006,0.004,0.01,1,1,0,1,1,0,0
07024,Chiapas,Chanal,0.109,0.075,0.052,0.038,0.036,0.018,0.025,1,1,0,0,0,0,0
07025,Chiapas,Chapultenango,0.232,0.137,0.137,0.117,0.072,0.065,0.06,0,0,0,0,0,0,0
07026,Chiapas,Chenalhó,0.08,0.034,0.034,0.019,0.03,0.009,0.016,1,1,1,0,1,0,0
07027,Chiapas,Chiapa de Corzo,0.53,0.431,0.402,0.342,0.322,0.296,0.269,1,1,1,1,1,1,1
07028,Chiapas,Chiapilla,0.121,0.062,0.097,0.054,0.078,0.04,0.051,1,0,1,0,1,0,0
07029,Chiapas,Chicoasén,0.596,0.444,0.552,0.406,0.424,0.328,0.357,1,1,1,1,1,1,1
07030,Chiapas,Chicomuselo,0.163,0.116,0.103,0.098,0.082,0.069,0.057,1,1,1,1,0,0,0
07031,Chiapas,Chilón,0.212,0.143,0.139,0.098,0.118,0.058,0.053,1,1,1,1,1,1,1
07032,Chiapas,Escuintla,0.26,0.176,0.177,0.129,0.129,0.098,0.088,1,1,1,1,1,1,1
07033,Chiapas,Francisco León,0.087,0.036,0.039,0.031,0.028,0.012,0.019,0,0,0,0,0,0,0
07034,Chiapas,Frontera Comalapa,0.205,0.15,0.135,0.117,0.066,0.062,0.059,1,1,1,1,1,1,1
07035,Chiapas,Frontera Hidalgo,0.414,0.271,0.277,0.22,0.204,0.159,0.178,1,1,1,1,1,1,1
07036,Chiapas,La Grandeza,0.315,0.221,0.198,0.178,0.151,0.155,0.106,1,0,0,0,0,0,0
07037,Chiapas,Huehuetán,0.373,0.293,0.284,0.281,0.25,0.22,0.105,1,1,1,1,1,1,1
07038,Chiapas,Huixtán,0.123,0.099,0.102,0.07,0.088,0.054,0.04,1,1,1,0,1,0,0
07039,Chiapas,Huitiupán,0.203,0.113,0.106,0.092,0.082,0.049,0.066,0,0,0,0,0,0,0
07040,Chiapas,Huixtla,0.38,0.29,0.298,0.237,0.248,0.203,0.199,1,1,1,1,1,1,1
07041,Chiapas,La Independencia,0.124,0.072,0.052,0.036,0.034,0.022,0.022,1,1,1,0,0,0,0
07042,Chiapas,Ixhuatán,0.234,0.088,0.08,0.055,0.064,0.034,0.03,1,1,1,0,0,0,0
07043,Chiapas,Ixtacomitán,0.431,0.169,0.183,0.152,0.125,0.109,0.077,1,1,1,1,1,1,0
07044,Chiapas,Ixtapa,0.302,0.18,0.203,0.133,0.15,0.096,0.074,1,1,1,1,1,1,1
07045,Chiapas,Ixtapangajoya,0.307,0.065,0.062,0.045,0.046,0.034,0.035,1,1,1,0,0,0,0
07046,Chiapas,Jiquipilas,0.335,0.253,0.252,0.202,0.174,0.121,0.157,1,1,1,1,1,1,1
07047,Chiapas,Jitotol,0.267,0.174,0.157,0.147,0.112,0.09,0.066,0,0,0,0,0,0,0
07048,Chiapas,Juárez,0.508,0.156,0.12,0.099,0.079,0.05,0.061,1,1,1,1,1,1,1
07049,Chiapas,Larráinzar,0.085,0.034,0.035,0.022,0.021,0.012,0.01,0,1,1,0,0,0,0
07050,Chiapas,La Libertad,0.426,0.224,0.188,0.144,0.132,0.102,0.101,1,1,1,1,1,1,1
07051,Chiapas,Mapastepec,0.272,0.163,0.164,0.13,0.12,0.092,0.11,1,1,1,1,1,1,1
07052,Chiapas,Las Margaritas,0.237,0.159,0.12,0.119,0.089,0.057,0.05,1,1,1,1,1,1,1
07053,Chiapas,Mazapa de Madero,0.238,0.107,0.116,0.099,0.077,0.086,0.029,0,0,0,0,0,0,0
07054,Chiapas,Mazatán,0.453,0.267,0.236,0.203,0.189,0.138,0.184,1,1,1,1,1,1,1
07055,Chiapas,Metapa,0.509,0.364,0.349,0.302,0.309,0.283,0.147,1,1,1,1,1,1,0
07056,Chiapas,Mitontic,0.046,0.022,0.029,0.017,0.02,0.012,0.011,0,0,0,0,0,0,0
07057,Chiapas,Motozintla,0.235,0.153,0.14,0.111,0.11,0.068,0.067,1,1,1,1,1,1,1
07058,Chiapas,Nicolás Ruíz,0.226,0.097,0.149,0.097,0.154,0.067,0.031,0,0,0,0,0,0,0
07059,Chiapas,Ocosingo,0.321,0.228,0.189,0.169,0.161,0.113,0.052,1,1,1,1,1,1,1
07060,Chiapas,Ocotepec,0.095,0.059,0.059,0.045,0.024,0.023,0.021,1,0,0,0,0,0,0
07061,Chiapas,Ocozocoautla de Espinosa,0.407,0.293,0.295,0.247,0.242,0.214,0.223,1,1,1,1,1,1,1
07062,Chiapas,Ostuacán,0.351,0.17,0.175,0.129,0.13,0.088,0.101,1,1,1,1,1,1,1
07063,Chiapas,Osumacinta,0.565,0.457,0.498,0.407,0.357,0.3,0.408,1,1,1,1,1,1,1
07064,Chiapas,Oxchuc,0.204,0.152,0.179,0.108,0.079,0.033,0.085,1,1,1,1,0,0,0
07065,Chiapas,Palenque,0.426,0.314,0.292,0.24,0.253,0.19,0.169,1,1,1,1,1,1,1
07066,Chiapas,Pantelhó,0.06,0.043,0.037,0.026,0.028,0.02,0.02,0,0,0,0,0,0,0
07067,Chiapas,Pantepec,0.093,0.047,0.049,0.034,0.039,0.024,0.018,0,0,0,0,0,0,0
07068,Chiapas,Pichucalco,0.55,0.266,0.246,0.209,0.186,0.162,0.181,1,1,1,1,1,1,1
07069,Chiapas,Pijijiapan,0.336,0.182,0.154,0.146,0.121,0.088,0.082,1,1,1,1,1,1,1
07070,Chiapas,El Porvenir,0.136,0.101,0.091,0.046,0.08,0.03,0.016,0,0,0,0,0,0,0
07071,Chiapas,Villa Comaltitlán,0.22,0.138,0.142,0.117,0.121,0.082,0.087,1,1,1,1,1,1,1
07072,Chiapas,Pueblo Nuevo Solistahuacán,0.151,0.081,0.075,0.058,0.069,0.035,0.032,1,1,0,0,1,0,0
07073,Chiapas,Rayón,0.216,0.115,0.101,0.089,0.072,0.056,0.045,1,1,1,0,1,1,0
07074,Chiapas,Reforma,0.578,0.38,0.389,0.317,0.325,0.243,0.29,1,1,1,1,1,1,1
07075,Chiapas,Las Rosas,0.155,0.104,0.1,0.084,0.066,0.049,0.032,1,1,1,1,1,1,1
07076,Chiapas,Sabanilla,0.289,0.164,0.154,0.092,0.152,0.061,0.062,1,1,0,0,1,0,0
07077,Chiapas,Salto de Agua,0.318,0.198,0.21,0.121,0.145,0.088,0.111,1,1,1,1,1,1,1
07078,Chiapas,San Cristóbal de las Casas,0.44,0.32,0.273,0.245,0.211,0.19,0.133,1,1,1,1,1,1,1
07079,Chiapas,San Fernando,0.29,0.205,0.185,0.144,0.136,0.109,0.123,1,1,1,1,1,1,1
07080,Chiapas,Siltepec,0.193,0.147,0.116,0.092,0.094,0.05,0.067,1,1,1,1,1,0,0
07081,Chiapas,Simojovel,0.271,0.152,0.11,0.092,0.077,0.073,0.057,1,1,1,0,0,0,0
07082,Chiapas,Sitalá,0.349,0.217,0.111,0.051,0.106,0.017,0.051,1,1,0,0,0,0,0
07083,Chiapas,Socoltenango,0.156,0.105,0.093,0.073,0.076,0.049,0.067,1,1,1,0,1,0,0
07084,Chiapas,Solosuchiapa,0.212,0.083,0.072,0.055,0.051,0.029,0.03,1,1,1,0,0,0,0
07085,Chiapas,Soyaló,0.206,0.137,0.143,0.102,0.105,0.076,0.045,1,1,1,1,1,1,0
07086,Chiapas,Suchiapa,0.421,0.322,0.301,0.25,0.212,0.184,0.157,1,1,1,1,1,1,1
07087,Chiapas,Suchiate,0.517,0.2,0.193,0.167,0.154,0.125,0.139,1,1,1,1,1,1,1
07088,Chiapas,Sunuapa,0.364,0.08,0.059,0.07,0.036,0.023,0.036,1,0,0,0,0,0,0
07089,Chiapas,Tapachula,0.513,0.444,0.448,0.387,0.392,0.376,0.311,1,1,1,1,1,1,1
07090,Chiapas,Tapalapa,0.156,0.097,0.11,0.076,0.086,0.036,0.022,0,0,0,0,0,0,0
07091,Chiapas,Tapilula,0.304,0.152,0.151,0.123,0.102,0.093,0.079,1,1,1,1,1,1,1
07092,Chiapas,Tecpatán,0.194,0.1,0.086,0.072,0.049,0.039,0.033,1,1,1,1,1,0,0
07093,Chiapas,Tenejapa,0.068,0.038,0.035,0.025,0.024,0.019,0.014,1,0,0,0,0,0,0
07094,Chiapas,Teopisca,0.176,0.106,0.089,0.077,0.073,0.048,0.046,1,1,1,1,1,1,1
07096,Chiapas,Tila,0.463,0.278,0.302,0.225,0.273,0.154,0.094,1,1,1,1,1,0,1
07097,Chiapas,Tonalá,0.366,0.245,0.232,0.192,0.173,0.162,0.123,1,1,1,1,1,1,1
07098,Chiapas,Totolapa,0.2,0.098,0.144,0.07,0.145,0.064,0.069,1,0,1,0,1,0,0
07099,Chiapas,La Trinitaria,0.165,0.109,0.108,0.092,0.075,0.06,0.057,1,1,1,1,1,1,1
07100,Chiapas,Tumbalá,0.267,0.182,0.21,0.104,0.161,0.067,0.096,1,1,1,1,1,0,0
07101,Chiapas,Tuxtla Gutiérrez,0.664,0.58,0.539,0.492,0.449,0.416,0.298,1,1,1,1,1,1,1
07102,Chiapas,Tuxtla Chico,0.46,0.389,0.382,0.31,0.304,0.261,0.248,1,1,1,1,1,1,1
07103,Chiapas,Tuzantán,0.281,0.198,0.182,0.157,0.14,0.104,0.126,1,1,1,1,1,1,1
07104,Chiapas,Tzimol,0.198,0.104,0.084,0.087,0.06,0.044,0.042,1,1,1,1,1,1,1
07105,Chiapas,Unión Juárez,0.306,0.246,0.234,0.213,0.191,0.157,0.125,1,1,1,1,1,1,1
07106,Chiapas,Venustiano Carranza,0.344,0.239,0.24,0.194,0.198,0.131,0.149,1,1,1,1,1,1,1
07107,Chiapas,Villa Corzo,0.291,0.18,0.164,0.144,0.13,0.108,0.086,1,1,1,1,1,1,1
07108,Chiapas,Villaflores,0.41,0.29,0.26,0.232,0.22,0.197,0.192,1,1,1,1,1,1,1
07109,Chiapas,Yajalón,0.337,0.216,0.186,0.16,0.143,0.117,0.095,1,1,1,1,1,1,1
07110,Chiapas,San Lucas,0.106,0.054,0.092,0.03,0.116,0.039,0.019,0,0,0,0,0,0,0
07111,Chiapas,Zinacantán,0.049,0.028,0.019,0.015,0.013,0.011,0.01,1,1,1,1,0,0,0
07112,Chiapas,San Juan Cancuc,0.256,0.078,0.09,0.024,0.084,0.016,0.029,0,0,0,0,0,0,0
07113,Chiapas,Aldama,0.023,0.009,0.012,0.008,0.011,0.005,0.002,0,0,0,0,0,0,0
07114,Chiapas,Benemérito de las Américas,0.196,0.111,0.09,0.069,0.085,0.056,0.063,1,1,1,1,1,1,1
07115,Chiapas,Maravilla Tenejapa,0.245,0.14,0.15,0.058,0.132,0.063,0.05,0,0,0,0,0,0,0
07116,Chiapas,Marqués de Comillas,0.156,0.091,0.06,0.072,0.067,0.051,0.034,1,1,0,0,0,0,0
07117,Chiapas,Montecristo de Guerrero,0.136,0.046,0.041,0.052,0.036,0.014,0.013,1,0,0,0,0,0,0
07118,Chiapas,San Andrés Duraznal,0.061,0.02,0.008,0,0.004,0,0,0,0,0,0,0,0,0
07119,Chiapas,Santiago el Pinar,0.076,0.032,0.032,0.006,0.038,0.013,0,0,0,0,0,0,0,0
07120,Chiapas,Capitán Luis Ángel Vidal,0.284,0.184,0.202,0.064,0.119,0.055,0.101,0,0,0,0,0,0,0
07121,Chiapas,Rincón Chamula San Pedro,0.066,0.037,0.044,0.024,0.022,0.013,0.022,0,0,0,0,0,0,0
07122,Chiapas,El Parral,0.278,0.19,0.165,0.13,0.116,0.086,0.073,1,1,1,1,1,1,1
07123,Chiapas,Emiliano Zapata,0.408,0.329,0.331,0.266,0.293,0.204,0.174,1,1,1,1,1,1,1
07124,Chiapas,Mezcalapa,0.226,0.161,0.15,0.127,0.128,0.094,0.084,1,1,1,1,1,1,1
08001,Chihuahua,Ahumada,0.689,0.599,0.571,0.473,0.432,0.398,0.324,1,1,1,1,1,1,1
08002,Chihuahua,Aldama,0.721,0.689,0.671,0.646,0.637,0.614,0.58,1,1,1,1,1,1,1
08003,Chihuahua,Allende,0.589,0.463,0.397,0.344,0.328,0.292,0.241,1,1,1,1,1,1,1
08004,Chihuahua,Aquiles Serdán,0.837,0.803,0.792,0.75,0.743,0.728,0.657,1,1,1,1,1,1,1
08005,Chihuahua,Ascensión,0.354,0.292,0.26,0.224,0.196,0.174,0.182,1,1,1,1,1,1,1
08006,Chihuahua,Bachíniva,0.538,0.326,0.295,0.225,0.223,0.183,0.197,1,1,1,1,1,1,1
08007,Chihuahua,Balleza,0.281,0.17,0.154,0.127,0.098,0.092,0.072,1,1,1,1,1,1,1
08008,Chihuahua,Batopilas de Manuel Gómez Morín,0.132,0.098,0.077,0.056,0.049,0.048,0.02,1,1,1,0,1,1,0
08009,Chihuahua,Bocoyna,0.529,0.409,0.31,0.278,0.236,0.224,0.153,1,1,1,1,1,1,1
08010,Chihuahua,Buenaventura,0.42,0.334,0.314,0.287,0.264,0.252,0.261,1,1,1,1,1,1,1
08011,Chihuahua,Camargo,0.614,0.564,0.559,0.525,0.511,0.506,0.482,1,1,1,1,1,1,1
08012,Chihuahua,Carichí,0.325,0.214,0.158,0.148,0.113,0.097,0.055,1,1,1,1,1,1,1
08013,Chihuahua,Casas Grandes,0.6,0.546,0.537,0.465,0.449,0.424,0.346,1,1,1,1,1,1,1
08014,Chihuahua,Coronado,0.502,0.287,0.203,0.194,0.103,0.074,0.096,1,1,1,1,0,0,0
08016,Chihuahua,La Cruz,0.376,0.296,0.25,0.22,0.191,0.175,0.145,1,1,1,1,1,1,1
08017,Chihuahua,Cuauhtémoc,0.738,0.676,0.656,0.598,0.58,0.552,0.495,1,1,1,1,1,1,1
08018,Chihuahua,Cusihuiriachi,0.424,0.27,0.272,0.171,0.125,0.11,0.101,1,1,1,1,1,1,1
08019,Chihuahua,Chihuahua,0.861,0.843,0.825,0.806,0.78,0.771,0.684,1,1,1,1,1,1,1
08020,Chihuahua,Chínipas,0.333,0.284,0.273,0.205,0.176,0.184,0.135,1,1,1,1,1,1,1
08021,Chihuahua,Delicias,0.78,0.762,0.748,0.721,0.708,0.698,0.642,1,1,1,1,1,1,1
08022,Chihuahua,Dr. Belisario Domínguez,0.36,0.219,0.139,0.121,0.052,0.047,0.038,1,1,1,0,0,0,0
08023,Chihuahua,Galeana,0.422,0.166,0.122,0.1,0.068,0.046,0.069,1,1,1,1,0,0,0
08024,Chihuahua,Santa Isabel,0.553,0.431,0.296,0.279,0.205,0.179,0.202,1,1,1,1,1,1,1
08025,Chihuahua,Gómez Farías,0.674,0.596,0.556,0.519,0.504,0.467,0.458,1,1,1,1,1,1,1
08026,Chihuahua,Gran Morelos,0.475,0.351,0.274,0.228,0.177,0.155,0.115,1,1,1,1,1,1,1
08027,Chihuahua,Guachochi,0.406,0.332,0.286,0.266,0.23,0.221,0.109,1,1,1,1,1,1,1
08028,Chihuahua,Guadalupe,0.584,0.528,0.472,0.448,0.414,0.392,0.381,1,1,1,1,1,1,1
08029,Chihuahua,Guadalupe y Calvo,0.432,0.3,0.263,0.225,0.195,0.178,0.144,1,1,1,1,1,1,1
08030,Chihuahua,Guazapares,0.531,0.401,0.406,0.328,0.304,0.278,0.252,1,1,1,1,1,1,1
08031,Chihuahua,Guerrero,0.496,0.367,0.379,0.258,0.279,0.225,0.216,1,1,1,1,1,1,1
08032,Chihuahua,Hidalgo del Parral,0.763,0.713,0.691,0.658,0.626,0.611,0.488,1,1,1,1,1,1,1
08033,Chihuahua,Huejotitán,0.256,0.15,0.09,0.075,0.053,0.038,0.023,0,0,0,0,0,0,0
08034,Chihuahua,Ignacio Zaragoza,0.706,0.565,0.539,0.49,0.476,0.439,0.466,1,1,1,1,1,1,1
08035,Chihuahua,Janos,0.338,0.211,0.195,0.121,0.121,0.118,0.097,1,1,1,1,1,1,1
08036,Chihuahua,Jiménez,0.673,0.575,0.569,0.522,0.513,0.484,0.397,1,1,1,1,1,1,1
08037,Chihuahua,Juárez,0.842,0.836,0.819,0.802,0.784,0.77,0.731,1,1,1,1,1,1,1
08038,Chihuahua,Julimes,0.558,0.451,0.423,0.406,0.343,0.302,0.276,1,1,1,1,1,1,1
08039,Chihuahua,López,0.498,0.368,0.247,0.28,0.195,0.145,0.166,1,1,1,1,1,1,1
08040,Chihuahua,Madera,0.591,0.459,0.509,0.397,0.376,0.353,0.356,1,1,1,1,1,1,1
08041,Chihuahua,Maguarichi,0.452,0.144,0.108,0.124,0.088,0.088,0.024,1,0,0,0,0,0,0
08042,Chihuahua,Manuel Benavides,0.438,0.423,0.147,0.309,0.096,0.088,0.132,1,1,0,1,0,0,0
08043,Chihuahua,Matachí,0.59,0.498,0.377,0.347,0.357,0.342,0.326,1,1,1,1,1,1,1
08044,Chihuahua,Matamoros,0.641,0.558,0.485,0.465,0.42,0.394,0.365,1,1,1,1,1,1,1
08045,Chihuahua,Meoqui,0.664,0.627,0.624,0.574,0.572,0.562,0.512,1,1,1,1,1,1,1
08046,Chihuahua,Morelos,0.18,0.124,0.277,0.076,0.082,0.079,0.047,1,1,0,0,0,0,0
08048,Chihuahua,Namiquipa,0.546,0.387,0.308,0.274,0.24,0.188,0.225,1,1,1,1,1,1,1
08049,Chihuahua,Nonoava,0.387,0.25,0.154,0.174,0.095,0.084,0.055,1,1,1,1,0,0,0
08050,Chihuahua,Nuevo Casas Grandes,0.772,0.742,0.75,0.701,0.68,0.679,0.579,1,1,1,1,1,1,1
08051,Chihuahua,Ocampo,0.596,0.515,0.509,0.432,0.466,0.445,0.454,1,1,1,1,1,1,1
08052,Chihuahua,Ojinaga,0.577,0.539,0.492,0.466,0.439,0.414,0.368,1,1,1,1,1,1,1
08053,Chihuahua,Praxedis G. Guerrero,0.618,0.543,0.503,0.451,0.438,0.387,0.422,1,1,1,1,1,1,1
08054,Chihuahua,Riva Palacio,0.56,0.406,0.274,0.273,0.168,0.158,0.18,1,1,1,1,1,1,1
08055,Chihuahua,Rosales,0.649,0.6,0.576,0.544,0.515,0.518,0.465,1,1,1,1,1,1,1
08056,Chihuahua,Valle del Rosario,0.322,0.209,0.196,0.109,0.103,0.074,0.061,1,1,1,0,0,0,0
08057,Chihuahua,San Francisco de Borja,0.434,0.245,0.162,0.201,0.085,0.075,0.043,1,1,1,1,0,0,0
08058,Chihuahua,San Francisco de Conchos,0.421,0.247,0.261,0.129,0.16,0.143,0.129,1,1,1,0,1,1,0
08059,Chihuahua,San Francisco del Oro,0.765,0.713,0.692,0.605,0.548,0.504,0.441,1,1,1,1,1,1,1
08060,Chihuahua,Santa Bárbara,0.751,0.673,0.625,0.609,0.588,0.575,0.513,1,1,1,1,1,1,1
08061,Chihuahua,Satevó,0.642,0.507,0.433,0.395,0.334,0.272,0.323,1,1,1,1,1,1,1
08062,Chihuahua,Saucillo,0.612,0.562,0.561,0.515,0.496,0.483,0.377,1,1,1,1,1,1,1
08063,Chihuahua,Temósachic,0.43,0.346,0.268,0.255,0.192,0.183,0.154,1,1,1,1,1,1,1
08064,Chihuahua,El Tule,0.325,0.18,0.115,0.09,0.051,0.043,0.038,1,1,0,0,0,0,0
08065,Chihuahua,Urique,0.346,0.26,0.247,0.204,0.163,0.157,0.124,1,1,1,1,1,1,1
08066,Chihuahua,Uruachi,0.436,0.274,0.238,0.191,0.136,0.136,0.074,1,1,1,1,1,1,0
08067,Chihuahua,Valle de Zaragoza,0.436,0.289,0.159,0.135,0.102,0.087,0.095,1,1,1,1,1,0,1
09002,Ciudad de México,Azcapotzalco,0.827,0.802,0.801,0.75,0.752,0.714,0.624,1,1,1,1,1,1,1
09003,Ciudad de México,Coyoacán,0.747,0.724,0.693,0.655,0.638,0.588,0.442,1,1,1,1,1,1,1
09004,Ciudad de México,Cuajimalpa de Morelos,0.71,0.635,0.59,0.555,0.542,0.47,0.451,1,1,1,1,1,1,1
09005,Ciudad de México,Gustavo A. Madero,0.731,0.698,0.692,0.654,0.653,0.613,0.504,1,1,1,1,1,1,1
09006,Ciudad de México,Iztacalco,0.777,0.746,0.727,0.693,0.693,0.659,0.521,1,1,1,1,1,1,1
09007,Ciudad de México,Iztapalapa,0.676,0.629,0.615,0.57,0.569,0.537,0.454,1,1,1,1,1,1,1
09008,Ciudad de México,La Magdalena Contreras,0.704,0.66,0.641,0.598,0.6,0.542,0.434,1,1,1,1,1,1,1
09009,Ciudad de México,Milpa Alta,0.523,0.46,0.431,0.385,0.365,0.295,0.232,1,1,1,1,1,1,1
09010,Ciudad de México,Álvaro Obregón,0.735,0.695,0.687,0.65,0.647,0.615,0.516,1,1,1,1,1,1,1
09011,Ciudad de México,Tláhuac,0.659,0.616,0.586,0.568,0.552,0.522,0.397,1,1,1,1,1,1,1
09012,Ciudad de México,Tlalpan,0.717,0.656,0.624,0.605,0.579,0.522,0.394,1,1,1,1,1,1,1
09013,Ciudad de México,Xochimilco,0.679,0.636,0.596,0.565,0.557,0.49,0.38,1,1,1,1,1,1,1
09014,Ciudad de México,Benito Juárez,0.861,0.853,0.82,0.801,0.783,0.733,0.575,1,1,1,1,1,1,1
09015,Ciudad de México,Cuauhtémoc,0.806,0.775,0.741,0.703,0.691,0.65,0.538,1,1,1,1,1,1,1
09016,Ciudad de México,Miguel Hidalgo,0.826,0.81,0.787,0.737,0.734,0.686,0.558,1,1,1,1,1,1,1
09017,Ciudad de México,Venustiano Carranza,0.731,0.692,0.675,0.64,0.647,0.607,0.505,1,1,1,1,1,1,1
10001,Durango,Canatlán,0.445,0.405,0.383,0.338,0.313,0.287,0.239,1,1,1,1,1,1,1
10002,Durango,Canelas,0.418,0.248,0.208,0.097,0.073,0.057,0.054,1,1,1,0,0,0,0
10003,Durango,Coneto de Comonfort,0.214,0.187,0.173,0.181,0.163,0.157,0.144,1,1,1,1,1,1,1
10004,Durango,Cuencamé,0.535,0.462,0.463,0.413,0.398,0.365,0.353,1,1,1,1,1,1,1
10005,Durango,Durango,0.742,0.679,0.644,0.596,0.576,0.544,0.422,1,1,1,1,1,1,1
10006,Durango,General Simón Bolívar,0.402,0.311,0.276,0.238,0.24,0.201,0.193,1,1,1,1,1,1,1
10007,Durango,Gómez Palacio,0.816,0.772,0.76,0.728,0.719,0.705,0.623,1,1,1,1,1,1,1
10008,Durango,Guadalupe Victoria,0.473,0.393,0.327,0.318,0.295,0.281,0.227,1,1,1,1,1,1,1
10009,Durango,Guanaceví,0.562,0.384,0.397,0.325,0.31,0.282,0.259,1,1,1,1,1,1,1
10010,Durango,Hidalgo,0.435,0.263,0.263,0.22,0.169,0.138,0.079,1,1,1,1,1,1,1
10011,Durango,Indé,0.26,0.198,0.198,0.168,0.136,0.098,0.108,1,1,1,1,1,1,1
10012,Durango,Lerdo,0.764,0.68,0.667,0.623,0.624,0.605,0.503,1,1,1,1,1,1,1
10013,Durango,Mapimí,0.682,0.589,0.614,0.519,0.54,0.518,0.422,1,1,1,1,1,1,1
10014,Durango,Mezquital,0.225,0.163,0.121,0.105,0.092,0.09,0.05,1,1,1,1,1,1,1
10015,Durango,Nazas,0.341,0.244,0.208,0.158,0.148,0.117,0.079,1,1,1,1,1,1,1
10016,Durango,Nombre de Dios,0.47,0.396,0.368,0.344,0.332,0.296,0.276,1,1,1,1,1,1,1
10017,Durango,Ocampo,0.403,0.325,0.265,0.231,0.21,0.194,0.072,1,1,1,1,1,1,1
10018,Durango,El Oro,0.454,0.395,0.313,0.305,0.271,0.218,0.101,1,1,1,1,1,1,1
10019,Durango,Otáez,0.492,0.302,0.269,0.16,0.175,0.163,0.178,1,1,0,0,0,0,0
10020,Durango,Pánuco de Coronado,0.465,0.386,0.328,0.303,0.294,0.247,0.212,1,1,1,1,1,1,1
10021,Durango,Peñón Blanco,0.293,0.232,0.217,0.193,0.172,0.143,0.129,1,1,1,1,1,1,1
10022,Durango,Poanas,0.413,0.332,0.275,0.25,0.242,0.218,0.19,1,1,1,1,1,1,1
10023,Durango,Pueblo Nuevo,0.591,0.45,0.515,0.39,0.393,0.324,0.336,1,1,1,1,1,1,1
10024,Durango,Rodeo,0.469,0.432,0.351,0.296,0.25,0.196,0.224,1,1,1,1,1,1,1
10025,Durango,San Bernardo,0.357,0.281,0.193,0.189,0.128,0.149,0.044,1,1,1,1,0,0,0
10026,Durango,San Dimas,0.527,0.414,0.477,0.378,0.389,0.358,0.339,1,1,1,1,1,1,1
10027,Durango,San Juan de Guadalupe,0.174,0.102,0.086,0.07,0.056,0.045,0.036,1,1,1,1,0,0,0
10028,Durango,San Juan del Río,0.381,0.347,0.285,0.234,0.196,0.182,0.212,1,1,1,1,1,1,1
10029,Durango,San Luis del Cordero,0.235,0.167,0.129,0.127,0.09,0.07,0.081,1,1,0,1,0,0,0
10030,Durango,San Pedro del Gallo,0.285,0.172,0.176,0.146,0.105,0.052,0.049,1,0,0,0,0,0,0
10031,Durango,Santa Clara,0.337,0.232,0.214,0.188,0.164,0.128,0.13,1,1,1,1,1,1,1
10032,Durango,Santiago Papasquiaro,0.544,0.462,0.427,0.379,0.361,0.312,0.263,1,1,1,1,1,1,1
10033,Durango,Súchil,0.404,0.347,0.286,0.248,0.223,0.18,0.184,1,1,1,1,1,1,1
10034,Durango,Tamazula,0.432,0.315,0.198,0.173,0.132,0.122,0.062,1,1,1,1,1,1,1
10035,Durango,Tepehuanes,0.391,0.318,0.254,0.233,0.217,0.173,0.14,1,1,1,1,1,1,1
10036,Durango,Tlahualilo,0.738,0.676,0.693,0.608,0.631,0.584,0.566,1,1,1,1,1,1,1
10037,Durango,Topia,0.635,0.436,0.439,0.321,0.316,0.205,0.224,1,1,1,1,1,1,1
10038,Durango,Vicente Guerrero,0.49,0.435,0.374,0.36,0.33,0.309,0.291,1,1,1,1,1,1,1
10039,Durango,Nuevo Ideal,0.438,0.377,0.303,0.285,0.259,0.235,0.242,1,1,1,1,1,1,1
11001,Guanajuato,Abasolo,0.412,0.303,0.278,0.228,0.216,0.176,0.175,1,1,1,1,1,1,1
11002,Guanajuato,Acámbaro,0.493,0.42,0.394,0.368,0.347,0.313,0.246,1,1,1,1,1,1,1
11003,Guanajuato,San Miguel de Allende,0.507,0.398,0.302,0.309,0.262,0.226,0.208,1,1,1,1,1,1,1
11004,Guanajuato,Apaseo el Alto,0.475,0.391,0.355,0.318,0.32,0.293,0.267,1,1,1,1,1,1,1
11005,Guanajuato,Apaseo el Grande,0.758,0.683,0.679,0.643,0.636,0.627,0.561,1,1,1,1,1,1,1
11006,Guanajuato,Atarjea,0.311,0.252,0.185,0.177,0.11,0.085,0.071,1,1,1,1,1,1,0
11007,Guanajuato,Celaya,0.743,0.704,0.697,0.677,0.677,0.666,0.606,1,1,1,1,1,1,1
11008,Guanajuato,Manuel Doblado,0.418,0.288,0.25,0.22,0.191,0.154,0.201,1,1,1,1,1,1,1
11009,Guanajuato,Comonfort,0.461,0.362,0.358,0.329,0.328,0.309,0.294,1,1,1,1,1,1,1
11010,Guanajuato,Coroneo,0.35,0.27,0.177,0.196,0.121,0.093,0.102,1,1,1,1,1,1,1
11011,Guanajuato,Cortazar,0.643,0.585,0.597,0.546,0.551,0.537,0.486,1,1,1,1,1,1,1
11012,Guanajuato,Cuerámaro,0.343,0.251,0.236,0.195,0.186,0.138,0.175,1,1,1,1,1,1,1
11013,Guanajuato,Doctor Mora,0.527,0.458,0.399,0.366,0.31,0.261,0.298,1,1,1,1,1,1,1
11014,Guanajuato,Dolores Hidalgo Cuna de la Independencia Nacional,0.498,0.385,0.318,0.295,0.262,0.247,0.188,1,1,1,1,1,1,1
11015,Guanajuato,Guanajuato,0.726,0.66,0.651,0.599,0.563,0.572,0.36,1,1,1,1,1,1,1
11016,Guanajuato,Huanímaro,0.416,0.314,0.244,0.237,0.174,0.131,0.155,1,1,1,1,1,1,1
11017,Guanajuato,Irapuato,0.722,0.68,0.672,0.624,0.628,0.62,0.549,1,1,1,1,1,1,1
11018,Guanajuato,Jaral del Progreso,0.569,0.472,0.477,0.422,0.412,0.363,0.35,1,1,1,1,1,1,1
11019,Guanajuato,Jerécuaro,0.25,0.199,0.14,0.136,0.101,0.079,0.092,1,1,1,1,1,1,1
11020,Guanajuato,León,0.719,0.647,0.638,0.609,0.606,0.603,0.527,1,1,1,1,1,1,1
11021,Guanajuato,Moroleón,0.49,0.307,0.239,0.235,0.199,0.195,0.159,1,1,1,1,1,1,1
11022,Guanajuato,Ocampo,0.414,0.344,0.269,0.261,0.214,0.154,0.172,1,1,1,1,1,1,1
11023,Guanajuato,Pénjamo,0.536,0.456,0.437,0.379,0.381,0.299,0.327,1,1,1,1,1,1,1
11024,Guanajuato,Pueblo Nuevo,0.44,0.33,0.315,0.262,0.246,0.216,0.203,1,1,1,1,1,1,1
11025,Guanajuato,Purísima del Rincón,0.689,0.368,0.293,0.275,0.252,0.231,0.237,1,1,1,1,1,1,1
11026,Guanajuato,Romita,0.459,0.384,0.364,0.336,0.309,0.272,0.307,1,1,1,1,1,1,1
11027,Guanajuato,Salamanca,0.722,0.661,0.665,0.6,0.612,0.599,0.488,1,1,1,1,1,1,1
11028,Guanajuato,Salvatierra,0.436,0.399,0.386,0.356,0.348,0.336,0.269,1,1,1,1,1,1,1
11029,Guanajuato,San Diego de la Unión,0.424,0.329,0.288,0.269,0.235,0.202,0.222,1,1,1,1,1,1,1
11030,Guanajuato,San Felipe,0.561,0.485,0.47,0.428,0.419,0.387,0.328,1,1,1,1,1,1,1
11031,Guanajuato,San Francisco del Rincón,0.662,0.397,0.334,0.304,0.292,0.262,0.261,1,1,1,1,1,1,1
11032,Guanajuato,San José de Iturbide,0.644,0.586,0.565,0.519,0.513,0.483,0.474,1,1,1,1,1,1,1
11033,Guanajuato,San Luis de la Paz,0.493,0.43,0.413,0.356,0.348,0.328,0.301,1,1,1,1,1,1,1
11034,Guanajuato,Santa Catarina,0.389,0.35,0.238,0.246,0.133,0.112,0.145,1,1,1,1,1,0,1
11035,Guanajuato,Santa Cruz de Juventino Rosas,0.451,0.405,0.403,0.378,0.38,0.37,0.336,1,1,1,1,1,1,1
11036,Guanajuato,Santiago Maravatío,0.49,0.428,0.311,0.315,0.205,0.182,0.205,1,1,1,1,1,1,1
11037,Guanajuato,Silao de la Victoria,0.731,0.688,0.688,0.614,0.602,0.574,0.529,1,1,1,1,1,1,1
11038,Guanajuato,Tarandacuao,0.261,0.219,0.173,0.176,0.116,0.097,0.094,1,1,1,1,1,1,1
11039,Guanajuato,Tarimoro,0.438,0.392,0.356,0.348,0.325,0.266,0.283,1,1,1,1,1,1,1
11040,Guanajuato,Tierra Blanca,0.43,0.381,0.353,0.292,0.232,0.164,0.243,1,1,1,1,1,1,1
11041,Guanajuato,Uriangato,0.399,0.226,0.177,0.164,0.141,0.126,0.137,1,1,1,1,1,1,1
11042,Guanajuato,Valle de Santiago,0.472,0.395,0.384,0.353,0.348,0.326,0.296,1,1,1,1,1,1,1
11043,Guanajuato,Victoria,0.404,0.343,0.329,0.283,0.219,0.16,0.166,1,1,1,1,1,1,1
11044,Guanajuato,Villagrán,0.75,0.725,0.736,0.697,0.685,0.671,0.632,1,1,1,1,1,1,1
11045,Guanajuato,Xichú,0.303,0.246,0.156,0.169,0.101,0.083,0.065,1,1,1,1,1,1,0
11046,Guanajuato,Yuriria,0.366,0.245,0.188,0.186,0.152,0.119,0.123,1,1,1,1,1,1,1
12001,Guerrero,Acapulco de Juárez,0.578,0.526,0.547,0.465,0.447,0.432,0.29,1,1,1,1,1,1,1
12002,Guerrero,Ahuacuotzingo,0.106,0.072,0.098,0.059,0.052,0.027,0.032,1,1,1,1,0,0,0
12003,Guerrero,Ajuchitlán del Progreso,0.207,0.164,0.161,0.133,0.111,0.098,0.066,1,1,1,1,1,1,1
12004,Guerrero,Alcozauca de Guerrero,0.19,0.161,0.144,0.122,0.089,0.065,0.03,1,1,1,1,1,1,0
12005,Guerrero,Alpoyeca,0.154,0.139,0.127,0.119,0.096,0.082,0.03,1,1,1,1,1,1,0
12006,Guerrero,Apaxtla de Castrejón,0.395,0.3,0.308,0.256,0.211,0.161,0.086,1,1,1,1,1,1,0
12007,Guerrero,Arcelia,0.336,0.267,0.252,0.218,0.191,0.18,0.107,1,1,1,1,1,1,1
12008,Guerrero,Atenango del Río,0.247,0.202,0.174,0.155,0.129,0.07,0.043,1,1,1,1,1,0,0
12009,Guerrero,Atlamajalcingo del Monte,0.276,0.264,0.236,0.18,0.155,0.071,0.059,0,0,0,0,0,0,0
12010,Guerrero,Atlixtac,0.107,0.078,0.08,0.052,0.044,0.029,0.026,1,1,1,1,1,0,0
12011,Guerrero,Atoyac de Álvarez,0.364,0.295,0.272,0.251,0.226,0.184,0.098,1,1,1,1,1,1,1
12012,Guerrero,Ayutla de los Libres,0.254,0.222,0.194,0.151,0.133,0.105,0.049,1,1,1,1,1,1,1
12013,Guerrero,Azoyú,0.247,0.206,0.204,0.16,0.127,0.083,0.059,1,1,1,1,1,0,0
12014,Guerrero,Benito Juárez,0.342,0.266,0.229,0.202,0.153,0.143,0.101,1,1,1,1,1,1,1
12015,Guerrero,Buenavista de Cuéllar,0.328,0.2,0.135,0.158,0.101,0.085,0.074,1,1,1,1,1,1,1
12016,Guerrero,Coahuayutla de José María Izazaga,0.268,0.148,0.156,0.12,0.104,0.082,0.03,1,1,1,1,1,0,0
12017,Guerrero,Cocula,0.356,0.291,0.294,0.25,0.238,0.169,0.16,1,1,1,1,1,1,1
12018,Guerrero,Copala,0.316,0.267,0.247,0.216,0.15,0.145,0.09,1,1,1,1,1,1,1
12019,Guerrero,Copalillo,0.141,0.107,0.102,0.101,0.076,0.046,0.021,1,1,1,1,1,1,0
12020,Guerrero,Copanatoyac,0.127,0.111,0.106,0.079,0.063,0.034,0.025,1,1,1,1,1,0,0
12021,Guerrero,Coyuca de Benítez,0.366,0.297,0.282,0.248,0.22,0.195,0.131,1,1,1,1,1,1,1
12022,Guerrero,Coyuca de Catalán,0.307,0.241,0.232,0.197,0.174,0.15,0.13,1,1,1,1,1,1,1
12023,Guerrero,Cuajinicuilapa,0.309,0.219,0.214,0.174,0.162,0.12,0.088,1,1,1,1,1,1,1
12024,Guerrero,Cualác,0.172,0.137,0.122,0.101,0.09,0.069,0.04,0,0,0,0,0,0,0
12025,Guerrero,Cuautepec,0.225,0.192,0.167,0.145,0.125,0.116,0.083,1,1,1,1,1,1,1
12026,Guerrero,Cuetzala del Progreso,0.176,0.13,0.138,0.105,0.099,0.064,0.058,1,0,0,0,0,0,0
12027,Guerrero,Cutzamala de Pinzón,0.137,0.109,0.115,0.096,0.08,0.07,0.037,1,1,1,1,1,0,0
12028,Guerrero,Chilapa de Álvarez,0.309,0.263,0.246,0.223,0.191,0.145,0.082,1,1,1,1,1,1,1
12029,Guerrero,Chilpancingo de los Bravo,0.566,0.503,0.484,0.425,0.352,0.299,0.153,1,1,1,1,1,1,1
12030,Guerrero,Florencio Villarreal,0.335,0.295,0.284,0.233,0.204,0.17,0.143,1,1,1,1,1,1,1
12031,Guerrero,General Canuto A. Neri,0.261,0.234,0.185,0.16,0.102,0.068,0.02,0,0,0,0,0,0,0
12032,Guerrero,General Heliodoro Castillo,0.124,0.077,0.081,0.062,0.046,0.031,0.022,1,1,1,1,0,0,0
12033,Guerrero,Huamuxtitlán,0.223,0.185,0.178,0.161,0.132,0.099,0.054,1,1,1,1,1,1,1
12034,Guerrero,Huitzuco de los Figueroa,0.281,0.234,0.222,0.196,0.17,0.138,0.089,1,1,1,1,1,1,1
12035,Guerrero,Iguala de la Independencia,0.511,0.442,0.425,0.395,0.37,0.345,0.175,1,1,1,1,1,1,1
12036,Guerrero,Igualapa,0.243,0.196,0.204,0.127,0.113,0.085,0.064,1,1,1,1,1,1,0
12037,Guerrero,Ixcateopan de Cuauhtémoc,0.192,0.109,0.115,0.099,0.059,0.049,0.039,1,0,0,0,0,0,0
12038,Guerrero,Zihuatanejo de Azueta,0.536,0.464,0.464,0.395,0.396,0.36,0.306,1,1,1,1,1,1,1
12039,Guerrero,Juan R. Escudero,0.274,0.216,0.217,0.173,0.16,0.117,0.12,1,1,1,1,1,1,1
12040,Guerrero,Leonardo Bravo,0.235,0.179,0.17,0.138,0.101,0.064,0.048,1,1,1,1,1,1,1
12041,Guerrero,Malinaltepec,0.258,0.226,0.226,0.141,0.118,0.054,0.033,1,1,1,1,1,1,1
12042,Guerrero,Mártir de Cuilapan,0.146,0.118,0.124,0.096,0.079,0.062,0.032,1,1,1,0,0,0,0
12043,Guerrero,Metlatónoc,0.184,0.149,0.118,0.053,0.037,0.02,0.013,1,1,1,0,0,0,0
12044,Guerrero,Mochitlán,0.362,0.306,0.312,0.235,0.176,0.136,0.083,1,1,1,1,1,1,0
12045,Guerrero,Olinalá,0.197,0.165,0.142,0.119,0.107,0.066,0.025,1,1,1,1,1,1,1
12046,Guerrero,Ometepec,0.305,0.251,0.247,0.205,0.182,0.12,0.107,1,1,1,1,1,1,1
12047,Guerrero,Pedro Ascencio Alquisiras,0.189,0.101,0.086,0.038,0.04,0.015,0.023,0,0,0,0,0,0,0
12048,Guerrero,Petatlán,0.357,0.288,0.259,0.235,0.206,0.178,0.133,1,1,1,1,1,1,1
12049,Guerrero,Pilcaya,0.234,0.148,0.126,0.11,0.088,0.068,0.066,1,1,1,1,1,1,1
12050,Guerrero,Pungarabato,0.366,0.281,0.273,0.221,0.228,0.165,0.158,1,1,1,1,1,1,1
12051,Guerrero,Quechultenango,0.164,0.134,0.122,0.107,0.093,0.05,0.041,1,1,1,1,1,1,0
12052,Guerrero,San Luis Acatlán,0.221,0.168,0.149,0.107,0.1,0.052,0.038,1,1,1,1,1,1,1
12053,Guerrero,San Marcos,0.242,0.191,0.184,0.143,0.13,0.103,0.087,1,1,1,1,1,1,1
12054,Guerrero,San Miguel Totolapan,0.234,0.184,0.17,0.149,0.128,0.095,0.068,1,1,1,1,1,1,1
12055,Guerrero,Taxco de Alarcón,0.377,0.273,0.243,0.212,0.189,0.15,0.102,1,1,1,1,1,1,1
12056,Guerrero,Tecoanapa,0.276,0.26,0.245,0.205,0.184,0.15,0.066,1,1,1,1,1,1,1
12057,Guerrero,Técpan de Galeana,0.293,0.215,0.195,0.176,0.153,0.128,0.082,1,1,1,1,1,1,1
12058,Guerrero,Teloloapan,0.396,0.349,0.341,0.282,0.255,0.219,0.179,1,1,1,1,1,1,1
12059,Guerrero,Tepecoacuilco de Trujano,0.331,0.284,0.272,0.255,0.224,0.183,0.09,1,1,1,1,1,1,1
12060,Guerrero,Tetipac,0.191,0.095,0.094,0.082,0.067,0.023,0.033,1,0,0,0,0,0,0
12061,Guerrero,Tixtla de Guerrero,0.439,0.404,0.391,0.353,0.286,0.245,0.052,1,1,1,1,1,1,1
12062,Guerrero,Tlacoachistlahuaca,0.216,0.188,0.191,0.128,0.108,0.075,0.065,1,1,1,1,1,1,1
12063,Guerrero,Tlacoapa,0.228,0.211,0.194,0.153,0.14,0.085,0.07,1,1,1,1,1,0,0
12064,Guerrero,Tlalchapa,0.237,0.18,0.177,0.136,0.108,0.093,0.073,1,1,1,1,1,1,1
12065,Guerrero,Tlalixtaquilla de Maldonado,0.254,0.197,0.154,0.133,0.12,0.091,0.04,1,1,1,1,1,0,0
12066,Guerrero,Tlapa de Comonfort,0.298,0.25,0.236,0.186,0.149,0.104,0.062,1,1,1,1,1,1,1
12067,Guerrero,Tlapehuala,0.36,0.32,0.308,0.266,0.236,0.218,0.082,1,1,1,1,1,1,1
12068,Guerrero,La Unión de Isidoro Montes de Oca,0.418,0.315,0.368,0.263,0.256,0.173,0.161,1,1,1,1,1,1,1
12069,Guerrero,Xalpatláhuac,0.111,0.096,0.087,0.052,0.043,0.029,0.015,1,1,1,0,0,0,0
12070,Guerrero,Xochihuehuetlán,0.167,0.13,0.131,0.107,0.063,0.038,0.032,1,1,1,1,0,0,0
12071,Guerrero,Xochistlahuaca,0.198,0.161,0.155,0.089,0.084,0.051,0.05,1,1,1,1,1,1,0
12072,Guerrero,Zapotitlán Tablas,0.14,0.112,0.127,0.066,0.072,0.033,0.02,1,1,1,0,0,0,0
12073,Guerrero,Zirándaro,0.169,0.07,0.067,0.052,0.075,0.024,0.019,1,1,1,1,0,0,0
12074,Guerrero,Zitlala,0.138,0.114,0.11,0.1,0.067,0.048,0.037,1,1,1,1,1,1,1
12075,Guerrero,Eduardo Neri,0.364,0.297,0.284,0.238,0.203,0.141,0.081,1,1,1,1,1,1,1
12076,Guerrero,Acatepec,0.112,0.087,0.077,0.043,0.04,0.016,0.018,1,1,1,1,1,0,1
12077,Guerrero,Marquelia,0.33,0.27,0.244,0.203,0.183,0.115,0.122,1,1,1,1,1,1,1
12078,Guerrero,Cochoapa el Grande,0.094,0.065,0.084,0.037,0.042,0.015,0.055,0,0,0,0,0,0,0
12079,Guerrero,José Joaquín de Herrera,0.076,0.048,0.058,0.04,0.029,0.017,0.017,1,1,1,0,0,0,0
12080,Guerrero,Juchitán,0.203,0.165,0.155,0.134,0.112,0.087,0.043,1,1,1,1,1,1,0
12081,Guerrero,Iliatenco,0.21,0.178,0.176,0.113,0.105,0.048,0.034,1,1,1,1,1,0,0
12082,Guerrero,Las Vigas,0.366,0.32,0.308,0.274,0.191,0.142,0.113,1,1,1,1,1,1,1
12083,Guerrero,Ñuu Savi,0.109,0.103,0.096,0.042,0.039,0.017,0.052,0,0,0,0,0,0,0
12084,Guerrero,Santa Cruz del Rincón,0.223,0.186,0.194,0.145,0.146,0.061,0.041,1,1,1,1,1,0,0
12085,Guerrero,San Nicolás,0.133,0.09,0.079,0.083,0.044,0.033,0.018,1,1,1,1,0,0,0
13001,Hidalgo,Acatlán,0.236,0.143,0.092,0.098,0.074,0.07,0.066,1,1,1,1,1,1,1
13002,Hidalgo,Acaxochitlán,0.118,0.073,0.067,0.056,0.05,0.043,0.031,1,1,1,1,1,1,1
13003,Hidalgo,Actopan,0.4,0.306,0.282,0.255,0.23,0.208,0.153,1,1,1,1,1,1,1
13004,Hidalgo,Agua Blanca de Iturbide,0.273,0.117,0.124,0.097,0.083,0.06,0.044,1,1,1,1,1,0,0
13005,Hidalgo,Ajacuba,0.471,0.416,0.422,0.364,0.382,0.33,0.369,1,1,1,1,1,1,1
13006,Hidalgo,Alfajayucan,0.185,0.136,0.117,0.107,0.087,0.061,0.071,1,1,1,1,1,1,1
13007,Hidalgo,Almoloya,0.374,0.274,0.288,0.223,0.207,0.176,0.165,1,1,1,1,1,1,1
13008,Hidalgo,Apan,0.48,0.428,0.43,0.376,0.378,0.368,0.298,1,1,1,1,1,1,1
13009,Hidalgo,El Arenal,0.306,0.215,0.208,0.168,0.156,0.13,0.117,1,1,1,1,1,1,1
13010,Hidalgo,Atitalaquia,0.588,0.532,0.545,0.49,0.476,0.414,0.437,1,1,1,1,1,1,1
13011,Hidalgo,Atlapexco,0.308,0.233,0.249,0.205,0.188,0.149,0.101,1,1,1,1,1,1,1
13012,Hidalgo,Atotonilco el Grande,0.242,0.15,0.127,0.106,0.094,0.08,0.069,1,1,1,1,1,1,1
13013,Hidalgo,Atotonilco de Tula,0.688,0.638,0.68,0.578,0.593,0.57,0.521,1,1,1,1,1,1,1
13014,Hidalgo,Calnali,0.167,0.144,0.122,0.115,0.098,0.095,0.046,1,1,1,1,1,1,1
13015,Hidalgo,Cardonal,0.218,0.189,0.174,0.141,0.124,0.095,0.036,1,1,1,1,1,1,1
13016,Hidalgo,Cuautepec de Hinojosa,0.317,0.168,0.153,0.136,0.124,0.111,0.095,1,1,1,1,1,1,1
13017,Hidalgo,Chapantongo,0.25,0.183,0.164,0.135,0.114,0.094,0.108,1,1,1,1,1,1,1
13018,Hidalgo,Chapulhuacán,0.169,0.102,0.088,0.073,0.063,0.05,0.024,1,1,1,1,1,0,0
13019,Hidalgo,Chilcuautla,0.201,0.152,0.131,0.109,0.102,0.089,0.073,1,1,1,1,1,1,1
13020,Hidalgo,Eloxochitlán,0.267,0.088,0.06,0.06,0.039,0.037,0.032,1,0,0,0,0,0,0
13021,Hidalgo,Emiliano Zapata,0.582,0.489,0.553,0.444,0.469,0.428,0.366,1,1,1,1,1,1,1
13022,Hidalgo,Epazoyucan,0.486,0.392,0.358,0.314,0.313,0.28,0.219,1,1,1,1,1,1,1
13023,Hidalgo,Francisco I. Madero,0.383,0.336,0.327,0.298,0.269,0.243,0.135,1,1,1,1,1,1,1
13024,Hidalgo,Huasca de Ocampo,0.224,0.128,0.094,0.092,0.066,0.056,0.043,1,1,1,1,1,1,1
13025,Hidalgo,Huautla,0.312,0.269,0.235,0.221,0.191,0.172,0.054,1,1,1,1,1,1,1
13026,Hidalgo,Huazalingo,0.176,0.107,0.098,0.081,0.078,0.056,0.031,1,1,1,1,1,1,0
13027,Hidalgo,Huehuetla,0.192,0.16,0.147,0.081,0.082,0.084,0.037,1,1,1,0,0,1,0
13028,Hidalgo,Huejutla de Reyes,0.363,0.283,0.269,0.233,0.209,0.195,0.098,1,1,1,1,1,1,1
13029,Hidalgo,Huichapan,0.459,0.412,0.397,0.35,0.339,0.324,0.306,1,1,1,1,1,1,1
13030,Hidalgo,Ixmiquilpan,0.279,0.225,0.203,0.182,0.163,0.144,0.098,1,1,1,1,1,1,1
13031,Hidalgo,Jacala de Ledezma,0.326,0.229,0.204,0.18,0.146,0.127,0.046,1,1,1,1,1,1,0
13032,Hidalgo,Jaltocán,0.272,0.189,0.178,0.166,0.117,0.121,0.068,1,1,1,1,1,1,1
13033,Hidalgo,Juárez Hidalgo,0.281,0.139,0.107,0.119,0.088,0.066,0.025,1,0,0,0,0,0,0
13034,Hidalgo,Lolotla,0.222,0.164,0.143,0.122,0.108,0.096,0.074,1,1,1,0,0,0,0
13035,Hidalgo,Metepec,0.255,0.151,0.132,0.119,0.104,0.093,0.084,1,1,1,1,1,1,1
13036,Hidalgo,San Agustín Metzquititlán,0.264,0.157,0.127,0.11,0.096,0.072,0.07,1,1,1,1,1,1,1
13037,Hidalgo,Metztitlán,0.174,0.118,0.102,0.092,0.072,0.064,0.055,1,1,1,1,1,1,1
13038,Hidalgo,Mineral del Chico,0.343,0.225,0.189,0.191,0.13,0.127,0.103,1,1,1,1,0,1,1
13039,Hidalgo,Mineral del Monte,0.482,0.398,0.38,0.355,0.338,0.322,0.276,1,1,1,1,1,1,1
13040,Hidalgo,La Misión,0.163,0.127,0.083,0.099,0.063,0.061,0.035,1,0,0,0,0,0,0
13041,Hidalgo,Mixquiahuala de Juárez,0.324,0.266,0.243,0.218,0.185,0.152,0.139,1,1,1,1,1,1,1
13042,Hidalgo,Molango de Escamilla,0.34,0.259,0.272,0.214,0.199,0.165,0.076,1,1,1,1,1,1,1
13043,Hidalgo,Nicolás Flores,0.164,0.098,0.076,0.069,0.058,0.046,0.027,1,0,0,0,0,0,0
13044,Hidalgo,Nopala de Villagrán,0.338,0.27,0.23,0.214,0.185,0.163,0.179,1,1,1,1,1,1,1
13045,Hidalgo,Omitlán de Juárez,0.322,0.224,0.21,0.199,0.176,0.168,0.127,1,1,1,1,1,1,1
13046,Hidalgo,San Felipe Orizatlán,0.204,0.155,0.131,0.13,0.111,0.098,0.063,1,1,1,1,1,1,1
13047,Hidalgo,Pacula,0.23,0.137,0.083,0.099,0.092,0.052,0.027,1,0,0,1,0,0,0
13048,Hidalgo,Pachuca de Soto,0.679,0.62,0.574,0.534,0.508,0.505,0.344,1,1,1,1,1,1,1
13049,Hidalgo,Pisaflores,0.126,0.066,0.062,0.048,0.047,0.028,0.016,1,1,0,0,0,0,0
13050,Hidalgo,Progreso de Obregón,0.424,0.337,0.309,0.292,0.267,0.24,0.189,1,1,1,1,1,1,1
13051,Hidalgo,Mineral de la Reforma,0.692,0.649,0.631,0.582,0.584,0.581,0.409,1,1,1,1,1,1,1
13052,Hidalgo,San Agustín Tlaxiaca,0.384,0.301,0.297,0.25,0.232,0.205,0.206,1,1,1,1,1,1,1
13053,Hidalgo,San Bartolo Tutotepec,0.255,0.228,0.169,0.174,0.127,0.127,0.047,1,1,1,1,1,1,1
13054,Hidalgo,San Salvador,0.294,0.238,0.223,0.201,0.175,0.146,0.112,1,1,1,1,1,1,1
13055,Hidalgo,Santiago de Anaya,0.307,0.244,0.218,0.194,0.158,0.136,0.112,1,1,1,1,1,1,1
13056,Hidalgo,Santiago Tulantepec de Lugo Guerrero,0.497,0.404,0.383,0.351,0.342,0.326,0.234,1,1,1,1,1,1,1
13057,Hidalgo,Singuilucan,0.36,0.204,0.202,0.159,0.145,0.12,0.141,1,1,1,1,1,1,1
13058,Hidalgo,Tasquillo,0.228,0.187,0.154,0.157,0.122,0.115,0.061,1,1,1,1,1,1,1
13059,Hidalgo,Tecozautla,0.203,0.154,0.134,0.114,0.092,0.074,0.084,1,1,1,1,1,1,1
13060,Hidalgo,Tenango de Doria,0.212,0.162,0.14,0.134,0.111,0.101,0.083,1,1,1,0,0,0,0
13061,Hidalgo,Tepeapulco,0.592,0.54,0.581,0.507,0.507,0.476,0.401,1,1,1,1,1,1,1
13062,Hidalgo,Tepehuacán de Guerrero,0.137,0.096,0.097,0.073,0.069,0.055,0.032,1,0,0,0,0,0,0
13063,Hidalgo,Tepeji del Río de Ocampo,0.647,0.617,0.618,0.582,0.558,0.54,0.505,1,1,1,1,1,1,1
13064,Hidalgo,Tepetitlán,0.32,0.27,0.274,0.21,0.202,0.166,0.18,1,1,1,1,1,1,1
13065,Hidalgo,Tetepango,0.415,0.343,0.362,0.28,0.315,0.228,0.256,1,1,1,1,1,1,1
13066,Hidalgo,Villa de Tezontepec,0.378,0.299,0.279,0.273,0.256,0.246,0.206,1,1,1,1,1,1,1
13067,Hidalgo,Tezontepec de Aldama,0.311,0.259,0.256,0.22,0.207,0.159,0.18,1,1,1,1,1,1,1
13069,Hidalgo,Tizayuca,0.689,0.639,0.636,0.583,0.584,0.581,0.476,1,1,1,1,1,1,1
13070,Hidalgo,Tlahuelilpan,0.404,0.308,0.286,0.25,0.255,0.216,0.198,1,1,1,1,1,1,1
13071,Hidalgo,Tlahuiltepa,0.184,0.144,0.122,0.096,0.084,0.092,0.047,0,0,0,0,0,0,0
13072,Hidalgo,Tlanalapa,0.567,0.513,0.557,0.485,0.496,0.471,0.423,1,1,1,1,1,1,1
13073,Hidalgo,Tlanchinol,0.178,0.118,0.121,0.092,0.085,0.059,0.03,1,1,1,1,1,1,1
13074,Hidalgo,Tlaxcoapan,0.416,0.347,0.362,0.312,0.315,0.259,0.264,1,1,1,1,1,1,1
13075,Hidalgo,Tolcayuca,0.678,0.625,0.614,0.557,0.558,0.559,0.456,1,1,1,1,1,1,1
13076,Hidalgo,Tula de Allende,0.615,0.561,0.574,0.505,0.502,0.465,0.444,1,1,1,1,1,1,1
13077,Hidalgo,Tulancingo de Bravo,0.436,0.335,0.309,0.283,0.261,0.251,0.194,1,1,1,1,1,1,1
13078,Hidalgo,Xochiatipan,0.097,0.053,0.054,0.039,0.038,0.035,0.022,0,0,0,0,0,0,0
13079,Hidalgo,Xochicoatlán,0.356,0.224,0.207,0.155,0.159,0.14,0.058,1,1,1,0,0,0,0
13080,Hidalgo,Yahualica,0.084,0.071,0.073,0.052,0.072,0.041,0.014,1,1,1,1,1,0,0
13081,Hidalgo,Zacualtipán de Ángeles,0.492,0.192,0.204,0.156,0.159,0.123,0.094,1,1,1,1,1,1,1
13082,Hidalgo,Zapotlán de Juárez,0.459,0.389,0.357,0.34,0.306,0.296,0.268,1,1,1,1,1,1,1
13083,Hidalgo,Zempoala,0.645,0.593,0.577,0.532,0.515,0.508,0.34,1,1,1,1,1,1,1
13084,Hidalgo,Zimapán,0.388,0.311,0.305,0.258,0.25,0.211,0.175,1,1,1,1,1,1,1
14001,Jalisco,Acatic,0.624,0.572,0.527,0.48,0.446,0.422,0.424,1,1,1,1,1,1,1
14002,Jalisco,Acatlán de Juárez,0.766,0.72,0.713,0.679,0.675,0.663,0.631,1,1,1,1,1,1,1
14003,Jalisco,Ahualulco de Mercado,0.569,0.449,0.414,0.381,0.323,0.288,0.236,1,1,1,1,1,1,1
14004,Jalisco,Amacueca,0.508,0.353,0.3,0.278,0.22,0.183,0.184,1,1,1,1,1,1,1
14005,Jalisco,Amatitán,0.506,0.47,0.466,0.403,0.38,0.332,0.386,1,1,1,1,1,1,1
14006,Jalisco,Ameca,0.557,0.462,0.425,0.384,0.33,0.297,0.229,1,1,1,1,1,1,1
14007,Jalisco,San Juanito de Escobedo,0.421,0.349,0.318,0.31,0.234,0.197,0.201,1,1,1,1,1,1,1
14008,Jalisco,Arandas,0.617,0.503,0.426,0.362,0.334,0.305,0.342,1,1,1,1,1,1,1
14009,Jalisco,El Arenal,0.605,0.533,0.518,0.456,0.436,0.396,0.397,1,1,1,1,1,1,1
14010,Jalisco,Atemajac de Brizuela,0.319,0.196,0.152,0.126,0.09,0.082,0.078,1,1,1,1,0,1,1
14011,Jalisco,Atengo,0.324,0.268,0.197,0.151,0.113,0.069,0.087,1,1,1,1,1,0,0
14012,Jalisco,Atenguillo,0.368,0.205,0.148,0.129,0.087,0.079,0.056,1,1,1,1,0,0,0
14013,Jalisco,Atotonilco el Alto,0.548,0.416,0.373,0.339,0.304,0.28,0.295,1,1,1,1,1,1,1
14014,Jalisco,Atoyac,0.52,0.259,0.189,0.15,0.096,0.076,0.069,1,1,1,1,1,1,1
14015,Jalisco,Autlán de Navarro,0.545,0.488,0.466,0.427,0.396,0.378,0.314,1,1,1,1,1,1,1
14016,Jalisco,Ayotlán,0.398,0.258,0.204,0.175,0.134,0.106,0.15,1,1,1,1,1,1,1
14017,Jalisco,Ayutla,0.304,0.156,0.128,0.116,0.072,0.054,0.068,1,1,1,1,1,0,1
14018,Jalisco,La Barca,0.548,0.452,0.412,0.387,0.357,0.331,0.319,1,1,1,1,1,1,1
14019,Jalisco,Bolaños,0.579,0.486,0.474,0.437,0.398,0.175,0.404,1,1,1,1,1,1,1
14020,Jalisco,Cabo Corrientes,0.468,0.4,0.36,0.334,0.288,0.272,0.299,1,1,1,1,1,1,1
14021,Jalisco,Casimiro Castillo,0.459,0.378,0.344,0.331,0.254,0.217,0.21,1,1,1,1,1,1,1
14022,Jalisco,Cihuatlán,0.483,0.336,0.284,0.252,0.218,0.184,0.21,1,1,1,1,1,1,1
14023,Jalisco,Zapotlán el Grande,0.688,0.629,0.626,0.579,0.556,0.53,0.447,1,1,1,1,1,1,1
14024,Jalisco,Cocula,0.557,0.445,0.38,0.348,0.309,0.26,0.262,1,1,1,1,1,1,1
14025,Jalisco,Colotlán,0.529,0.405,0.335,0.346,0.264,0.232,0.099,1,1,1,1,1,1,1
14026,Jalisco,Concepción de Buenos Aires,0.438,0.253,0.147,0.186,0.079,0.072,0.083,1,1,1,1,1,0,1
14027,Jalisco,Cuautitlán de García Barragán,0.344,0.263,0.262,0.196,0.168,0.144,0.149,1,1,1,1,1,1,1
14028,Jalisco,Cuautla,0.321,0.264,0.146,0.188,0.063,0.04,0.049,1,1,1,1,0,0,0
14029,Jalisco,Cuquío,0.344,0.252,0.145,0.124,0.092,0.062,0.09,1,1,1,1,1,0,1
14030,Jalisco,Chapala,0.607,0.486,0.388,0.389,0.309,0.277,0.253,1,1,1,1,1,1,1
14031,Jalisco,Chimaltitán,0.329,0.236,0.167,0.173,0.091,0.065,0.068,1,1,1,1,0,0,0
14032,Jalisco,Chiquilistlán,0.311,0.225,0.189,0.125,0.078,0.058,0.072,1,1,1,1,0,0,0
14033,Jalisco,Degollado,0.413,0.256,0.169,0.166,0.105,0.095,0.085,1,1,1,1,1,1,1
14034,Jalisco,Ejutla,0.261,0.209,0.091,0.131,0.063,0.05,0.05,1,1,0,1,0,0,0
14035,Jalisco,Encarnación de Díaz,0.656,0.497,0.412,0.386,0.344,0.322,0.321,1,1,1,1,1,1,1
14036,Jalisco,Etzatlán,0.591,0.43,0.368,0.348,0.295,0.276,0.284,1,1,1,1,1,1,1
14037,Jalisco,El Grullo,0.485,0.407,0.343,0.314,0.255,0.214,0.195,1,1,1,1,1,1,1
14038,Jalisco,Guachinango,0.41,0.348,0.278,0.288,0.239,0.158,0.143,1,1,1,1,1,1,1
14039,Jalisco,Guadalajara,0.768,0.734,0.714,0.685,0.662,0.66,0.562,1,1,1,1,1,1,1
14040,Jalisco,Hostotipaquillo,0.508,0.382,0.361,0.309,0.24,0.21,0.266,1,1,1,1,1,1,1
14041,Jalisco,Huejúcar,0.35,0.265,0.178,0.185,0.104,0.075,0.108,1,1,1,1,1,0,1
14042,Jalisco,Huejuquilla el Alto,0.285,0.227,0.166,0.148,0.08,0.066,0.084,1,1,1,1,1,1,1
14043,Jalisco,La Huerta,0.388,0.305,0.265,0.253,0.179,0.148,0.126,1,1,1,1,1,1,1
14044,Jalisco,Ixtlahuacán de los Membrillos,0.775,0.734,0.714,0.671,0.659,0.65,0.585,1,1,1,1,1,1,1
14045,Jalisco,Ixtlahuacán del Río,0.411,0.25,0.184,0.143,0.096,0.072,0.071,1,1,1,1,1,1,1
14046,Jalisco,Jalostotitlán,0.591,0.46,0.364,0.347,0.289,0.264,0.256,1,1,1,1,1,1,1
14047,Jalisco,Jamay,0.527,0.464,0.394,0.383,0.358,0.336,0.342,1,1,1,1,1,1,1
14048,Jalisco,Jesús María,0.45,0.357,0.31,0.274,0.236,0.156,0.223,1,1,1,1,1,1,1
14049,Jalisco,Jilotlán de los Dolores,0.241,0.129,0.058,0.082,0.031,0.028,0.039,1,1,0,0,0,0,0
14050,Jalisco,Jocotepec,0.544,0.385,0.323,0.309,0.259,0.202,0.225,1,1,1,1,1,1,1
14051,Jalisco,Juanacatlán,0.736,0.694,0.678,0.655,0.626,0.62,0.606,1,1,1,1,1,1,1
14052,Jalisco,Juchitlán,0.434,0.32,0.246,0.236,0.187,0.125,0.14,1,1,1,1,1,1,1
14053,Jalisco,Lagos de Moreno,0.769,0.686,0.685,0.645,0.628,0.613,0.539,1,1,1,1,1,1,1
14054,Jalisco,El Limón,0.363,0.318,0.292,0.286,0.245,0.202,0.183,1,1,1,1,1,1,1
14055,Jalisco,Magdalena,0.511,0.43,0.39,0.367,0.291,0.25,0.268,1,1,1,1,1,1,1
14056,Jalisco,Santa María del Oro,0.37,0.206,0.114,0.187,0.091,0.073,0.036,1,0,0,0,0,0,0
14057,Jalisco,La Manzanilla de la Paz,0.482,0.298,0.195,0.185,0.112,0.091,0.091,1,1,1,1,1,1,1
14058,Jalisco,Mascota,0.449,0.344,0.278,0.243,0.184,0.149,0.108,1,1,1,1,1,1,1
14059,Jalisco,Mazamitla,0.454,0.275,0.207,0.196,0.14,0.117,0.131,1,1,1,1,1,1,1
14060,Jalisco,Mexticacán,0.363,0.296,0.207,0.236,0.173,0.107,0.172,1,1,1,1,1,1,1
14061,Jalisco,Mezquitic,0.313,0.28,0.197,0.182,0.117,0.095,0.073,1,1,1,1,1,1,1
14062,Jalisco,Mixtlán,0.326,0.243,0.174,0.194,0.134,0.099,0.077,1,1,1,1,1,1,1
14063,Jalisco,Ocotlán,0.725,0.665,0.607,0.548,0.542,0.52,0.467,1,1,1,1,1,1,1
14064,Jalisco,Ojuelos de Jalisco,0.506,0.391,0.373,0.3,0.278,0.21,0.238,1,1,1,1,1,1,1
14065,Jalisco,Pihuamo,0.43,0.339,0.358,0.292,0.274,0.218,0.263,1,1,1,1,1,1,1
14066,Jalisco,Poncitlán,0.645,0.584,0.547,0.451,0.454,0.398,0.418,1,1,1,1,1,1,1
14067,Jalisco,Puerto Vallarta,0.739,0.687,0.69,0.629,0.604,0.582,0.528,1,1,1,1,1,1,1
14068,Jalisco,Villa Purificación,0.218,0.182,0.145,0.135,0.082,0.061,0.049,1,1,1,1,1,1,1
14069,Jalisco,Quitupan,0.193,0.1,0.067,0.08,0.035,0.028,0.033,1,0,0,0,0,0,0
14070,Jalisco,El Salto,0.771,0.734,0.725,0.694,0.683,0.682,0.626,1,1,1,1,1,1,1
14071,Jalisco,San Cristóbal de la Barranca,0.338,0.24,0.137,0.183,0.071,0.06,0.058,1,1,1,1,0,0,0
14072,Jalisco,San Diego de Alejandría,0.439,0.328,0.279,0.267,0.216,0.181,0.236,1,1,1,1,1,1,1
14073,Jalisco,San Juan de los Lagos,0.687,0.607,0.495,0.469,0.434,0.438,0.409,1,1,1,1,1,1,1
14074,Jalisco,San Julián,0.522,0.341,0.211,0.219,0.141,0.102,0.105,1,1,1,1,1,1,1
14075,Jalisco,San Marcos,0.532,0.423,0.334,0.35,0.27,0.223,0.187,1,1,1,1,1,1,1
14076,Jalisco,San Martín de Bolaños,0.375,0.332,0.195,0.256,0.119,0.127,0.078,1,1,0,1,0,0,0
14077,Jalisco,San Martín Hidalgo,0.437,0.286,0.262,0.232,0.192,0.162,0.107,1,1,1,1,1,1,1
14078,Jalisco,San Miguel el Alto,0.545,0.458,0.37,0.362,0.321,0.253,0.288,1,1,1,1,1,1,1
14079,Jalisco,Gómez Farías,0.623,0.521,0.502,0.442,0.441,0.372,0.366,1,1,1,1,1,1,1
14080,Jalisco,San Sebastián del Oeste,0.361,0.255,0.189,0.213,0.145,0.13,0.08,1,1,1,1,1,1,0
14081,Jalisco,Santa María de los Ángeles,0.349,0.234,0.145,0.141,0.082,0.062,0.057,1,1,1,1,1,0,0
14082,Jalisco,Sayula,0.703,0.587,0.516,0.482,0.437,0.413,0.355,1,1,1,1,1,1,1
14083,Jalisco,Tala,0.686,0.634,0.638,0.593,0.593,0.576,0.558,1,1,1,1,1,1,1
14084,Jalisco,Talpa de Allende,0.366,0.296,0.206,0.214,0.119,0.077,0.062,1,1,1,1,1,1,1
14085,Jalisco,Tamazula de Gordiano,0.47,0.396,0.408,0.346,0.317,0.281,0.259,1,1,1,1,1,1,1
14086,Jalisco,Tapalpa,0.526,0.313,0.251,0.173,0.16,0.122,0.14,1,1,1,1,1,1,1
14087,Jalisco,Tecalitlán,0.442,0.347,0.319,0.289,0.223,0.189,0.174,1,1,1,1,1,1,1
14088,Jalisco,Tecolotlán,0.441,0.365,0.337,0.279,0.257,0.21,0.23,1,1,1,1,1,1,1
14089,Jalisco,Techaluta de Montenegro,0.525,0.45,0.381,0.332,0.256,0.216,0.262,1,1,1,1,1,1,1
14090,Jalisco,Tenamaxtlán,0.292,0.232,0.157,0.157,0.123,0.102,0.112,1,1,1,1,1,1,1
14091,Jalisco,Teocaltiche,0.521,0.376,0.256,0.222,0.164,0.123,0.146,1,1,1,1,1,1,1
14092,Jalisco,Teocuitatlán de Corona,0.42,0.334,0.302,0.274,0.205,0.17,0.162,1,1,1,1,1,1,1
14093,Jalisco,Tepatitlán de Morelos,0.724,0.686,0.587,0.558,0.51,0.474,0.432,1,1,1,1,1,1,1
14094,Jalisco,Tequila,0.552,0.481,0.463,0.417,0.381,0.349,0.346,1,1,1,1,1,1,1
14095,Jalisco,Teuchitlán,0.492,0.444,0.428,0.382,0.347,0.33,0.339,1,1,1,1,1,1,1
14096,Jalisco,Tizapán el Alto,0.258,0.184,0.149,0.13,0.117,0.096,0.085,1,1,1,1,1,1,1
14097,Jalisco,Tlajomulco de Zúñiga,0.786,0.759,0.743,0.712,0.719,0.716,0.644,1,1,1,1,1,1,1
14098,Jalisco,San Pedro Tlaquepaque,0.778,0.749,0.733,0.718,0.701,0.698,0.632,1,1,1,1,1,1,1
14099,Jalisco,Tolimán,0.539,0.497,0.469,0.444,0.368,0.314,0.388,1,1,1,1,1,1,1
14100,Jalisco,Tomatlán,0.313,0.257,0.218,0.197,0.16,0.147,0.127,1,1,1,1,1,1,1
14101,Jalisco,Tonalá,0.706,0.667,0.628,0.592,0.582,0.575,0.501,1,1,1,1,1,1,1
14102,Jalisco,Tonaya,0.54,0.449,0.412,0.372,0.294,0.21,0.306,1,1,1,1,1,1,1
14103,Jalisco,Tonila,0.603,0.491,0.516,0.44,0.372,0.346,0.324,1,1,1,1,1,1,1
14104,Jalisco,Totatiche,0.348,0.293,0.173,0.173,0.109,0.08,0.057,1,1,1,1,1,0,0
14105,Jalisco,Tototlán,0.566,0.426,0.325,0.292,0.236,0.198,0.213,1,1,1,1,1,1,1
14106,Jalisco,Tuxcacuesco,0.579,0.511,0.442,0.432,0.362,0.298,0.345,1,1,1,1,1,1,1
14107,Jalisco,Tuxcueca,0.47,0.331,0.241,0.234,0.189,0.149,0.177,1,1,1,1,1,1,1
14108,Jalisco,Tuxpan,0.546,0.48,0.488,0.422,0.395,0.363,0.373,1,1,1,1,1,1,1
14109,Jalisco,Unión de San Antonio,0.61,0.437,0.398,0.343,0.296,0.24,0.282,1,1,1,1,1,1,1
14110,Jalisco,Unión de Tula,0.42,0.322,0.261,0.262,0.18,0.157,0.123,1,1,1,1,1,1,1
14111,Jalisco,Valle de Guadalupe,0.654,0.613,0.525,0.512,0.407,0.354,0.41,1,1,1,1,1,1,1
14112,Jalisco,Valle de Juárez,0.365,0.202,0.122,0.131,0.064,0.052,0.062,1,1,1,1,0,0,0
14113,Jalisco,San Gabriel,0.576,0.492,0.478,0.397,0.373,0.329,0.362,1,1,1,1,1,1,1
14114,Jalisco,Villa Corona,0.524,0.45,0.408,0.35,0.336,0.293,0.296,1,1,1,1,1,1,1
14115,Jalisco,Villa Guerrero,0.265,0.204,0.124,0.167,0.076,0.066,0.046,1,1,1,1,1,1,0
14116,Jalisco,Villa Hidalgo,0.541,0.282,0.096,0.09,0.054,0.046,0.057,1,1,1,1,1,1,1
14117,Jalisco,Cañadas de Obregón,0.564,0.534,0.45,0.449,0.369,0.261,0.363,1,1,1,1,1,1,1
14118,Jalisco,Yahualica de González Gallo,0.412,0.348,0.24,0.244,0.177,0.133,0.149,1,1,1,1,1,1,1
14119,Jalisco,Zacoalco de Torres,0.568,0.459,0.419,0.372,0.32,0.28,0.312,1,1,1,1,1,1,1
14120,Jalisco,Zapopan,0.78,0.745,0.716,0.673,0.663,0.643,0.564,1,1,1,1,1,1,1
14121,Jalisco,Zapotiltic,0.615,0.534,0.518,0.467,0.46,0.43,0.41,1,1,1,1,1,1,1
14122,Jalisco,Zapotitlán de Vadillo,0.504,0.424,0.395,0.345,0.308,0.289,0.309,1,1,1,1,1,1,1
14123,Jalisco,Zapotlán del Rey,0.568,0.482,0.449,0.414,0.38,0.343,0.36,1,1,1,1,1,1,1
14124,Jalisco,Zapotlanejo,0.486,0.394,0.278,0.281,0.232,0.205,0.198,1,1,1,1,1,1,1
14125,Jalisco,San Ignacio Cerro Gordo,0.461,0.336,0.256,0.227,0.165,0.097,0.182,1,1,1,1,1,1,1
15001,México,Acambay de Ruíz Castañeda,0.348,0.284,0.253,0.233,0.2,0.127,0.173,1,1,1,1,1,1,1
15002,México,Acolman,0.567,0.487,0.482,0.434,0.428,0.403,0.314,1,1,1,1,1,1,1
15003,México,Aculco,0.462,0.373,0.376,0.304,0.257,0.172,0.25,1,1,1,1,1,1,1
15004,México,Almoloya de Alquisiras,0.276,0.218,0.204,0.187,0.112,0.101,0.085,1,1,1,1,1,1,1
15005,México,Almoloya de Juárez,0.405,0.359,0.375,0.31,0.298,0.274,0.254,1,1,1,1,1,1,1
15006,México,Almoloya del Río,0.392,0.341,0.341,0.315,0.265,0.241,0.213,1,1,1,1,1,1,1
15007,México,Amanalco,0.217,0.154,0.149,0.109,0.092,0.07,0.069,1,1,1,0,0,0,0
15008,México,Amatepec,0.256,0.223,0.212,0.172,0.114,0.079,0.046,1,1,1,1,1,0,0
15009,México,Amecameca,0.406,0.352,0.338,0.28,0.264,0.212,0.21,1,1,1,1,1,1,1
15010,México,Apaxco,0.552,0.447,0.453,0.377,0.381,0.34,0.353,1,1,1,1,1,1,1
15011,México,Atenco,0.422,0.346,0.331,0.294,0.282,0.258,0.218,1,1,1,1,1,1,1
15012,México,Atizapán,0.439,0.368,0.358,0.316,0.29,0.252,0.273,1,1,1,1,1,1,1
15013,México,Atizapán de Zaragoza,0.751,0.7,0.686,0.647,0.648,0.611,0.549,1,1,1,1,1,1,1
15014,México,Atlacomulco,0.452,0.372,0.371,0.314,0.279,0.235,0.2,1,1,1,1,1,1,1
15015,México,Atlautla,0.326,0.262,0.246,0.213,0.191,0.145,0.15,1,1,1,1,1,1,1
15016,México,Axapusco,0.393,0.324,0.328,0.281,0.263,0.212,0.215,1,1,1,1,1,1,1
15017,México,Ayapango,0.414,0.35,0.323,0.311,0.236,0.198,0.197,1,1,1,1,1,1,1
15018,México,Calimaya,0.653,0.617,0.613,0.583,0.549,0.514,0.462,1,1,1,1,1,1,1
15019,México,Capulhuac,0.412,0.38,0.381,0.336,0.309,0.275,0.273,1,1,1,1,1,1,1
15020,México,Coacalco de Berriozábal,0.783,0.765,0.758,0.712,0.727,0.709,0.622,1,1,1,1,1,1,1
15021,México,Coatepec Harinas,0.193,0.122,0.101,0.094,0.066,0.051,0.061,1,1,1,1,1,1,1
15022,México,Cocotitlán,0.581,0.532,0.522,0.46,0.435,0.415,0.347,1,1,1,1,1,1,1
15023,México,Coyotepec,0.627,0.599,0.601,0.562,0.553,0.533,0.504,1,1,1,1,1,1,1
15024,México,Cuautitlán,0.792,0.779,0.763,0.736,0.721,0.717,0.618,1,1,1,1,1,1,1
15025,México,Chalco,0.558,0.519,0.514,0.477,0.46,0.424,0.355,1,1,1,1,1,1,1
15026,México,Chapa de Mota,0.426,0.355,0.355,0.314,0.278,0.2,0.306,1,1,1,1,1,1,1
15027,México,Chapultepec,0.666,0.643,0.633,0.596,0.58,0.538,0.431,1,1,1,1,1,1,1
15028,México,Chiautla,0.483,0.351,0.33,0.265,0.229,0.193,0.192,1,1,1,1,1,1,1
15029,México,Chicoloapan,0.557,0.509,0.509,0.456,0.452,0.431,0.342,1,1,1,1,1,1,1
15030,México,Chiconcuac,0.351,0.223,0.207,0.185,0.166,0.149,0.127,1,1,1,1,1,1,1
15031,México,Chimalhuacán,0.494,0.421,0.414,0.357,0.351,0.31,0.286,1,1,1,1,1,1,1
15032,México,Donato Guerra,0.159,0.113,0.105,0.077,0.059,0.036,0.043,1,1,1,1,1,1,1
15033,México,Ecatepec de Morelos,0.64,0.575,0.562,0.489,0.51,0.471,0.41,1,1,1,1,1,1,1
15034,México,Ecatzingo,0.38,0.354,0.331,0.291,0.254,0.157,0.218,1,1,1,1,1,1,1
15035,México,Huehuetoca,0.768,0.749,0.757,0.724,0.733,0.719,0.674,1,1,1,1,1,1,1
15036,México,Hueypoxtla,0.355,0.271,0.284,0.238,0.221,0.196,0.196,1,1,1,1,1,1,1
15037,México,Huixquilucan,0.663,0.569,0.543,0.479,0.457,0.387,0.4,1,1,1,1,1,1,1
15038,México,Isidro Fabela,0.449,0.377,0.38,0.322,0.297,0.254,0.242,1,1,1,1,1,1,1
15039,México,Ixtapaluca,0.572,0.506,0.512,0.457,0.454,0.425,0.321,1,1,1,1,1,1,1
15040,México,Ixtapan de la Sal,0.395,0.337,0.316,0.296,0.233,0.177,0.172,1,1,1,1,1,1,1
15041,México,Ixtapan del Oro,0.194,0.154,0.166,0.103,0.068,0.042,0.07,0,0,0,0,1,0,0
15042,México,Ixtlahuaca,0.469,0.417,0.413,0.37,0.363,0.314,0.319,1,1,1,1,1,1,1
15043,México,Xalatlaco,0.341,0.308,0.316,0.275,0.268,0.236,0.248,1,1,1,1,1,1,1
15044,México,Jaltenco,0.547,0.5,0.496,0.458,0.445,0.428,0.402,1,1,1,1,1,1,1
15045,México,Jilotepec,0.6,0.546,0.544,0.471,0.399,0.348,0.407,1,1,1,1,1,1,1
15046,México,Jilotzingo,0.553,0.457,0.441,0.397,0.373,0.335,0.274,1,1,1,1,1,1,1
15047,México,Jiquipilco,0.305,0.199,0.188,0.144,0.128,0.074,0.099,1,1,1,1,1,0,1
15048,México,Jocotitlán,0.56,0.52,0.52,0.477,0.427,0.359,0.392,1,1,1,1,1,1,1
15049,México,Joquicingo,0.345,0.313,0.315,0.28,0.255,0.186,0.21,1,1,1,1,1,1,1
15050,México,Juchitepec,0.28,0.209,0.206,0.176,0.164,0.098,0.109,1,1,1,1,1,1,1
15051,México,Lerma,0.606,0.565,0.573,0.502,0.502,0.45,0.442,1,1,1,1,1,1,1
15052,México,Malinalco,0.239,0.168,0.138,0.112,0.092,0.064,0.046,1,1,1,1,1,1,1
15053,México,Melchor Ocampo,0.642,0.588,0.586,0.548,0.541,0.527,0.469,1,1,1,1,1,1,1
15054,México,Metepec,0.767,0.735,0.721,0.685,0.647,0.613,0.496,1,1,1,1,1,1,1
15055,México,Mexicaltzingo,0.47,0.364,0.369,0.326,0.291,0.255,0.258,1,1,1,1,1,1,1
15056,México,Morelos,0.31,0.243,0.265,0.207,0.206,0.145,0.183,1,1,1,1,1,1,1
15057,México,Naucalpan de Juárez,0.724,0.685,0.668,0.608,0.617,0.58,0.533,1,1,1,1,1,1,1
15058,México,Nezahualcóyotl,0.634,0.56,0.562,0.504,0.503,0.458,0.387,1,1,1,1,1,1,1
15059,México,Nextlalpan,0.552,0.509,0.508,0.46,0.457,0.441,0.391,1,1,1,1,1,1,1
15060,México,Nicolás Romero,0.603,0.562,0.554,0.517,0.49,0.47,0.463,1,1,1,1,1,1,1
15061,México,Nopaltepec,0.391,0.299,0.28,0.277,0.223,0.174,0.197,1,1,1,1,1,1,1
15062,México,Ocoyoacac,0.642,0.599,0.6,0.537,0.532,0.476,0.484,1,1,1,1,1,1,1
15063,México,Ocuilan,0.206,0.157,0.157,0.133,0.112,0.087,0.085,1,1,1,1,1,1,1
15064,México,El Oro,0.359,0.284,0.267,0.202,0.196,0.131,0.162,1,1,1,1,1,1,1
15065,México,Otumba,0.342,0.242,0.225,0.189,0.174,0.155,0.152,1,1,1,1,1,1,1
15066,México,Otzoloapan,0.482,0.361,0.337,0.278,0.117,0.042,0.108,1,1,1,1,0,0,0
15067,México,Otzolotepec,0.529,0.483,0.496,0.423,0.413,0.357,0.348,1,1,1,1,1,1,1
15068,México,Ozumba,0.319,0.275,0.251,0.23,0.198,0.163,0.164,1,1,1,1,1,1,1
15069,México,Papalotla,0.52,0.401,0.36,0.333,0.27,0.21,0.206,1,1,1,1,1,1,1
15070,México,La Paz,0.539,0.453,0.454,0.392,0.373,0.34,0.291,1,1,1,1,1,1,1
15071,México,Polotitlán,0.511,0.41,0.376,0.322,0.282,0.227,0.263,1,1,1,1,1,1,1
15072,México,Rayón,0.709,0.677,0.679,0.644,0.592,0.536,0.53,1,1,1,1,1,1,1
15073,México,San Antonio la Isla,0.733,0.713,0.712,0.671,0.655,0.613,0.565,1,1,1,1,1,1,1
15074,México,San Felipe del Progreso,0.22,0.155,0.139,0.093,0.085,0.054,0.046,1,1,1,1,1,0,1
15075,México,San Martín de las Pirámides,0.405,0.327,0.303,0.276,0.239,0.199,0.198,1,1,1,1,1,1,1
15076,México,San Mateo Atenco,0.689,0.648,0.638,0.595,0.565,0.529,0.524,1,1,1,1,1,1,1
15077,México,San Simón de Guerrero,0.344,0.299,0.297,0.228,0.148,0.104,0.171,1,1,1,1,0,0,1
15078,México,Santo Tomás,0.392,0.338,0.326,0.281,0.219,0.159,0.184,1,1,1,1,1,1,1
15079,México,Soyaniquilpan de Juárez,0.63,0.573,0.567,0.523,0.509,0.443,0.439,1,1,1,1,1,1,1
15080,México,Sultepec,0.296,0.27,0.266,0.228,0.111,0.07,0.072,0,0,0,0,0,0,0
15081,México,Tecámac,0.702,0.668,0.656,0.626,0.619,0.613,0.493,1,1,1,1,1,1,1
15082,México,Tejupilco,0.37,0.322,0.316,0.292,0.217,0.184,0.117,1,1,1,1,1,1,1
15083,México,Temamatla,0.576,0.547,0.533,0.506,0.431,0.467,0.253,1,1,1,1,1,1,1
15084,México,Temascalapa,0.494,0.401,0.422,0.362,0.356,0.32,0.332,1,1,1,1,1,1,1
15085,México,Temascalcingo,0.42,0.349,0.326,0.262,0.246,0.148,0.232,1,1,1,1,1,1,1
15086,México,Temascaltepec,0.232,0.185,0.175,0.149,0.112,0.076,0.077,0,0,0,0,0,0,0
15087,México,Temoaya,0.381,0.322,0.309,0.253,0.253,0.224,0.218,1,1,1,1,1,1,1
15088,México,Tenancingo,0.396,0.308,0.282,0.248,0.19,0.148,0.136,1,1,1,1,1,1,1
15089,México,Tenango del Aire,0.396,0.356,0.343,0.306,0.294,0.261,0.224,1,1,1,1,1,1,1
15090,México,Tenango del Valle,0.377,0.344,0.346,0.313,0.29,0.24,0.251,1,1,1,1,1,1,1
15091,México,Teoloyucan,0.631,0.587,0.584,0.508,0.496,0.464,0.446,1,1,1,1,1,1,1
15092,México,Teotihuacán,0.492,0.429,0.403,0.37,0.343,0.296,0.268,1,1,1,1,1,1,1
15093,México,Tepetlaoxtoc,0.433,0.328,0.316,0.27,0.242,0.177,0.215,1,1,1,1,1,1,1
15094,México,Tepetlixpa,0.282,0.244,0.215,0.169,0.161,0.12,0.143,1,1,1,1,1,1,1
15095,México,Tepotzotlán,0.672,0.632,0.619,0.585,0.561,0.531,0.457,1,1,1,1,1,1,1
15096,México,Tequixquiac,0.401,0.276,0.326,0.253,0.251,0.187,0.198,1,1,1,1,1,1,1
15097,México,Texcaltitlán,0.286,0.256,0.237,0.201,0.125,0.089,0.098,1,1,1,0,0,0,0
15098,México,Texcalyacac,0.543,0.515,0.531,0.456,0.43,0.359,0.386,1,1,1,1,1,1,1
15099,México,Texcoco,0.513,0.444,0.419,0.38,0.339,0.293,0.253,1,1,1,1,1,1,1
15100,México,Tezoyuca,0.416,0.335,0.326,0.279,0.26,0.207,0.202,1,1,1,1,1,1,1
15101,México,Tianguistenco,0.539,0.509,0.507,0.474,0.436,0.402,0.391,1,1,1,1,1,1,1
15102,México,Timilpan,0.443,0.35,0.35,0.298,0.265,0.217,0.221,1,1,1,1,1,1,1
15103,México,Tlalmanalco,0.616,0.574,0.558,0.52,0.481,0.446,0.355,1,1,1,1,1,1,1
15104,México,Tlalnepantla de Baz,0.771,0.732,0.742,0.685,0.697,0.655,0.57,1,1,1,1,1,1,1
15105,México,Tlatlaya,0.284,0.228,0.22,0.181,0.11,0.102,0.061,1,1,1,1,1,1,0
15106,México,Toluca,0.675,0.637,0.632,0.577,0.547,0.509,0.444,1,1,1,1,1,1,1
15107,México,Tonatico,0.358,0.296,0.255,0.248,0.179,0.133,0.11,1,1,1,1,1,1,1
15108,México,Tultepec,0.677,0.65,0.648,0.613,0.608,0.588,0.528,1,1,1,1,1,1,1
15109,México,Tultitlán,0.723,0.694,0.691,0.634,0.643,0.625,0.547,1,1,1,1,1,1,1
15110,México,Valle de Bravo,0.469,0.3,0.25,0.201,0.158,0.111,0.156,1,1,1,1,1,1,1
15111,México,Villa de Allende,0.228,0.123,0.139,0.088,0.092,0.058,0.057,1,1,1,1,1,1,1
15112,México,Villa del Carbón,0.306,0.198,0.196,0.158,0.137,0.099,0.108,1,1,1,1,1,1,1
15113,México,Villa Guerrero,0.203,0.089,0.078,0.072,0.053,0.032,0.047,1,1,1,1,1,0,1
15114,México,Villa Victoria,0.148,0.108,0.101,0.052,0.067,0.031,0.048,1,1,1,0,1,0,0
15115,México,Xonacatlán,0.528,0.468,0.458,0.394,0.351,0.288,0.309,1,1,1,1,1,1,1
15116,México,Zacazonapan,0.596,0.558,0.562,0.495,0.481,0.294,0.452,1,1,1,1,1,1,1
15117,México,Zacualpan,0.398,0.348,0.304,0.286,0.192,0.116,0.113,1,1,1,1,1,0,0
15118,México,Zinacantepec,0.611,0.575,0.588,0.528,0.483,0.433,0.36,1,1,1,1,1,1,1
15119,México,Zumpahuacán,0.214,0.131,0.1,0.093,0.056,0.034,0.045,1,1,1,1,1,1,1
15120,México,Zumpango,0.602,0.554,0.554,0.51,0.511,0.499,0.458,1,1,1,1,1,1,1
15121,México,Cuautitlán Izcalli,0.803,0.784,0.774,0.749,0.747,0.712,0.619,1,1,1,1,1,1,1
15122,México,Valle de Chalco Solidaridad,0.501,0.412,0.41,0.354,0.339,0.291,0.256,1,1,1,1,1,1,1
15123,México,Luvianos,0.26,0.226,0.233,0.194,0.103,0.064,0.077,1,1,1,1,1,1,1
15124,México,San José del Rincón,0.141,0.094,0.079,0.038,0.042,0.019,0.022,1,1,1,1,1,0,0
15125,México,Tonanitla,0.621,0.591,0.582,0.542,0.534,0.52,0.431,1,1,1,1,1,1,1
16001,Michoacán de Ocampo,Acuitzio,0.395,0.251,0.229,0.19,0.182,0.147,0.138,1,1,1,1,1,1,1
16002,Michoacán de Ocampo,Aguililla,0.16,0.119,0.097,0.091,0.066,0.05,0.026,1,1,1,1,1,1,0
16003,Michoacán de Ocampo,Álvaro Obregón,0.375,0.298,0.274,0.243,0.228,0.188,0.194,1,1,1,1,1,1,1
16004,Michoacán de Ocampo,Angamacutiro,0.232,0.152,0.128,0.097,0.099,0.063,0.062,1,1,1,1,1,1,1
16005,Michoacán de Ocampo,Angangueo,0.37,0.255,0.243,0.199,0.167,0.108,0.132,1,1,1,1,1,1,1
16006,Michoacán de Ocampo,Apatzingán,0.383,0.316,0.275,0.254,0.234,0.227,0.189,1,1,1,1,1,1,1
16007,Michoacán de Ocampo,Aporo,0.194,0.146,0.119,0.122,0.084,0.073,0.035,1,1,1,1,1,0,0
16008,Michoacán de Ocampo,Aquila,0.288,0.233,0.231,0.146,0.139,0.113,0.064,1,1,1,1,1,1,1
16009,Michoacán de Ocampo,Ario,0.377,0.194,0.143,0.139,0.103,0.089,0.091,1,1,1,1,1,1,1
16010,Michoacán de Ocampo,Arteaga,0.435,0.363,0.367,0.321,0.273,0.236,0.109,1,1,1,1,1,1,0
16011,Michoacán de Ocampo,Briseñas,0.543,0.452,0.346,0.326,0.286,0.268,0.28,1,1,1,1,1,1,1
16012,Michoacán de Ocampo,Buenavista,0.227,0.103,0.074,0.079,0.063,0.052,0.04,1,1,1,1,1,1,1
16013,Michoacán de Ocampo,Carácuaro,0.295,0.219,0.208,0.179,0.168,0.146,0.052,1,1,1,1,1,0,0
16014,Michoacán de Ocampo,Coahuayana,0.309,0.157,0.125,0.117,0.095,0.082,0.067,1,1,1,1,1,1,1
16015,Michoacán de Ocampo,Coalcomán de Vázquez Pallares,0.358,0.23,0.2,0.184,0.144,0.139,0.09,1,1,1,1,1,1,1
16016,Michoacán de Ocampo,Coeneo,0.286,0.205,0.2,0.162,0.137,0.108,0.093,1,1,1,1,1,1,1
16017,Michoacán de Ocampo,Contepec,0.246,0.157,0.135,0.112,0.097,0.065,0.08,1,1,1,1,1,1,1
16018,Michoacán de Ocampo,Copándaro,0.276,0.209,0.179,0.147,0.134,0.109,0.114,1,1,1,1,1,0,0
16019,Michoacán de Ocampo,Cotija,0.403,0.317,0.209,0.177,0.139,0.115,0.131,1,1,1,1,1,1,1
16020,Michoacán de Ocampo,Cuitzeo,0.325,0.205,0.192,0.15,0.14,0.099,0.094,1,1,1,1,1,1,1
16021,Michoacán de Ocampo,Charapan,0.254,0.133,0.097,0.064,0.053,0.034,0.038,1,1,1,1,1,1,0
16022,Michoacán de Ocampo,Charo,0.379,0.289,0.267,0.238,0.221,0.197,0.186,1,1,1,1,1,1,1
16023,Michoacán de Ocampo,Chavinda,0.262,0.187,0.15,0.132,0.104,0.083,0.089,1,1,1,1,1,1,1
16024,Michoacán de Ocampo,Cherán,0.374,0.272,0.247,0.166,0.144,0.12,0.083,1,1,1,1,1,1,0
16025,Michoacán de Ocampo,Chilchota,0.257,0.17,0.188,0.139,0.128,0.096,0.111,1,1,1,1,1,1,1
16026,Michoacán de Ocampo,Chinicuila,0.431,0.375,0.252,0.241,0.175,0.127,0.071,1,1,1,1,0,0,0
16027,Michoacán de Ocampo,Chucándiro,0.182,0.099,0.046,0.065,0.041,0.023,0.029,1,1,0,0,0,0,0
16028,Michoacán de Ocampo,Churintzio,0.272,0.208,0.152,0.184,0.111,0.086,0.047,1,1,1,1,1,1,0
16029,Michoacán de Ocampo,Churumuco,0.236,0.167,0.177,0.139,0.13,0.113,0.055,1,1,1,1,1,1,0
16030,Michoacán de Ocampo,Ecuandureo,0.252,0.193,0.154,0.136,0.108,0.096,0.099,1,1,1,1,1,1,1
16031,Michoacán de Ocampo,Epitacio Huerta,0.216,0.155,0.108,0.111,0.093,0.074,0.07,1,1,1,1,1,1,1
16032,Michoacán de Ocampo,Erongarícuaro,0.39,0.278,0.234,0.209,0.183,0.14,0.102,1,1,1,1,1,1,1
16033,Michoacán de Ocampo,Gabriel Zamora,0.284,0.212,0.194,0.171,0.157,0.147,0.123,1,1,1,1,1,1,1
16034,Michoacán de Ocampo,Hidalgo,0.373,0.203,0.17,0.162,0.144,0.128,0.096,1,1,1,1,1,1,1
16035,Michoacán de Ocampo,La Huacana,0.295,0.236,0.185,0.174,0.146,0.138,0.073,1,1,1,1,1,1,1
16036,Michoacán de Ocampo,Huandacareo,0.345,0.249,0.184,0.16,0.112,0.099,0.084,1,1,1,1,1,1,1
16037,Michoacán de Ocampo,Huaniqueo,0.287,0.182,0.172,0.146,0.12,0.083,0.084,1,1,1,1,1,1,1
16038,Michoacán de Ocampo,Huetamo,0.438,0.296,0.296,0.266,0.256,0.225,0.144,1,1,1,1,1,1,1
16039,Michoacán de Ocampo,Huiramba,0.291,0.198,0.197,0.152,0.147,0.128,0.109,1,1,1,1,1,0,0
16040,Michoacán de Ocampo,Indaparapeo,0.325,0.208,0.16,0.136,0.107,0.086,0.079,1,1,1,1,1,1,1
16041,Michoacán de Ocampo,Irimbo,0.301,0.142,0.122,0.118,0.085,0.072,0.076,1,1,1,1,1,1,1
16042,Michoacán de Ocampo,Ixtlán,0.262,0.187,0.15,0.131,0.119,0.102,0.099,1,1,1,1,1,1,1
16043,Michoacán de Ocampo,Jacona,0.454,0.394,0.425,0.347,0.355,0.339,0.326,1,1,1,1,1,1,1
16044,Michoacán de Ocampo,Jiménez,0.413,0.222,0.291,0.208,0.193,0.08,0.107,1,1,1,1,1,1,1
16045,Michoacán de Ocampo,Jiquilpan,0.426,0.345,0.289,0.264,0.23,0.222,0.186,1,1,1,1,1,1,1
16046,Michoacán de Ocampo,Juárez,0.143,0.091,0.082,0.075,0.07,0.063,0.045,1,1,0,0,0,0,0
16047,Michoacán de Ocampo,Jungapeo,0.126,0.076,0.076,0.058,0.056,0.037,0.033,1,1,1,1,1,0,1
16048,Michoacán de Ocampo,Lagunillas,0.358,0.229,0.213,0.155,0.152,0.139,0.168,1,1,1,1,1,0,1
16049,Michoacán de Ocampo,Madero,0.243,0.132,0.1,0.096,0.061,0.048,0.059,1,1,1,1,1,1,1
16050,Michoacán de Ocampo,Maravatío,0.273,0.206,0.174,0.155,0.139,0.113,0.096,1,1,1,1,1,1,1
16051,Michoacán de Ocampo,Marcos Castellanos,0.455,0.306,0.176,0.202,0.135,0.114,0.114,1,1,1,1,1,1,1
16052,Michoacán de Ocampo,Lázaro Cárdenas,0.651,0.602,0.65,0.578,0.578,0.563,0.425,1,1,1,1,1,1,1
16053,Michoacán de Ocampo,Morelia,0.685,0.632,0.619,0.583,0.576,0.55,0.373,1,1,1,1,1,1,1
16054,Michoacán de Ocampo,Morelos,0.27,0.167,0.11,0.11,0.068,0.068,0.055,1,1,1,1,0,0,0
16055,Michoacán de Ocampo,Múgica,0.252,0.185,0.165,0.144,0.129,0.124,0.107,1,1,1,1,1,1,1
16056,Michoacán de Ocampo,Nahuatzen,0.262,0.178,0.169,0.131,0.095,0.071,0.071,1,1,1,1,1,1,1
16057,Michoacán de Ocampo,Nocupétaro,0.3,0.216,0.202,0.177,0.146,0.113,0.089,1,1,1,1,1,1,1
16058,Michoacán de Ocampo,Nuevo Parangaricutiro,0.463,0.3,0.294,0.226,0.205,0.138,0.138,1,1,1,1,1,1,1
16059,Michoacán de Ocampo,Nuevo Urecho,0.238,0.128,0.134,0.087,0.097,0.048,0.065,1,1,1,1,1,0,1
16060,Michoacán de Ocampo,Numarán,0.44,0.36,0.323,0.292,0.285,0.233,0.233,1,1,1,1,1,1,1
16061,Michoacán de Ocampo,Ocampo,0.197,0.092,0.085,0.061,0.05,0.04,0.036,1,1,1,1,0,0,0
16062,Michoacán de Ocampo,Pajacuarán,0.176,0.12,0.088,0.082,0.064,0.044,0.05,1,1,1,1,1,1,1
16063,Michoacán de Ocampo,Panindícuaro,0.334,0.181,0.206,0.129,0.134,0.088,0.105,1,1,1,1,1,1,1
16064,Michoacán de Ocampo,Parácuaro,0.115,0.076,0.061,0.051,0.04,0.039,0.019,1,1,1,1,1,0,1
16065,Michoacán de Ocampo,Paracho,0.396,0.303,0.276,0.248,0.217,0.196,0.17,1,1,1,1,1,1,1
16066,Michoacán de Ocampo,Pátzcuaro,0.494,0.383,0.347,0.305,0.288,0.241,0.17,1,1,1,1,1,1,1
16067,Michoacán de Ocampo,Penjamillo,0.393,0.225,0.203,0.124,0.132,0.083,0.116,1,1,1,1,1,1,0
16068,Michoacán de Ocampo,Peribán,0.388,0.249,0.197,0.184,0.143,0.11,0.143,1,1,1,1,1,1,1
16069,Michoacán de Ocampo,La Piedad,0.642,0.535,0.516,0.475,0.486,0.481,0.397,1,1,1,1,1,1,1
16070,Michoacán de Ocampo,Purépero,0.577,0.263,0.308,0.193,0.194,0.118,0.169,1,1,1,1,1,1,1
16071,Michoacán de Ocampo,Puruándiro,0.384,0.319,0.257,0.244,0.198,0.158,0.145,1,1,1,1,1,1,1
16072,Michoacán de Ocampo,Queréndaro,0.32,0.214,0.178,0.158,0.132,0.094,0.08,1,1,1,1,1,1,1
16073,Michoacán de Ocampo,Quiroga,0.315,0.218,0.193,0.172,0.146,0.123,0.099,1,1,1,1,1,1,1
16074,Michoacán de Ocampo,Cojumatlán de Régules,0.194,0.095,0.073,0.069,0.055,0.044,0.034,1,1,1,1,1,1,0
16075,Michoacán de Ocampo,Los Reyes,0.447,0.354,0.303,0.275,0.203,0.167,0.173,1,1,1,1,1,1,1
16076,Michoacán de Ocampo,Sahuayo,0.479,0.378,0.267,0.268,0.221,0.21,0.185,1,1,1,1,1,1,1
16077,Michoacán de Ocampo,San Lucas,0.26,0.189,0.172,0.158,0.13,0.109,0.086,1,1,1,1,1,1,1
16078,Michoacán de Ocampo,Santa Ana Maya,0.221,0.121,0.082,0.072,0.056,0.048,0.037,1,1,1,1,1,1,1
16079,Michoacán de Ocampo,Salvador Escalante,0.253,0.109,0.098,0.071,0.056,0.035,0.044,1,1,1,1,1,1,1
16080,Michoacán de Ocampo,Senguio,0.188,0.111,0.1,0.074,0.08,0.05,0.054,1,1,1,1,1,0,1
16081,Michoacán de Ocampo,Susupuato,0.071,0.042,0.035,0.02,0.019,0.008,0.011,0,0,0,0,0,0,0
16082,Michoacán de Ocampo,Tacámbaro,0.422,0.302,0.261,0.232,0.213,0.171,0.156,1,1,1,1,1,1,1
16083,Michoacán de Ocampo,Tancítaro,0.384,0.215,0.146,0.139,0.083,0.056,0.127,1,1,1,1,1,1,1
16084,Michoacán de Ocampo,Tangamandapio,0.317,0.212,0.187,0.161,0.146,0.128,0.127,1,1,1,1,1,1,1
16085,Michoacán de Ocampo,Tangancícuaro,0.273,0.176,0.155,0.134,0.107,0.086,0.095,1,1,1,1,1,1,1
16086,Michoacán de Ocampo,Tanhuato,0.337,0.234,0.16,0.103,0.096,0.084,0.037,1,1,1,1,1,1,0
16087,Michoacán de Ocampo,Taretan,0.391,0.281,0.31,0.251,0.244,0.206,0.191,1,1,1,1,1,1,1
16088,Michoacán de Ocampo,Tarímbaro,0.641,0.579,0.558,0.514,0.509,0.488,0.343,1,1,1,1,1,1,1
16089,Michoacán de Ocampo,Tepalcatepec,0.294,0.18,0.151,0.143,0.125,0.103,0.084,1,1,1,1,1,1,1
16090,Michoacán de Ocampo,Tingambato,0.44,0.24,0.232,0.231,0.174,0.139,0.101,1,1,1,1,1,1,1
16091,Michoacán de Ocampo,Tingüindín,0.39,0.26,0.196,0.16,0.119,0.085,0.131,1,1,1,1,1,1,1
16092,Michoacán de Ocampo,Tiquicheo de Nicolás Romero,0.227,0.187,0.147,0.131,0.088,0.113,0.061,1,1,1,1,1,1,0
16093,Michoacán de Ocampo,Tlalpujahua,0.292,0.172,0.157,0.124,0.109,0.082,0.096,1,1,1,1,1,1,1
16094,Michoacán de Ocampo,Tlazazalca,0.164,0.073,0.07,0.057,0.047,0.027,0.039,1,1,1,1,0,0,0
16095,Michoacán de Ocampo,Tocumbo,0.518,0.419,0.351,0.322,0.254,0.205,0.249,1,1,1,1,1,1,1
16096,Michoacán de Ocampo,Tumbiscatío,0.219,0.155,0.105,0.087,0.048,0.042,0.035,1,1,1,0,0,0,0
16097,Michoacán de Ocampo,Turicato,0.23,0.183,0.157,0.138,0.126,0.097,0.061,1,1,1,1,1,1,1
16098,Michoacán de Ocampo,Tuxpan,0.27,0.185,0.163,0.143,0.129,0.102,0.091,1,1,1,1,1,1,1
16099,Michoacán de Ocampo,Tuzantla,0.178,0.118,0.11,0.092,0.079,0.062,0.049,1,1,1,1,1,0,0
16100,Michoacán de Ocampo,Tzintzuntzan,0.364,0.267,0.246,0.206,0.17,0.154,0.12,1,1,1,1,1,1,1
16101,Michoacán de Ocampo,Tzitzio,0.253,0.172,0.13,0.137,0.076,0.054,0.035,1,1,1,1,0,0,0
16102,Michoacán de Ocampo,Uruapan,0.565,0.484,0.482,0.431,0.408,0.387,0.309,1,1,1,1,1,1,1
16103,Michoacán de Ocampo,Venustiano Carranza,0.326,0.245,0.186,0.166,0.137,0.114,0.109,1,1,1,1,1,1,1
16104,Michoacán de Ocampo,Villamar,0.232,0.192,0.174,0.148,0.128,0.089,0.088,1,1,1,1,1,1,1
16105,Michoacán de Ocampo,Vista Hermosa,0.508,0.394,0.328,0.308,0.295,0.27,0.277,1,1,1,1,1,1,1
16106,Michoacán de Ocampo,Yurécuaro,0.26,0.15,0.124,0.118,0.092,0.085,0.081,1,1,1,1,1,1,1
16107,Michoacán de Ocampo,Zacapu,0.48,0.39,0.397,0.341,0.318,0.303,0.242,1,1,1,1,1,1,1
16108,Michoacán de Ocampo,Zamora,0.572,0.512,0.519,0.47,0.458,0.447,0.402,1,1,1,1,1,1,1
16109,Michoacán de Ocampo,Zináparo,0.323,0.256,0.183,0.174,0.142,0.094,0.082,1,1,1,1,1,1,0
16110,Michoacán de Ocampo,Zinapécuaro,0.247,0.179,0.159,0.137,0.128,0.101,0.111,1,1,1,1,1,1,1
16111,Michoacán de Ocampo,Ziracuaretiro,0.286,0.134,0.118,0.094,0.077,0.065,0.049,1,1,1,1,1,1,1
16112,Michoacán de Ocampo,Zitácuaro,0.393,0.313,0.285,0.247,0.229,0.193,0.155,1,1,1,1,1,1,1
16113,Michoacán de Ocampo,José Sixto Verduzco,0.355,0.291,0.257,0.249,0.221,0.166,0.163,1,1,1,1,1,1,1
17001,Morelos,Amacuzac,0.357,0.311,0.326,0.277,0.271,0.207,0.196,1,1,1,1,1,1,1
17002,Morelos,Atlatlahucan,0.288,0.236,0.213,0.193,0.175,0.145,0.128,1,1,1,1,1,1,1
17003,Morelos,Axochiapan,0.183,0.134,0.114,0.099,0.096,0.06,0.066,1,1,1,1,1,1,1
17004,Morelos,Ayala,0.368,0.331,0.329,0.29,0.285,0.248,0.208,1,1,1,1,1,1,1
17005,Morelos,Coatlán del Río,0.295,0.257,0.2,0.171,0.147,0.092,0.084,1,1,1,1,1,1,1
17006,Morelos,Cuautla,0.507,0.459,0.448,0.393,0.388,0.351,0.308,1,1,1,1,1,1,1
17007,Morelos,Cuernavaca,0.671,0.604,0.589,0.537,0.541,0.511,0.357,1,1,1,1,1,1,1
17008,Morelos,Emiliano Zapata,0.589,0.521,0.506,0.458,0.458,0.432,0.325,1,1,1,1,1,1,1
17009,Morelos,Huitzilac,0.371,0.296,0.29,0.243,0.23,0.175,0.163,1,1,1,1,1,1,1
17010,Morelos,Jantetelco,0.263,0.209,0.19,0.183,0.163,0.131,0.109,1,1,1,1,1,1,1
17011,Morelos,Jiutepec,0.631,0.592,0.581,0.537,0.527,0.505,0.433,1,1,1,1,1,1,1
17012,Morelos,Jojutla,0.512,0.437,0.429,0.389,0.367,0.327,0.228,1,1,1,1,1,1,1
17013,Morelos,Jonacatepec de Leandro Valle,0.293,0.232,0.205,0.19,0.172,0.142,0.091,1,1,1,1,1,1,1
17014,Morelos,Mazatepec,0.345,0.3,0.255,0.255,0.194,0.173,0.102,1,1,1,1,1,1,1
17015,Morelos,Miacatlán,0.335,0.259,0.206,0.216,0.164,0.128,0.109,1,1,1,1,1,1,1
17016,Morelos,Ocuituco,0.178,0.149,0.148,0.121,0.115,0.083,0.078,1,1,1,1,1,1,1
17017,Morelos,Puente de Ixtla,0.438,0.372,0.358,0.32,0.314,0.27,0.236,1,1,1,1,1,1,1
17018,Morelos,Temixco,0.491,0.417,0.394,0.35,0.335,0.305,0.249,1,1,1,1,1,1,1
17019,Morelos,Tepalcingo,0.214,0.178,0.169,0.148,0.13,0.105,0.088,1,1,1,1,1,1,1
17020,Morelos,Tepoztlán,0.413,0.354,0.336,0.301,0.294,0.266,0.233,1,1,1,1,1,1,1
17021,Morelos,Tetecala,0.412,0.335,0.282,0.272,0.216,0.168,0.116,1,1,1,1,1,1,1
17022,Morelos,Tetela del Volcán,0.215,0.151,0.145,0.135,0.098,0.067,0.062,1,1,1,1,1,1,1
17023,Morelos,Tlalnepantla,0.135,0.098,0.066,0.068,0.057,0.047,0.038,1,1,1,1,0,0,0
17024,Morelos,Tlaltizapán de Zapata,0.438,0.364,0.357,0.318,0.304,0.262,0.236,1,1,1,1,1,1,1
17025,Morelos,Tlaquiltenango,0.373,0.312,0.318,0.27,0.259,0.22,0.164,1,1,1,1,1,1,1
17026,Morelos,Tlayacapan,0.248,0.19,0.172,0.151,0.14,0.097,0.096,1,1,1,1,1,1,1
17027,Morelos,Totolapan,0.145,0.106,0.09,0.081,0.069,0.049,0.044,1,1,1,1,1,1,1
17028,Morelos,Xochitepec,0.456,0.376,0.351,0.324,0.292,0.242,0.204,1,1,1,1,1,1,1
17029,Morelos,Yautepec,0.439,0.373,0.355,0.32,0.316,0.286,0.248,1,1,1,1,1,1,1
17030,Morelos,Yecapixtla,0.317,0.273,0.276,0.233,0.235,0.212,0.168,1,1,1,1,1,1,1
17031,Morelos,Zacatepec,0.573,0.507,0.505,0.456,0.45,0.401,0.305,1,1,1,1,1,1,1
17032,Morelos,Zacualpan de Amilpas,0.267,0.227,0.216,0.21,0.183,0.157,0.073,1,1,1,1,1,1,1
17033,Morelos,Temoac,0.273,0.204,0.192,0.18,0.161,0.131,0.081,1,1,1,1,1,1,1
17034,Morelos,Coatetelco,0.197,0.134,0.086,0.086,0.064,0.042,0.045,1,1,1,1,1,0,1
17035,Morelos,Xoxocotla,0.277,0.232,0.241,0.192,0.187,0.16,0.132,1,1,1,1,1,1,1
17036,Morelos,Hueyapan,0.161,0.084,0.069,0.055,0.043,0.027,0.027,1,1,0,0,0,0,0
18001,Nayarit,Acaponeta,0.488,0.39,0.391,0.33,0.314,0.294,0.207,1,1,1,1,1,1,1
18002,Nayarit,Ahuacatlán,0.397,0.328,0.312,0.292,0.276,0.228,0.206,1,1,1,1,1,1,1
18003,Nayarit,Amatlán de Cañas,0.389,0.333,0.304,0.278,0.24,0.202,0.192,1,1,1,1,1,1,1
18004,Nayarit,Compostela,0.452,0.381,0.377,0.35,0.311,0.262,0.245,1,1,1,1,1,1,1
18006,Nayarit,Ixtlán del Río,0.554,0.45,0.384,0.375,0.341,0.302,0.249,1,1,1,1,1,1,1
18007,Nayarit,Jala,0.421,0.327,0.357,0.3,0.294,0.259,0.258,1,1,1,1,1,1,1
18008,Nayarit,Xalisco,0.686,0.623,0.612,0.578,0.551,0.533,0.382,1,1,1,1,1,1,1
18009,Nayarit,Del Nayar,0.182,0.141,0.154,0.12,0.097,0.08,0.065,1,1,1,1,1,1,1
18010,Nayarit,Rosamorada,0.279,0.208,0.213,0.181,0.162,0.128,0.105,1,1,1,1,1,1,1
18011,Nayarit,Ruiz,0.345,0.265,0.249,0.214,0.194,0.159,0.142,1,1,1,1,1,1,1
18012,Nayarit,San Blas,0.274,0.207,0.211,0.188,0.156,0.144,0.101,1,1,1,1,1,1,1
18013,Nayarit,San Pedro Lagunillas,0.377,0.295,0.331,0.274,0.279,0.196,0.207,1,1,1,1,1,1,1
18014,Nayarit,Santa María del Oro,0.476,0.406,0.415,0.387,0.354,0.304,0.304,1,1,1,1,1,1,1
18015,Nayarit,Santiago Ixcuintla,0.312,0.254,0.28,0.231,0.219,0.191,0.179,1,1,1,1,1,1,1
18016,Nayarit,Tecuala,0.393,0.3,0.291,0.256,0.211,0.192,0.156,1,1,1,1,1,1,1
18017,Nayarit,Tepic,0.725,0.664,0.647,0.606,0.585,0.557,0.426,1,1,1,1,1,1,1
18018,Nayarit,Tuxpan,0.432,0.309,0.309,0.271,0.245,0.209,0.17,1,1,1,1,1,1,1
18019,Nayarit,La Yesca,0.287,0.224,0.184,0.186,0.143,0.131,0.104,1,1,1,1,1,1,1
18020,Nayarit,Bahía de Banderas,0.722,0.673,0.695,0.633,0.636,0.602,0.53,1,1,1,1,1,1,1
19001,Nuevo León,Abasolo,0.794,0.716,0.723,0.66,0.629,0.61,0.584,1,1,1,1,1,1,1
19002,Nuevo León,Agualeguas,0.666,0.468,0.364,0.301,0.224,0.192,0.173,1,1,1,1,1,1,1
19003,Nuevo León,Los Aldamas,0.595,0.487,0.09,0.065,0.034,0.022,0.03,1,1,0,0,0,0,0
19004,Nuevo León,Allende,0.752,0.632,0.642,0.537,0.546,0.551,0.375,1,1,1,1,1,1,1
19005,Nuevo León,Anáhuac,0.614,0.491,0.422,0.398,0.31,0.278,0.281,1,1,1,1,1,1,1
19006,Nuevo León,Apodaca,0.882,0.875,0.873,0.836,0.843,0.844,0.754,1,1,1,1,1,1,1
19007,Nuevo León,Aramberri,0.458,0.232,0.295,0.181,0.166,0.132,0.094,1,1,1,1,1,1,1
19008,Nuevo León,Bustamante,0.678,0.507,0.366,0.355,0.262,0.244,0.25,1,1,1,1,1,1,1
19009,Nuevo León,Cadereyta Jiménez,0.775,0.716,0.718,0.671,0.658,0.659,0.594,1,1,1,1,1,1,1
19010,Nuevo León,El Carmen,0.83,0.802,0.811,0.746,0.771,0.771,0.692,1,1,1,1,1,1,1
19011,Nuevo León,Cerralvo,0.65,0.545,0.483,0.418,0.354,0.359,0.293,1,1,1,1,1,1,1
19012,Nuevo León,Ciénega de Flores,0.853,0.83,0.835,0.773,0.808,0.812,0.745,1,1,1,1,1,1,1
19013,Nuevo León,China,0.592,0.399,0.354,0.219,0.188,0.188,0.205,1,1,1,1,1,1,1
19014,Nuevo León,Doctor Arroyo,0.427,0.319,0.297,0.23,0.195,0.17,0.139,1,1,1,1,1,1,1
19015,Nuevo León,Doctor Coss,0.505,0.371,0.172,0.163,0.102,0.083,0.125,1,1,0,0,0,0,0
19016,Nuevo León,Doctor González,0.704,0.653,0.601,0.543,0.464,0.476,0.478,1,1,1,1,1,1,1
19017,Nuevo León,Galeana,0.565,0.442,0.442,0.364,0.332,0.277,0.267,1,1,1,1,1,1,1
19018,Nuevo León,García,0.841,0.821,0.825,0.78,0.783,0.794,0.708,1,1,1,1,1,1,1
19019,Nuevo León,San Pedro Garza García,0.87,0.848,0.795,0.77,0.728,0.715,0.592,1,1,1,1,1,1,1
19020,Nuevo León,General Bravo,0.573,0.396,0.317,0.282,0.219,0.201,0.202,1,1,1,1,1,1,1
19021,Nuevo León,General Escobedo,0.828,0.811,0.802,0.737,0.757,0.752,0.646,1,1,1,1,1,1,1
19022,Nuevo León,General Terán,0.595,0.432,0.438,0.336,0.302,0.248,0.176,1,1,1,1,1,1,1
19023,Nuevo León,General Treviño,0.734,0.599,0.419,0.501,0.327,0.33,0.225,1,1,1,1,1,1,1
19024,Nuevo León,General Zaragoza,0.323,0.218,0.153,0.162,0.081,0.075,0.064,1,1,1,1,0,0,0
19025,Nuevo León,General Zuazua,0.848,0.836,0.842,0.81,0.817,0.818,0.754,1,1,1,1,1,1,1
19026,Nuevo León,Guadalupe,0.855,0.838,0.831,0.799,0.797,0.792,0.715,1,1,1,1,1,1,1
19027,Nuevo León,Los Herreras,0.474,0.342,0.156,0.175,0.095,0.075,0.111,1,1,1,1,0,0,0
19028,Nuevo León,Higueras,0.746,0.665,0.627,0.582,0.476,0.497,0.433,1,1,1,1,1,1,1
19029,Nuevo León,Hualahuises,0.608,0.494,0.444,0.39,0.36,0.339,0.254,1,1,1,1,1,1,1
19030,Nuevo León,Iturbide,0.613,0.431,0.369,0.332,0.266,0.234,0.161,1,1,1,1,1,1,1
19031,Nuevo León,Juárez,0.829,0.812,0.809,0.766,0.772,0.776,0.675,1,1,1,1,1,1,1
19032,Nuevo León,Lampazos de Naranjo,0.603,0.43,0.393,0.27,0.214,0.148,0.181,1,1,1,1,1,1,1
19033,Nuevo León,Linares,0.751,0.701,0.693,0.646,0.632,0.607,0.508,1,1,1,1,1,1,1
19034,Nuevo León,Marín,0.748,0.716,0.69,0.616,0.558,0.54,0.578,1,1,1,1,1,1,1
19035,Nuevo León,Melchor Ocampo,0.698,0.637,0.341,0.54,0.28,0.235,0.158,1,1,1,1,1,1,0
19036,Nuevo León,Mier y Noriega,0.199,0.121,0.097,0.076,0.044,0.038,0.066,1,1,0,0,0,0,0
19037,Nuevo León,Mina,0.724,0.678,0.696,0.583,0.527,0.436,0.493,1,1,1,1,1,1,1
19038,Nuevo León,Montemorelos,0.693,0.62,0.623,0.553,0.541,0.542,0.418,1,1,1,1,1,1,1
19039,Nuevo León,Monterrey,0.777,0.758,0.755,0.71,0.698,0.68,0.592,1,1,1,1,1,1,1
19040,Nuevo León,Parás,0.621,0.472,0.266,0.334,0.186,0.134,0.138,1,1,1,1,0,0,0
19041,Nuevo León,Pesquería,0.882,0.821,0.873,0.779,0.838,0.833,0.77,1,1,1,1,1,1,1
19042,Nuevo León,Los Ramones,0.379,0.274,0.193,0.205,0.114,0.099,0.108,1,1,1,1,1,1,1
19043,Nuevo León,Rayones,0.433,0.267,0.2,0.232,0.176,0.144,0.115,1,1,1,1,1,1,1
19044,Nuevo León,Sabinas Hidalgo,0.735,0.646,0.59,0.527,0.508,0.507,0.356,1,1,1,1,1,1,1
19045,Nuevo León,Salinas Victoria,0.84,0.819,0.821,0.762,0.776,0.784,0.721,1,1,1,1,1,1,1
19046,Nuevo León,San Nicolás de los Garza,0.869,0.862,0.852,0.821,0.813,0.801,0.719,1,1,1,1,1,1,1
19047,Nuevo León,Hidalgo,0.805,0.768,0.753,0.698,0.66,0.627,0.637,1,1,1,1,1,1,1
19048,Nuevo León,Santa Catarina,0.862,0.844,0.834,0.801,0.797,0.789,0.657,1,1,1,1,1,1,1
19049,Nuevo León,Santiago,0.765,0.695,0.652,0.586,0.525,0.493,0.424,1,1,1,1,1,1,1
19050,Nuevo León,Vallecillo,0.645,0.482,0.406,0.376,0.318,0.276,0.316,1,1,1,1,1,1,1
19051,Nuevo León,Villaldama,0.666,0.556,0.502,0.459,0.344,0.301,0.321,1,1,1,1,1,1,1
20001,Oaxaca,Abejones,0.217,0.167,0.167,0.167,0.133,0.167,0.133,0,0,0,0,0,0,0
20002,Oaxaca,Acatlán de Pérez Figueroa,0.256,0.202,0.237,0.191,0.204,0.169,0.134,1,1,1,1,1,1,1
20003,Oaxaca,Asunción Cacalotepec,0.349,0.276,0.312,0.206,0.206,0.154,0.14,1,0,1,0,0,0,0
20004,Oaxaca,Asunción Cuyotepeji,0.301,0.22,0.237,0.183,0.15,0.145,0.113,1,0,0,0,0,0,0
20005,Oaxaca,Asunción Ixtaltepec,0.584,0.497,0.502,0.452,0.434,0.396,0.234,1,1,1,1,1,1,1
20006,Oaxaca,Asunción Nochixtlán,0.348,0.287,0.288,0.237,0.239,0.179,0.136,1,1,1,1,1,1,1
20007,Oaxaca,Asunción Ocotlán,0.157,0.096,0.096,0.086,0.056,0.04,0.035,0,0,0,0,0,0,0
20008,Oaxaca,Asunción Tlacolulita,0.178,0.164,0.178,0.164,0.164,0.123,0.014,0,0,0,0,0,0,0
20009,Oaxaca,Ayotzintepec,0.084,0.064,0.065,0.045,0.051,0.032,0.028,0,0,0,0,0,0,0
20010,Oaxaca,El Barrio de la Soledad,0.697,0.65,0.709,0.598,0.628,0.55,0.492,1,1,1,1,1,1,1
20011,Oaxaca,Calihualá,0.155,0.129,0.121,0.112,0.121,0.095,0.009,0,0,0,0,0,0,0
20012,Oaxaca,Candelaria Loxicha,0.16,0.116,0.146,0.098,0.092,0.054,0.044,1,1,1,1,1,0,0
20013,Oaxaca,Ciénega de Zimatlán,0.236,0.182,0.171,0.125,0.095,0.068,0.067,1,1,1,1,0,0,0
20014,Oaxaca,Ciudad Ixtepec,0.581,0.523,0.518,0.488,0.476,0.439,0.275,1,1,1,1,1,1,1
20015,Oaxaca,Coatecas Altas,0.043,0.021,0.042,0.015,0.018,0.006,0.003,0,0,0,0,0,0,0
20016,Oaxaca,Coicoyán de las Flores,0.047,0.026,0.045,0.024,0.024,0.016,0.014,0,0,0,0,0,0,0
20017,Oaxaca,La Compañía,0.106,0.05,0.074,0.066,0.04,0.018,0.026,0,0,0,0,0,0,0
20018,Oaxaca,Concepción Buenavista,0.101,0.076,0.059,0.05,0.076,0.025,0.034,0,0,0,0,0,0,0
20019,Oaxaca,Concepción Pápalo,0.169,0.126,0.12,0.076,0.076,0.027,0.038,0,0,0,0,0,0,0
20020,Oaxaca,Constancia del Rosario,0.324,0.288,0.28,0.218,0.197,0.156,0.073,1,1,1,1,1,0,0
20021,Oaxaca,Cosolapa,0.398,0.319,0.347,0.263,0.265,0.234,0.196,1,1,1,1,1,1,1
20022,Oaxaca,Cosoltepec,0.081,0.071,0.071,0.051,0.051,0.03,0.03,0,0,0,0,0,0,0
20023,Oaxaca,Cuilápam de Guerrero,0.441,0.4,0.374,0.328,0.274,0.23,0.212,1,1,1,1,1,1,1
20024,Oaxaca,Cuyamecalco Villa de Zaragoza,0.107,0.081,0.098,0.069,0.046,0.038,0.017,0,0,0,0,0,0,0
20025,Oaxaca,Chahuites,0.186,0.13,0.128,0.094,0.115,0.084,0.086,1,1,1,1,1,1,1
20026,Oaxaca,Chalcatongo de Hidalgo,0.197,0.166,0.163,0.126,0.119,0.08,0.052,1,1,1,1,1,0,0
20027,Oaxaca,Chiquihuitlán de Benito Juárez,0.087,0.071,0.082,0.066,0.046,0.046,0.025,0,0,0,0,0,0,0
20028,Oaxaca,Heroica Ciudad de Ejutla de Crespo,0.154,0.108,0.092,0.077,0.071,0.049,0.053,1,1,1,1,1,1,1
20029,Oaxaca,Eloxochitlán de Flores Magón,0.081,0.063,0.075,0.044,0.037,0.028,0.023,0,0,0,0,0,0,0
20030,Oaxaca,El Espinal,0.681,0.598,0.602,0.556,0.514,0.485,0.319,1,1,1,1,1,1,1
20031,Oaxaca,Tamazulápam del Espíritu Santo,0.196,0.184,0.177,0.147,0.142,0.117,0.024,0,0,0,0,0,0,0
20032,Oaxaca,Fresnillo de Trujano,0.079,0.064,0.071,0.057,0.057,0.043,0.014,0,0,0,0,0,0,0
20033,Oaxaca,Guadalupe Etla,0.572,0.517,0.517,0.44,0.388,0.344,0.233,1,1,1,1,1,1,1
20034,Oaxaca,Guadalupe de Ramírez,0.077,0.069,0.069,0.038,0.062,0.069,0.023,0,0,0,0,0,0,0
20035,Oaxaca,Guelatao de Juárez,0.557,0.523,0.557,0.438,0.318,0.233,0.085,1,1,1,1,1,1,0
20036,Oaxaca,Guevea de Humboldt,0.083,0.064,0.078,0.048,0.051,0.038,0.009,0,0,0,0,0,0,0
20037,Oaxaca,Mesones Hidalgo,0.147,0.106,0.132,0.073,0.085,0.082,0.038,0,0,0,0,0,0,0
20038,Oaxaca,Villa Hidalgo Yalálag,0.077,0.077,0.077,0.062,0.058,0.035,0.038,0,0,0,0,0,0,0
20039,Oaxaca,Heroica Ciudad de Huajuapan de León,0.428,0.37,0.354,0.313,0.299,0.261,0.173,1,1,1,1,1,1,1
20040,Oaxaca,Huautepec,0.043,0.021,0.035,0.02,0.024,0.017,0.014,0,0,0,0,0,0,0
20041,Oaxaca,Huautla de Jiménez,0.26,0.195,0.207,0.152,0.164,0.125,0.051,1,1,1,1,1,1,1
20042,Oaxaca,Ixtlán de Juárez,0.414,0.365,0.358,0.322,0.302,0.259,0.18,1,1,1,1,1,1,1
20043,Oaxaca,Heroica Ciudad de Juchitán de Zaragoza,0.523,0.406,0.406,0.357,0.357,0.312,0.28,1,1,1,1,1,1,1
20044,Oaxaca,Loma Bonita,0.397,0.246,0.258,0.218,0.225,0.193,0.14,1,1,1,1,1,1,1
20045,Oaxaca,Magdalena Apazco,0.635,0.579,0.566,0.516,0.484,0.42,0.352,1,1,1,1,1,1,1
20046,Oaxaca,Magdalena Jaltepec,0.096,0.069,0.084,0.051,0.057,0.024,0.03,0,0,0,0,0,0,0
20047,Oaxaca,Santa Magdalena Jicotlán,0.095,0.143,0.095,0.143,0.143,0.095,0.095,0,0,0,0,0,0,0
20048,Oaxaca,Magdalena Mixtepec,0.081,0.048,0.064,0.032,0.048,0,0.032,0,0,0,0,0,0,0
20049,Oaxaca,Magdalena Ocotlán,0.198,0.176,0.192,0.146,0.137,0.116,0.079,1,1,1,1,0,0,0
20050,Oaxaca,Magdalena Peñasco,0.06,0.045,0.057,0.018,0.024,0.021,0.006,0,0,0,0,0,0,0
20051,Oaxaca,Magdalena Teitipac,0.075,0.046,0.064,0.057,0.025,0.004,0.007,0,0,0,0,0,0,0
20052,Oaxaca,Magdalena Tequisistlán,0.424,0.333,0.349,0.304,0.291,0.264,0.124,1,1,1,1,1,1,1
20053,Oaxaca,Magdalena Tlacotepec,0.49,0.443,0.383,0.392,0.354,0.313,0.158,1,1,1,1,1,1,1
20054,Oaxaca,Magdalena Zahuatlán,0.214,0.119,0.167,0.155,0.167,0.107,0.036,0,0,0,0,0,0,0
20055,Oaxaca,Mariscala de Juárez,0.124,0.086,0.08,0.064,0.064,0.039,0.037,1,1,0,0,0,0,0
20056,Oaxaca,Mártires de Tacubaya,0.168,0.174,0.174,0.133,0.163,0.036,0.036,0,0,0,0,0,0,0
20057,Oaxaca,Matías Romero Avendaño,0.37,0.296,0.304,0.255,0.236,0.202,0.145,1,1,1,1,1,1,1
20058,Oaxaca,Mazatlán Villa de Flores,0.107,0.074,0.09,0.06,0.068,0.045,0.031,1,0,1,0,0,0,0
20059,Oaxaca,Heroica Ciudad de Miahuatlán de Porfirio Díaz,0.318,0.267,0.253,0.226,0.197,0.159,0.118,1,1,1,1,1,1,1
20060,Oaxaca,Mixistlán de la Reforma,0.114,0.106,0.098,0.061,0.065,0.069,0.057,0,0,0,0,0,0,0
20061,Oaxaca,Monjas,0.15,0.112,0.112,0.099,0.108,0.088,0.077,0,0,0,0,0,0,0
20062,Oaxaca,Natividad,0.352,0.296,0.352,0.148,0.296,0.063,0.078,1,0,0,0,1,0,0
20063,Oaxaca,Nazareno Etla,0.556,0.484,0.49,0.446,0.404,0.326,0.245,1,1,1,1,1,1,1
20064,Oaxaca,Nejapa de Madero,0.232,0.19,0.207,0.16,0.18,0.136,0.094,1,1,1,1,1,1,1
20065,Oaxaca,Ixpantepec Nieves,0.11,0.055,0.068,0.055,0.041,0,0.027,0,0,0,0,0,0,0
20066,Oaxaca,Santiago Niltepec,0.248,0.135,0.159,0.124,0.119,0.092,0.08,1,1,1,0,1,0,0
20067,Oaxaca,Oaxaca de Juárez,0.584,0.527,0.507,0.443,0.42,0.366,0.31,1,1,1,1,1,1,1
20068,Oaxaca,Ocotlán de Morelos,0.32,0.252,0.255,0.218,0.191,0.161,0.142,1,1,1,1,1,1,1
20069,Oaxaca,La Pe,0.022,0.011,0.011,0.008,0.008,0.003,0.005,0,0,0,0,0,0,0
20070,Oaxaca,Pinotepa de Don Luis,0.249,0.217,0.219,0.165,0.11,0.083,0.095,1,1,1,1,1,0,0
20071,Oaxaca,Pluma Hidalgo,0.158,0.086,0.09,0.07,0.053,0.035,0.027,1,0,0,0,0,0,0
20072,Oaxaca,San José del Progreso,0.139,0.106,0.136,0.101,0.112,0.078,0.06,1,1,1,1,1,0,0
20073,Oaxaca,Putla Villa de Guerrero,0.377,0.321,0.303,0.261,0.242,0.191,0.115,1,1,1,1,1,1,1
20074,Oaxaca,Santa Catarina Quioquitani,0,0,0,0,0,0,0,0,0,0,0,0,0,0
20075,Oaxaca,Reforma de Pineda,0.312,0.196,0.226,0.177,0.175,0.134,0.1,1,1,1,1,1,1,1
20076,Oaxaca,La Reforma,0.202,0.178,0.198,0.132,0.178,0.058,0.035,0,0,0,0,0,0,0
20077,Oaxaca,Reyes Etla,0.416,0.359,0.355,0.302,0.281,0.206,0.206,1,1,1,1,1,1,1
20078,Oaxaca,Rojas de Cuauhtémoc,0.497,0.36,0.357,0.32,0.252,0.197,0.18,1,1,1,1,1,1,0
20079,Oaxaca,Salina Cruz,0.649,0.571,0.596,0.517,0.521,0.46,0.405,1,1,1,1,1,1,1
20080,Oaxaca,San Agustín Amatengo,0.09,0.069,0.062,0.034,0.055,0.041,0.041,0,0,0,0,0,0,0
20081,Oaxaca,San Agustín Atenango,0.086,0.046,0.051,0.029,0.051,0.029,0.011,0,0,0,0,0,0,0
20082,Oaxaca,San Agustín Chayuco,0.155,0.112,0.131,0.076,0.099,0.061,0.026,1,0,0,0,0,0,0
20083,Oaxaca,San Agustín de las Juntas,0.53,0.482,0.459,0.414,0.389,0.348,0.279,1,1,1,1,1,1,1
20084,Oaxaca,San Agustín Etla,0.571,0.509,0.477,0.447,0.421,0.377,0.254,1,1,1,1,1,1,1
20085,Oaxaca,San Agustín Loxicha,0.092,0.068,0.076,0.039,0.046,0.022,0.019,1,1,1,1,0,0,0
20086,Oaxaca,San Agustín Tlacotepec,0.297,0.29,0.25,0.223,0.21,0.095,0.027,1,1,0,0,0,0,0
20087,Oaxaca,San Agustín Yatareni,0.358,0.281,0.244,0.237,0.186,0.16,0.147,1,1,1,1,1,1,1
20088,Oaxaca,San Andrés Cabecera Nueva,0.12,0.104,0.112,0.066,0.091,0.05,0.012,0,0,0,0,0,0,0
20089,Oaxaca,San Andrés Dinicuiti,0.144,0.09,0.081,0.068,0.052,0.036,0.022,1,0,0,0,0,0,0
20090,Oaxaca,San Andrés Huaxpaltepec,0.399,0.316,0.326,0.244,0.215,0.166,0.112,1,1,1,1,1,1,1
20091,Oaxaca,San Andrés Huayápam,0.656,0.596,0.576,0.503,0.428,0.374,0.217,1,1,1,1,1,1,1
20092,Oaxaca,San Andrés Ixtlahuaca,0.276,0.219,0.226,0.173,0.142,0.125,0.123,1,1,1,1,1,0,0
20093,Oaxaca,San Andrés Lagunas,0.149,0.108,0.122,0.068,0.054,0.027,0.054,0,0,0,0,0,0,0
20094,Oaxaca,San Andrés Nuxiño,0.143,0.091,0.087,0.065,0.082,0.035,0.039,0,0,0,0,0,0,0
20095,Oaxaca,San Andrés Paxtlán,0.131,0.053,0.045,0.041,0.034,0.011,0.016,1,0,0,0,0,0,0
20096,Oaxaca,San Andrés Sinaxtla,0.289,0.289,0.254,0.254,0.246,0.22,0.164,0,0,0,0,0,0,0
20097,Oaxaca,San Andrés Solaga,0.05,0.056,0.061,0.039,0.044,0,0.011,0,0,0,0,0,0,0
20098,Oaxaca,San Andrés Teotilálpam,0.107,0.082,0.088,0.039,0.045,0.014,0.02,0,0,0,0,0,0,0
20099,Oaxaca,San Andrés Tepetlapa,0.061,0.041,0.061,0.02,0.061,0.02,0,0,0,0,0,0,0,0
20100,Oaxaca,San Andrés Yaá,0.435,0.391,0.435,0.304,0.304,0.304,0,0,0,0,0,0,0,0
20101,Oaxaca,San Andrés Zabache,0.126,0.023,0.046,0.023,0.058,0.012,0,0,0,0,0,0,0,0
20102,Oaxaca,San Andrés Zautla,0.409,0.333,0.339,0.276,0.258,0.194,0.189,1,1,1,1,1,1,1
20103,Oaxaca,San Antonino Castillo Velasco,0.182,0.124,0.126,0.09,0.097,0.075,0.072,1,0,1,0,0,0,0
20104,Oaxaca,San Antonino el Alto,0.074,0.037,0.068,0.031,0.053,0.034,0.009,0,0,0,0,0,0,0
20105,Oaxaca,San Antonino Monte Verde,0.108,0.061,0.08,0.022,0.03,0.009,0.009,0,0,0,0,0,0,0
20106,Oaxaca,San Antonio Acutla,0.044,0.044,0.044,0,0.044,0,0.044,0,0,0,0,0,0,0
20107,Oaxaca,San Antonio de la Cal,0.519,0.463,0.454,0.416,0.387,0.354,0.306,1,1,1,1,1,1,1
20108,Oaxaca,San Antonio Huitepec,0.32,0.291,0.332,0.188,0.197,0.111,0.016,1,1,1,0,0,0,0
20109,Oaxaca,San Antonio Nanahuatípam,0.352,0.256,0.244,0.208,0.196,0.163,0.126,1,1,1,0,1,0,0
20110,Oaxaca,San Antonio Sinicahua,0.066,0.033,0.061,0.033,0.028,0.024,0.024,0,0,0,0,0,0,0
20111,Oaxaca,San Antonio Tepetlapa,0.116,0.096,0.096,0.072,0.069,0.055,0.05,0,0,0,0,0,0,0
20112,Oaxaca,San Baltazar Chichicápam,0.362,0.314,0.33,0.266,0.272,0.193,0.077,1,1,1,1,1,1,0
20113,Oaxaca,San Baltazar Loxicha,0.082,0.058,0.072,0.046,0.041,0.029,0.017,0,0,0,0,0,0,0
20114,Oaxaca,San Baltazar Yatzachi el Bajo,0.385,0.327,0.404,0.269,0.346,0.173,0.115,0,0,0,0,0,0,0
20115,Oaxaca,San Bartolo Coyotepec,0.63,0.569,0.581,0.509,0.426,0.396,0.224,1,1,1,1,1,1,1
20116,Oaxaca,San Bartolomé Ayautla,0.121,0.074,0.083,0.038,0.064,0.042,0.026,0,0,0,0,0,0,0
20117,Oaxaca,San Bartolomé Loxicha,0.147,0.136,0.136,0.092,0.12,0.065,0.033,0,0,0,0,0,0,0
20118,Oaxaca,San Bartolomé Quialana,0.082,0.035,0.048,0.019,0.016,0.01,0.019,0,0,0,0,0,0,0
20119,Oaxaca,San Bartolomé Yucuañe,0.162,0.108,0.081,0.108,0.081,0.054,0.054,0,0,0,0,0,0,0
20120,Oaxaca,San Bartolomé Zoogocho,0.209,0.163,0.163,0.14,0.116,0.046,0,0,0,0,0,0,0,0
20121,Oaxaca,San Bartolo Soyaltepec,0.173,0.133,0.16,0.133,0.093,0.093,0.027,0,0,0,0,0,0,0
20122,Oaxaca,San Bartolo Yautepec,0.03,0.03,0.089,0.02,0.03,0,0.01,0,0,0,0,0,0,0
20123,Oaxaca,San Bernardo Mixtepec,0.107,0.078,0.097,0.055,0.081,0.049,0.029,0,0,0,0,0,0,0
20124,Oaxaca,Heroica Villa de San Blas Atempa,0.254,0.192,0.201,0.146,0.155,0.119,0.131,1,1,1,1,1,1,1
20125,Oaxaca,San Carlos Yautepec,0.195,0.174,0.165,0.141,0.147,0.1,0.077,1,1,0,1,1,0,0
20126,Oaxaca,San Cristóbal Amatlán,0.114,0.075,0.086,0.041,0.077,0.032,0.028,0,0,0,0,0,0,0
20127,Oaxaca,San Cristóbal Amoltepec,0.035,0.035,0.028,0.021,0.028,0.007,0,0,0,0,0,0,0,0
20128,Oaxaca,San Cristóbal Lachirioag,0.219,0.213,0.2,0.136,0.148,0.11,0.026,0,0,0,0,0,0,0
20129,Oaxaca,San Cristóbal Suchixtlahuaca,0.286,0.214,0.229,0.143,0.114,0.071,0.071,0,0,0,0,0,0,0
20130,Oaxaca,San Dionisio del Mar,0.203,0.172,0.177,0.113,0.112,0.086,0.092,1,1,1,1,0,0,0
20131,Oaxaca,San Dionisio Ocotepec,0.079,0.071,0.068,0.046,0.043,0.039,0.018,1,0,0,0,0,0,0
20132,Oaxaca,San Dionisio Ocotlán,0.389,0.254,0.317,0.23,0.26,0.144,0.141,1,0,1,0,1,0,0
20133,Oaxaca,San Esteban Atatlahuca,0.13,0.09,0.117,0.062,0.109,0.038,0.03,0,0,0,0,0,0,0
20134,Oaxaca,San Felipe Jalapa de Díaz,0.188,0.12,0.128,0.086,0.103,0.065,0.054,1,1,1,1,1,1,1
20135,Oaxaca,San Felipe Tejalápam,0.24,0.15,0.159,0.133,0.115,0.079,0.087,1,1,1,1,1,1,1
20136,Oaxaca,San Felipe Usila,0.33,0.282,0.304,0.142,0.202,0.143,0.051,1,1,1,0,1,0,0
20137,Oaxaca,San Francisco Cahuacuá,0.192,0.144,0.184,0.088,0.136,0.104,0.08,0,0,0,0,0,0,0
20138,Oaxaca,San Francisco Cajonos,0.119,0.102,0.085,0.034,0.051,0.034,0.017,0,0,0,0,0,0,0
20139,Oaxaca,San Francisco Chapulapa,0.122,0.068,0.088,0.074,0.04,0.04,0.04,0,0,0,0,0,0,0
20141,Oaxaca,San Francisco del Mar,0.233,0.189,0.201,0.154,0.163,0.119,0.095,1,1,1,1,1,1,0
20142,Oaxaca,San Francisco Huehuetlán,0.117,0.106,0.085,0.085,0.043,0.085,0.043,0,0,0,0,0,0,0
20143,Oaxaca,San Francisco Ixhuatán,0.349,0.304,0.294,0.248,0.234,0.228,0.139,1,1,1,1,1,1,1
20144,Oaxaca,San Francisco Jaltepetongo,0.077,0.069,0.069,0.038,0.054,0.023,0.015,0,0,0,0,0,0,0
20145,Oaxaca,San Francisco Lachigoló,0.536,0.458,0.451,0.382,0.361,0.317,0.19,1,1,1,1,1,1,1
20146,Oaxaca,San Francisco Logueche,0.038,0.023,0.023,0.01,0.007,0.013,0.01,0,0,0,0,0,0,0
20147,Oaxaca,San Francisco Nuxaño,0.061,0.02,0.02,0.041,0.041,0.02,0,0,0,0,0,0,0,0
20148,Oaxaca,San Francisco Ozolotepec,0.102,0.056,0.102,0.065,0.056,0.028,0.037,0,0,0,0,0,0,0
20149,Oaxaca,San Francisco Sola,0.21,0.156,0.122,0.115,0.081,0.054,0.041,0,0,0,0,0,0,0
20150,Oaxaca,San Francisco Telixtlahuaca,0.326,0.256,0.282,0.219,0.231,0.164,0.145,1,1,1,1,1,1,1
20151,Oaxaca,San Francisco Teopan,0.143,0.143,0.143,0.143,0.071,0.071,0.071,0,0,0,0,0,0,0
20152,Oaxaca,San Francisco Tlapancingo,0.057,0.057,0.024,0.032,0.032,0.041,0.024,0,0,0,0,0,0,0
20153,Oaxaca,San Gabriel Mixtepec,0.263,0.206,0.201,0.177,0.174,0.156,0.128,1,1,1,1,1,1,1
20154,Oaxaca,San Ildefonso Amatlán,0.06,0.056,0.046,0.032,0.037,0.014,0.009,0,0,0,0,0,0,0
20155,Oaxaca,San Ildefonso Sola,0.098,0.08,0.08,0.024,0.043,0.037,0.037,0,0,0,0,0,0,0
20156,Oaxaca,San Ildefonso Villa Alta,0.449,0.372,0.396,0.298,0.291,0.27,0.179,1,1,1,1,1,1,1
20157,Oaxaca,San Jacinto Amilpas,0.638,0.565,0.556,0.495,0.467,0.427,0.318,1,1,1,1,1,1,1
20158,Oaxaca,San Jacinto Tlacotepec,0.225,0.148,0.162,0.12,0.134,0.113,0.07,0,0,0,0,0,0,0
20159,Oaxaca,San Jerónimo Coatlán,0.158,0.131,0.161,0.098,0.086,0.051,0.03,0,0,0,0,0,0,0
20160,Oaxaca,San Jerónimo Silacayoapilla,0.193,0.105,0.074,0.061,0.044,0.03,0.04,1,0,0,0,0,0,0
20161,Oaxaca,San Jerónimo Sosola,0.173,0.091,0.118,0.091,0.082,0.052,0.027,0,0,0,0,0,0,0
20162,Oaxaca,San Jerónimo Taviche,0.1,0.054,0.042,0.056,0.042,0.02,0.02,0,0,0,0,0,0,0
20163,Oaxaca,San Jerónimo Tecóatl,0.168,0.129,0.157,0.105,0.108,0.073,0.046,0,0,0,0,0,0,0
20164,Oaxaca,San Jorge Nuchita,0.065,0.032,0.029,0.021,0.015,0.012,0.015,0,0,0,0,0,0,0
20165,Oaxaca,San José Ayuquila,0.106,0.078,0.099,0.05,0.064,0.032,0.05,0,0,0,0,0,0,0
20166,Oaxaca,San José Chiltepec,0.374,0.278,0.305,0.259,0.262,0.241,0.174,1,1,1,1,1,1,1
20167,Oaxaca,San José del Peñasco,0.083,0.032,0.051,0.051,0.037,0.014,0.009,0,0,0,0,0,0,0
20168,Oaxaca,San José Estancia Grande,0.288,0.173,0.164,0.154,0.115,0.067,0.048,0,0,0,0,0,0,0
20169,Oaxaca,San José Independencia,0.22,0.175,0.181,0.142,0.142,0.071,0.059,0,0,0,0,0,0,0
20170,Oaxaca,San José Lachiguiri,0.079,0.039,0.062,0.042,0.042,0.008,0.036,0,0,0,0,0,0,0
20171,Oaxaca,San José Tenango,0.157,0.097,0.117,0.074,0.074,0.055,0.036,1,0,1,1,0,0,0
20172,Oaxaca,San Juan Achiutla,0.328,0.164,0.254,0.134,0.104,0.104,0.015,0,0,0,0,0,0,0
20173,Oaxaca,San Juan Atepec,0.133,0.115,0.188,0.121,0.073,0.091,0.042,0,0,0,0,0,0,0
20174,Oaxaca,Ánimas Trujano,0.663,0.605,0.617,0.54,0.446,0.332,0.411,1,1,1,1,1,1,1
20175,Oaxaca,San Juan Bautista Atatlahuca,0.047,0.047,0.059,0.035,0.024,0.024,0,0,0,0,0,0,0,0
20176,Oaxaca,San Juan Bautista Coixtlahuaca,0.238,0.215,0.219,0.168,0.17,0.098,0.092,1,1,1,1,1,0,1
20177,Oaxaca,San Juan Bautista Cuicatlán,0.314,0.235,0.244,0.187,0.19,0.147,0.092,1,1,1,1,1,1,1
20178,Oaxaca,San Juan Bautista Guelache,0.546,0.49,0.498,0.436,0.433,0.401,0.336,1,1,1,1,1,1,1
20179,Oaxaca,San Juan Bautista Jayacatlán,0.022,0.007,0.015,0,0.007,0.007,0,0,0,0,0,0,0,0
20180,Oaxaca,San Juan Bautista Lo de Soto,0.286,0.214,0.225,0.192,0.178,0.086,0.028,1,1,1,1,1,0,0
20181,Oaxaca,San Juan Bautista Suchitepec,0.159,0.068,0.091,0.091,0.068,0.068,0.068,0,0,0,0,0,0,0
20182,Oaxaca,San Juan Bautista Tlacoatzintepec,0.268,0.237,0.237,0.103,0.103,0.072,0.052,0,0,0,0,0,0,0
20183,Oaxaca,San Juan Bautista Tlachichilco,0.122,0.115,0.103,0.103,0.064,0.051,0.013,0,0,0,0,0,0,0
20184,Oaxaca,San Juan Bautista Tuxtepec,0.542,0.465,0.496,0.428,0.434,0.41,0.342,1,1,1,1,1,1,1
20185,Oaxaca,San Juan Cacahuatepec,0.421,0.387,0.39,0.271,0.228,0.209,0.118,1,1,1,1,1,1,1
20186,Oaxaca,San Juan Cieneguilla,0.15,0.15,0.167,0.117,0.133,0.1,0.05,0,0,0,0,0,0,0
20187,Oaxaca,San Juan Coatzóspam,0.137,0.086,0.107,0.073,0.086,0.026,0.013,0,0,0,0,0,0,0
20188,Oaxaca,San Juan Colorado,0.156,0.132,0.133,0.099,0.098,0.065,0.031,1,1,1,1,1,0,0
20189,Oaxaca,San Juan Comaltepec,0.088,0.068,0.081,0.054,0.068,0.047,0.034,0,0,0,0,0,0,0
20190,Oaxaca,San Juan Cotzocón,0.189,0.131,0.13,0.1,0.079,0.076,0.037,1,1,1,1,1,1,0
20191,Oaxaca,San Juan Chicomezúchil,0.269,0.212,0.25,0.077,0.154,0.096,0.077,0,0,0,0,0,0,0
20192,Oaxaca,San Juan Chilateca,0.52,0.465,0.478,0.412,0.388,0.345,0.215,1,1,1,1,1,1,1
20193,Oaxaca,San Juan del Estado,0.285,0.227,0.243,0.216,0.186,0.136,0.153,1,1,1,1,1,1,1
20194,Oaxaca,San Juan del Río,0.049,0.022,0.049,0.022,0.027,0,0,0,0,0,0,0,0,0
20195,Oaxaca,San Juan Diuxi,0.077,0.026,0.038,0.038,0.038,0,0.026,0,0,0,0,0,0,0
20196,Oaxaca,San Juan Evangelista Analco,0.174,0.13,0.159,0.116,0.159,0.174,0.072,0,0,0,0,0,0,0
20197,Oaxaca,San Juan Guelavía,0.141,0.109,0.117,0.081,0.07,0.046,0.032,1,1,1,1,1,0,0
20198,Oaxaca,San Juan Guichicovi,0.262,0.195,0.194,0.141,0.123,0.109,0.07,1,1,1,1,1,1,1
20199,Oaxaca,San Juan Ihualtepec,0.125,0.125,0.125,0.083,0.083,0.042,0.042,0,0,0,0,0,0,0
20200,Oaxaca,San Juan Juquila Mixes,0.159,0.09,0.164,0.1,0.131,0.051,0.069,0,0,0,0,0,0,0
20201,Oaxaca,San Juan Juquila Vijanos,0.081,0.073,0.064,0.043,0.048,0.03,0.013,0,0,0,0,0,0,0
20202,Oaxaca,San Juan Lachao,0.17,0.096,0.085,0.062,0.052,0.04,0.029,1,0,0,0,0,0,0
20203,Oaxaca,San Juan Lachigalla,0.039,0.019,0.052,0.013,0.019,0.006,0.019,0,0,0,0,0,0,0
20204,Oaxaca,San Juan Lajarcia,0.3,0.267,0.267,0.167,0.267,0.133,0.1,0,0,0,0,0,0,0
20205,Oaxaca,San Juan Lalana,0.111,0.068,0.074,0.04,0.049,0.029,0.01,1,0,0,0,0,0,0
20206,Oaxaca,San Juan de los Cués,0.178,0.136,0.139,0.11,0.115,0.092,0.05,1,0,0,0,0,0,0
20207,Oaxaca,San Juan Mazatlán,0.068,0.042,0.048,0.035,0.039,0.022,0.026,1,0,0,0,0,0,0
20208,Oaxaca,San Juan Mixtepec,0.134,0.118,0.113,0.045,0.082,0.037,0.043,0,0,0,0,0,0,0
20209,Oaxaca,San Juan Mixtepec,0.019,0,0.038,0,0,0,0,0,0,0,0,0,0,0
20210,Oaxaca,San Juan Ñumí,0.131,0.078,0.126,0.054,0.051,0.029,0.027,0,0,0,0,0,0,0
20211,Oaxaca,San Juan Ozolotepec,0.08,0.126,0.113,0.113,0.053,0.04,0.02,0,0,0,0,0,0,0
20212,Oaxaca,San Juan Petlapa,0.238,0.155,0.179,0.06,0.071,0.048,0.071,0,0,0,0,0,0,0
20213,Oaxaca,San Juan Quiahije,0.298,0.086,0.111,0.082,0.067,0.024,0.058,0,0,0,0,0,0,0
20214,Oaxaca,San Juan Quiotepec,0.113,0.113,0.084,0.063,0.049,0.035,0.014,0,0,0,0,0,0,0
20215,Oaxaca,San Juan Sayultepec,0.364,0.301,0.335,0.283,0.254,0.231,0.11,1,1,1,1,0,0,0
20216,Oaxaca,San Juan Tabaá,0.156,0.122,0.122,0.087,0.078,0.061,0.035,0,0,0,0,0,0,0
20217,Oaxaca,San Juan Tamazola,0.098,0.086,0.086,0.055,0.068,0.037,0.031,0,0,0,0,0,0,0
20218,Oaxaca,San Juan Teita,0.038,0.038,0.038,0.038,0.038,0,0.038,0,0,0,0,0,0,0
20219,Oaxaca,San Juan Teitipac,0.137,0.101,0.109,0.092,0.071,0.056,0.058,0,0,0,0,0,0,0
20220,Oaxaca,San Juan Tepeuxila,0.042,0.016,0.042,0.021,0.01,0.005,0.005,0,0,0,0,0,0,0
20221,Oaxaca,San Juan Teposcolula,0.186,0.182,0.186,0.169,0.149,0.132,0.078,0,0,0,0,0,0,0
20222,Oaxaca,San Juan Yaeé,0.106,0.097,0.115,0.071,0.106,0.026,0.035,0,0,0,0,0,0,0
20223,Oaxaca,San Juan Yatzona,1,0.667,1,0.333,0,0,0,0,0,0,0,0,0,0
20224,Oaxaca,San Juan Yucuita,0.328,0.312,0.28,0.248,0.224,0.136,0.12,0,1,0,0,0,0,0
20225,Oaxaca,San Lorenzo,0.139,0.106,0.124,0.074,0.064,0.058,0.02,0,0,0,0,0,0,0
20226,Oaxaca,San Lorenzo Albarradas,0.125,0.058,0.09,0.072,0.065,0.049,0.018,1,0,0,0,0,0,0
20227,Oaxaca,San Lorenzo Cacaotepec,0.563,0.494,0.491,0.43,0.402,0.368,0.305,1,1,1,1,1,1,1
20228,Oaxaca,San Lorenzo Cuaunecuiltitla,0.049,0.049,0.037,0.037,0.049,0,0.012,0,0,0,0,0,0,0
20229,Oaxaca,San Lorenzo Texmelúcan,0.034,0.044,0.047,0.021,0.021,0.008,0.01,0,0,0,0,0,0,0
20230,Oaxaca,San Lorenzo Victoria,0.024,0.008,0.008,0.008,0.016,0.008,0,0,0,0,0,0,0,0
20231,Oaxaca,San Lucas Camotlán,0.106,0.036,0.115,0.015,0.063,0.003,0.003,0,0,0,0,0,0,0
20232,Oaxaca,San Lucas Ojitlán,0.267,0.17,0.177,0.128,0.146,0.105,0.075,1,1,1,1,1,1,0
20233,Oaxaca,San Lucas Quiaviní,0.076,0.03,0.03,0.036,0.02,0.007,0.013,0,0,0,0,0,0,0
20234,Oaxaca,San Lucas Zoquiápam,0.107,0.085,0.087,0.037,0.057,0.025,0.026,1,0,0,0,0,0,0
20235,Oaxaca,San Luis Amatlán,0.088,0.08,0.07,0.064,0.044,0.026,0.028,0,0,0,0,0,0,0
20236,Oaxaca,San Marcial Ozolotepec,0.02,0.013,0.02,0.013,0.02,0.006,0.013,0,0,0,0,0,0,0
20237,Oaxaca,San Marcos Arteaga,0.124,0.053,0.038,0.034,0.023,0.026,0.034,0,0,0,0,0,0,0
20238,Oaxaca,Heroico San Martín de los Cansecos,0.343,0.202,0.258,0.185,0.152,0.112,0.101,1,0,1,0,0,0,0
20239,Oaxaca,San Martín Huamelúlpam,0.262,0.246,0.262,0.2,0.138,0.138,0.069,0,0,0,0,0,0,0
20240,Oaxaca,San Martín Itunyoso,0.137,0.111,0.128,0.017,0.03,0.017,0.047,0,0,0,0,0,0,0
20241,Oaxaca,San Martín Lachilá,0.175,0.155,0.146,0.126,0.107,0.068,0.048,0,0,0,0,0,0,0
20242,Oaxaca,San Martín Peras,0.078,0.053,0.05,0.043,0.046,0.035,0.032,0,0,0,0,0,0,0
20243,Oaxaca,San Martín Tilcajete,0.207,0.194,0.194,0.168,0.152,0.109,0.093,1,1,1,1,1,0,0
20244,Oaxaca,San Martín Toxpalan,0.207,0.177,0.176,0.156,0.139,0.121,0.082,1,0,0,0,0,0,0
20245,Oaxaca,San Martín Zacatepec,0.107,0.054,0.094,0.04,0.08,0.02,0.034,0,0,0,0,0,0,0
20246,Oaxaca,San Mateo Cajonos,0.018,0.018,0.018,0.018,0,0.018,0,0,0,0,0,0,0,0
20247,Oaxaca,Capulálpam de Méndez,0.57,0.499,0.504,0.418,0.423,0.286,0.174,1,1,1,1,1,1,1
20248,Oaxaca,San Mateo del Mar,0.186,0.133,0.159,0.105,0.1,0.064,0.054,1,1,1,1,1,1,1
20249,Oaxaca,San Mateo Yoloxochitlán,0.183,0.13,0.154,0.096,0.14,0.078,0.045,1,0,0,0,0,0,0
20250,Oaxaca,San Mateo Etlatongo,0.269,0.215,0.242,0.204,0.208,0.112,0.123,0,1,1,0,0,0,0
20251,Oaxaca,San Mateo Nejápam,0.034,0,0.034,0.069,0.034,0,0,0,0,0,0,0,0,0
20252,Oaxaca,San Mateo Peñasco,0.223,0.18,0.216,0.146,0.161,0.103,0.059,0,0,0,0,0,0,0
20253,Oaxaca,San Mateo Piñas,0.06,0.034,0.047,0.026,0.017,0.013,0,0,0,0,0,0,0,0
20254,Oaxaca,San Mateo Río Hondo,0.142,0.096,0.075,0.079,0.06,0.046,0.037,1,0,0,0,0,0,0
20255,Oaxaca,San Mateo Sindihui,0.069,0.049,0.064,0.049,0.059,0.054,0.01,0,0,0,0,0,0,0
20256,Oaxaca,San Mateo Tlapiltepec,0,0,0,0,0,0,0,0,0,0,0,0,0,0
20257,Oaxaca,San Melchor Betaza,0.021,0.013,0.013,0.008,0.008,0.008,0,0,0,0,0,0,0,0
20258,Oaxaca,San Miguel Achiutla,0.171,0.086,0.095,0.057,0.067,0.038,0.048,0,0,0,0,0,0,0
20259,Oaxaca,San Miguel Ahuehuetitlán,0.105,0.037,0.074,0.043,0.025,0.025,0.018,0,0,0,0,0,0,0
20260,Oaxaca,San Miguel Aloápam,0.032,0.019,0.057,0.032,0.051,0.013,0.013,0,0,0,0,0,0,0
20261,Oaxaca,San Miguel Amatitlán,0.051,0.042,0.051,0.044,0.035,0.026,0.025,0,0,0,0,0,0,0
20262,Oaxaca,San Miguel Amatlán,0.07,0.061,0.088,0.026,0.061,0.026,0.061,0,0,0,0,0,0,0
20263,Oaxaca,San Miguel Coatlán,0.125,0.075,0.067,0.046,0.041,0.02,0.023,0,0,0,0,0,0,0
20264,Oaxaca,San Miguel Chicahua,0.111,0.079,0.09,0.069,0.069,0.042,0.026,0,0,0,0,0,0,0
20265,Oaxaca,San Miguel Chimalapa,0.22,0.163,0.188,0.138,0.139,0.079,0.06,1,1,1,0,0,0,0
20266,Oaxaca,San Miguel del Puerto,0.318,0.258,0.259,0.208,0.187,0.154,0.147,1,1,1,1,1,1,1
20267,Oaxaca,San Miguel del Río,0.053,0.105,0.053,0.079,0.026,0,0,0,0,0,0,0,0,0
20268,Oaxaca,San Miguel Ejutla,0.228,0.193,0.149,0.114,0.127,0.088,0.101,0,0,0,0,0,0,0
20269,Oaxaca,San Miguel el Grande,0.383,0.319,0.35,0.2,0.245,0.127,0.14,1,1,1,1,1,0,0
20270,Oaxaca,San Miguel Huautla,0.19,0.167,0.19,0.143,0.143,0.119,0.048,0,0,0,0,0,0,0
20271,Oaxaca,San Miguel Mixtepec,0.093,0.066,0.08,0.026,0.049,0.009,0.026,0,0,0,0,0,0,0
20272,Oaxaca,San Miguel Panixtlahuaca,0.131,0.116,0.118,0.082,0.086,0.034,0.025,0,0,0,0,0,0,0
20273,Oaxaca,San Miguel Peras,0.09,0.08,0.08,0.07,0.045,0.05,0.025,0,0,0,0,0,0,0
20274,Oaxaca,San Miguel Piedras,0.143,0.041,0.122,0.061,0.061,0.061,0,0,0,0,0,0,0,0
20275,Oaxaca,San Miguel Quetzaltepec,0.146,0.106,0.125,0.047,0.062,0.023,0.025,1,0,0,0,0,0,0
20276,Oaxaca,San Miguel Santa Flor,0.027,0.027,0.027,0.014,0,0.014,0.014,0,0,0,0,0,0,0
20277,Oaxaca,Villa Sola de Vega,0.189,0.134,0.133,0.099,0.099,0.049,0.034,1,1,1,0,1,0,0
20278,Oaxaca,San Miguel Soyaltepec,0.272,0.215,0.264,0.186,0.208,0.164,0.085,1,1,1,1,1,1,1
20279,Oaxaca,San Miguel Suchixtepec,0.102,0.095,0.089,0.071,0.056,0.05,0.006,1,0,0,0,0,0,0
20280,Oaxaca,Villa Talea de Castro,0.15,0.114,0.128,0.118,0.098,0.098,0.039,0,0,0,0,0,0,0
20281,Oaxaca,San Miguel Tecomatlán,0.231,0.192,0.154,0.173,0.173,0.115,0.096,0,0,0,0,0,0,0
20282,Oaxaca,San Miguel Tenango,0.392,0.392,0.392,0.372,0.333,0.294,0.098,0,0,0,0,0,0,0
20283,Oaxaca,San Miguel Tequixtepec,0.206,0.168,0.153,0.134,0.163,0.115,0.168,0,0,0,0,0,0,0
20284,Oaxaca,San Miguel Tilquiápam,0.056,0.012,0.02,0.008,0.004,0.004,0.012,0,0,0,0,0,0,0
20285,Oaxaca,San Miguel Tlacamama,0.228,0.173,0.181,0.146,0.124,0.104,0.089,1,1,1,1,1,1,1
20286,Oaxaca,San Miguel Tlacotepec,0.165,0.13,0.148,0.105,0.109,0.084,0.048,1,0,1,0,0,0,0
20287,Oaxaca,San Miguel Tulancingo,0.105,0.105,0.105,0.105,0.105,0.105,0.088,0,0,0,0,0,0,0
20288,Oaxaca,San Miguel Yotao,0.014,0.009,0.018,0.004,0.004,0,0,0,0,0,0,0,0,0
20289,Oaxaca,San Nicolás,0.101,0.028,0.034,0.011,0.017,0.011,0.006,0,0,0,0,0,0,0
20290,Oaxaca,San Nicolás Hidalgo,0.131,0.095,0.119,0.048,0.107,0.036,0.048,0,0,0,0,0,0,0
20291,Oaxaca,San Pablo Coatlán,0.145,0.089,0.126,0.089,0.077,0.071,0.043,0,0,0,0,0,0,0
20292,Oaxaca,San Pablo Cuatro Venados,0.14,0.07,0.105,0.018,0.035,0.018,0.018,0,0,0,0,0,0,0
20293,Oaxaca,San Pablo Etla,0.639,0.579,0.584,0.511,0.478,0.438,0.317,1,1,1,1,1,1,1
20294,Oaxaca,San Pablo Huitzo,0.494,0.386,0.414,0.319,0.329,0.233,0.199,1,1,1,1,1,1,1
20295,Oaxaca,San Pablo Huixtepec,0.351,0.285,0.317,0.259,0.24,0.196,0.133,1,1,1,1,1,1,1
20296,Oaxaca,San Pablo Macuiltianguis,0.098,0.098,0.108,0.069,0.059,0.088,0.059,0,0,0,0,0,0,0
20297,Oaxaca,San Pablo Tijaltepec,0.147,0.096,0.147,0.081,0.088,0.066,0.081,0,0,0,0,0,0,0
20298,Oaxaca,San Pablo Villa de Mitla,0.162,0.115,0.115,0.096,0.088,0.065,0.056,1,1,1,1,1,1,1
20299,Oaxaca,San Pablo Yaganiza,0.078,0.054,0.078,0.054,0.048,0.036,0.012,0,0,0,0,0,0,0
20300,Oaxaca,San Pedro Amuzgos,0.25,0.213,0.221,0.134,0.101,0.051,0.043,1,1,1,1,0,0,0
20301,Oaxaca,San Pedro Apóstol,0.26,0.173,0.213,0.157,0.133,0.093,0.07,1,0,1,0,0,0,0
20302,Oaxaca,San Pedro Atoyac,0.091,0.077,0.079,0.05,0.033,0.015,0.012,0,0,0,0,0,0,0
20303,Oaxaca,San Pedro Cajonos,0.092,0.092,0.085,0.046,0.069,0.038,0.038,0,0,0,0,0,0,0
20304,Oaxaca,San Pedro Coxcaltepec Cántaros,0.092,0.058,0.092,0.046,0.058,0.034,0,0,0,0,0,0,0,0
20305,Oaxaca,San Pedro Comitancillo,0.618,0.569,0.571,0.537,0.517,0.508,0.345,1,1,1,1,1,1,1
20306,Oaxaca,San Pedro el Alto,0.076,0.051,0.071,0.04,0.04,0.023,0.01,0,0,0,0,0,0,0
20307,Oaxaca,San Pedro Huamelula,0.408,0.32,0.41,0.31,0.34,0.222,0.177,1,1,1,1,1,1,1
20308,Oaxaca,San Pedro Huilotepec,0.563,0.487,0.536,0.437,0.43,0.365,0.293,1,1,1,1,1,1,1
20309,Oaxaca,San Pedro Ixcatlán,0.282,0.184,0.218,0.147,0.147,0.127,0.068,1,1,1,1,1,0,0
20310,Oaxaca,San Pedro Ixtlahuaca,0.33,0.245,0.244,0.203,0.182,0.148,0.153,1,1,1,1,1,1,1
20311,Oaxaca,San Pedro Jaltepetongo,0.044,0.044,0.022,0.022,0.022,0.022,0,0,0,0,0,0,0,0
20312,Oaxaca,San Pedro Jicayán,0.215,0.172,0.184,0.121,0.126,0.083,0.073,1,0,0,0,0,0,0
20313,Oaxaca,San Pedro Jocotipac,0.235,0.176,0.294,0.137,0.157,0.098,0.039,0,0,0,0,0,0,0
20314,Oaxaca,San Pedro Juchatengo,0.155,0.143,0.122,0.074,0.122,0.094,0.078,0,0,0,0,0,0,0
20315,Oaxaca,San Pedro Mártir,0.075,0.064,0.075,0.06,0.068,0.056,0.052,0,0,0,0,0,0,0
20316,Oaxaca,San Pedro Mártir Quiechapa,0.073,0.091,0.054,0.091,0.091,0.054,0,0,0,0,0,0,0,0
20317,Oaxaca,San Pedro Mártir Yucuxaco,0.131,0.098,0.098,0.085,0.059,0.052,0.052,0,0,0,0,0,0,0
20318,Oaxaca,San Pedro Mixtepec,0.443,0.342,0.295,0.276,0.246,0.202,0.163,1,1,1,1,1,1,1
20319,Oaxaca,San Pedro Mixtepec,0.096,0.11,0.11,0.055,0.096,0.027,0.068,0,0,0,0,0,0,0
20320,Oaxaca,San Pedro Molinos,0.308,0.264,0.308,0.165,0.198,0.165,0.055,0,0,0,0,0,0,0
20321,Oaxaca,San Pedro Nopala,0.067,0.033,0,0.033,0.033,0,0.067,0,0,0,0,0,0,0
20322,Oaxaca,San Pedro Ocopetatillo,0.066,0.055,0.066,0.044,0.055,0.022,0.022,0,0,0,0,0,0,0
20323,Oaxaca,San Pedro Ocotepec,0.103,0.084,0.075,0.084,0.065,0.037,0.028,0,0,0,0,0,0,0
20324,Oaxaca,San Pedro Pochutla,0.328,0.238,0.214,0.192,0.162,0.125,0.101,1,1,1,1,1,1,1
20325,Oaxaca,San Pedro Quiatoni,0.05,0.034,0.03,0.023,0.017,0.013,0.012,1,0,0,0,0,0,0
20326,Oaxaca,San Pedro Sochiápam,0.132,0.11,0.055,0.037,0.058,0.024,0.012,0,0,0,0,0,0,0
20327,Oaxaca,San Pedro Tapanatepec,0.249,0.175,0.18,0.146,0.155,0.101,0.093,1,1,1,1,1,1,1
20328,Oaxaca,San Pedro Taviche,0.056,0.056,0,0,0,0.167,0,0,0,0,0,0,0,0
20329,Oaxaca,San Pedro Teozacoalco,0.085,0.064,0.096,0.074,0.053,0.074,0.011,0,0,0,0,0,0,0
20330,Oaxaca,San Pedro Teutila,0.088,0.073,0.094,0.043,0.054,0.021,0.011,0,0,0,0,0,0,0
20331,Oaxaca,San Pedro Tidaá,0.149,0.114,0.149,0.088,0.123,0.053,0.026,0,0,0,0,0,0,0
20332,Oaxaca,San Pedro Topiltepec,0.111,0.089,0.089,0.089,0.067,0.067,0.044,0,0,0,0,0,0,0
20333,Oaxaca,San Pedro Totolápam,0.362,0.308,0.323,0.274,0.256,0.204,0.182,1,1,1,1,1,1,1
20334,Oaxaca,Villa de Tututepec,0.219,0.159,0.154,0.141,0.122,0.101,0.07,1,1,1,1,1,1,1
20335,Oaxaca,San Pedro Yaneri,0.256,0.233,0.233,0.233,0.233,0.233,0.023,0,0,0,0,0,0,0
20336,Oaxaca,San Pedro Yólox,0.171,0.11,0.134,0.11,0.085,0.049,0.024,0,0,0,0,0,0,0
20337,Oaxaca,San Pedro y San Pablo Ayutla,0.217,0.15,0.133,0.12,0.108,0.094,0.064,1,1,1,0,0,0,0
20338,Oaxaca,Villa de Etla,0.545,0.493,0.495,0.452,0.439,0.417,0.292,1,1,1,1,1,1,1
20339,Oaxaca,San Pedro y San Pablo Teposcolula,0.367,0.317,0.346,0.288,0.265,0.219,0.13,1,1,1,1,1,1,0
20340,Oaxaca,San Pedro y San Pablo Tequixtepec,0.107,0.077,0.096,0.077,0.073,0.054,0.038,0,0,0,0,0,0,0
20341,Oaxaca,San Pedro Yucunama,0.073,0.049,0.073,0.024,0.049,0.073,0,0,0,0,0,0,0,0
20342,Oaxaca,San Raymundo Jalpan,0.647,0.613,0.586,0.512,0.49,0.456,0.312,1,1,1,1,1,1,1
20343,Oaxaca,San Sebastián Abasolo,0.286,0.179,0.184,0.155,0.141,0.096,0.074,1,1,1,1,0,0,0
20344,Oaxaca,San Sebastián Coatlán,0.126,0.1,0.153,0.11,0.105,0.053,0.032,0,0,0,0,0,0,0
20345,Oaxaca,San Sebastián Ixcapa,0.33,0.271,0.285,0.242,0.137,0.175,0.074,1,1,1,1,1,1,0
20346,Oaxaca,San Sebastián Nicananduta,0.067,0.033,0.092,0.033,0.025,0.008,0.017,0,0,0,0,0,0,0
20347,Oaxaca,San Sebastián Río Hondo,0.096,0.07,0.084,0.053,0.045,0.033,0.027,0,0,0,0,0,0,0
20348,Oaxaca,San Sebastián Tecomaxtlahuaca,0.256,0.199,0.193,0.154,0.144,0.11,0.066,1,1,1,1,1,1,1
20349,Oaxaca,San Sebastián Teitipac,0.331,0.269,0.233,0.199,0.134,0.114,0.11,1,1,1,1,1,1,1
20350,Oaxaca,San Sebastián Tutla,0.731,0.687,0.655,0.607,0.537,0.475,0.339,1,1,1,1,1,1,1
20351,Oaxaca,San Simón Almolongas,0.056,0.016,0.028,0.021,0.012,0.014,0.005,0,0,0,0,0,0,0
20352,Oaxaca,San Simón Zahuatlán,0.036,0.018,0.027,0.004,0.004,0,0.004,0,0,0,0,0,0,0
20353,Oaxaca,Santa Ana,0.087,0.051,0.062,0.039,0.051,0.021,0.008,0,0,0,0,0,0,0
20354,Oaxaca,Santa Ana Ateixtlahuaca,0.107,0.107,0.107,0.036,0.107,0.071,0,0,0,0,0,0,0,0
20355,Oaxaca,Santa Ana Cuauhtémoc,0.071,0.029,0.071,0.043,0.029,0.014,0.014,0,0,0,0,0,0,0
20356,Oaxaca,Santa Ana del Valle,0.125,0.077,0.092,0.054,0.051,0.041,0.038,0,0,0,0,0,0,0
20357,Oaxaca,Santa Ana Tavela,0.179,0.143,0.179,0.161,0.125,0.107,0.018,0,0,0,0,0,0,0
20358,Oaxaca,Santa Ana Tlapacoyan,0.139,0.13,0.112,0.106,0.085,0.07,0.048,0,0,0,0,0,0,0
20359,Oaxaca,Santa Ana Yareni,0.03,0,0,0,0,0,0,0,0,0,0,0,0,0
20360,Oaxaca,Santa Ana Zegache,0.293,0.232,0.218,0.197,0.146,0.105,0.09,1,1,1,1,1,1,1
20361,Oaxaca,Santa Catalina Quierí,0.03,0.01,0.059,0.01,0.04,0,0,0,0,0,0,0,0,0
20362,Oaxaca,Santa Catarina Cuixtla,0.19,0.14,0.132,0.132,0.106,0.07,0.053,1,1,0,1,0,0,0
20363,Oaxaca,Santa Catarina Ixtepeji,0.257,0.175,0.186,0.148,0.104,0.093,0.073,1,0,1,0,0,0,0
20364,Oaxaca,Santa Catarina Juquila,0.136,0.102,0.085,0.069,0.061,0.05,0.035,1,1,0,0,0,0,0
20365,Oaxaca,Santa Catarina Lachatao,0.165,0.129,0.176,0.094,0.106,0.059,0.059,0,0,0,0,0,0,0
20366,Oaxaca,Santa Catarina Loxicha,0.107,0.071,0.059,0.034,0.04,0.02,0.017,1,1,0,0,0,0,0
20367,Oaxaca,Santa Catarina Mechoacán,0.207,0.157,0.156,0.123,0.099,0.073,0.045,1,1,1,1,0,0,0
20368,Oaxaca,Santa Catarina Minas,0.189,0.127,0.156,0.116,0.105,0.085,0.062,1,0,0,0,0,0,0
20369,Oaxaca,Santa Catarina Quiané,0.352,0.3,0.303,0.232,0.226,0.145,0.115,1,1,1,1,1,0,0
20370,Oaxaca,Santa Catarina Tayata,0.173,0.185,0.179,0.148,0.16,0.124,0.031,0,0,0,0,0,0,0
20371,Oaxaca,Santa Catarina Ticuá,0.168,0.16,0.137,0.084,0.092,0.061,0.03,0,0,0,0,0,0,0
20372,Oaxaca,Santa Catarina Yosonotú,0.112,0.056,0.112,0.067,0.079,0.011,0.011,0,0,0,0,0,0,0
20373,Oaxaca,Santa Catarina Zapoquila,0,0.025,0.05,0,0.025,0.025,0,0,0,0,0,0,0,0
20374,Oaxaca,Santa Cruz Acatepec,0.083,0.04,0.07,0.037,0.043,0.023,0.003,0,0,0,0,0,0,0
20375,Oaxaca,Santa Cruz Amilpas,0.558,0.491,0.479,0.432,0.402,0.366,0.26,1,1,1,1,1,1,1
20376,Oaxaca,Santa Cruz de Bravo,0.135,0.108,0.135,0.081,0.108,0.108,0,0,0,0,0,0,0,0
20377,Oaxaca,Santa Cruz Itundujia,0.116,0.098,0.09,0.064,0.069,0.032,0.025,1,1,1,0,1,0,0
20378,Oaxaca,Santa Cruz Mixtepec,0.183,0.144,0.149,0.122,0.119,0.092,0.064,1,1,1,1,0,0,0
20379,Oaxaca,Santa Cruz Nundaco,0.064,0.058,0.061,0.035,0.048,0.022,0.019,0,0,0,0,0,0,0
20380,Oaxaca,Santa Cruz Papalutla,0.184,0.143,0.129,0.11,0.081,0.064,0.072,1,0,1,1,0,0,0
20381,Oaxaca,Santa Cruz Tacache de Mina,0.201,0.161,0.161,0.139,0.127,0.099,0.068,1,1,1,1,0,0,0
20382,Oaxaca,Santa Cruz Tacahua,0.161,0.116,0.161,0.071,0.089,0.062,0.036,0,0,0,0,0,0,0
20383,Oaxaca,Santa Cruz Tayata,0.131,0.049,0.131,0.082,0.066,0.066,0.049,0,0,0,0,0,0,0
20384,Oaxaca,Santa Cruz Xitla,0.099,0.062,0.052,0.036,0.034,0.029,0.02,0,0,0,0,0,0,0
20385,Oaxaca,Santa Cruz Xoxocotlán,0.58,0.523,0.513,0.456,0.416,0.368,0.282,1,1,1,1,1,1,1
20386,Oaxaca,Santa Cruz Zenzontepec,0.154,0.128,0.137,0.092,0.075,0.052,0.04,1,1,1,0,1,0,0
20387,Oaxaca,Santa Gertrudis,0.247,0.198,0.226,0.167,0.15,0.154,0.149,1,1,1,0,0,0,0
20388,Oaxaca,Santa Inés del Monte,0.096,0.064,0.077,0.037,0.068,0.024,0.037,0,0,0,0,0,0,0
20389,Oaxaca,Santa Inés Yatzeche,0.114,0.073,0.146,0.089,0.049,0.057,0.065,0,0,0,0,0,0,0
20390,Oaxaca,Santa Lucía del Camino,0.624,0.559,0.541,0.507,0.463,0.438,0.306,1,1,1,1,1,1,1
20391,Oaxaca,Santa Lucía Miahuatlán,0.161,0.037,0.03,0.025,0.015,0.005,0.017,0,0,0,0,0,0,0
20392,Oaxaca,Santa Lucía Monteverde,0.077,0.058,0.068,0.03,0.032,0.01,0.02,0,0,0,0,0,0,0
20393,Oaxaca,Santa Lucía Ocotlán,0.064,0.032,0.038,0.032,0.017,0.017,0.015,0,0,0,0,0,0,0
20394,Oaxaca,Santa María Alotepec,0.249,0.234,0.315,0.124,0.136,0.105,0.058,1,1,0,0,0,0,0
20395,Oaxaca,Santa María Apazco,0.194,0.116,0.146,0.078,0.146,0.019,0.048,0,0,0,0,0,0,0
20396,Oaxaca,Santa María la Asunción,0.044,0.014,0.018,0.006,0.01,0.004,0.012,0,0,0,0,0,0,0
20397,Oaxaca,Heroica Ciudad de Tlaxiaco,0.349,0.301,0.284,0.238,0.221,0.178,0.133,1,1,1,1,1,1,1
20398,Oaxaca,Ayoquezco de Aldama,0.138,0.093,0.088,0.075,0.054,0.046,0.035,1,0,1,0,0,0,0
20399,Oaxaca,Santa María Atzompa,0.57,0.512,0.502,0.451,0.42,0.396,0.272,1,1,1,1,1,1,1
20400,Oaxaca,Santa María Camotlán,0.157,0.102,0.107,0.071,0.063,0.047,0.066,0,0,0,0,0,0,0
20401,Oaxaca,Santa María Colotepec,0.319,0.242,0.203,0.195,0.153,0.118,0.111,1,1,1,1,1,1,1
20402,Oaxaca,Santa María Cortijo,0.19,0.181,0.171,0.171,0.152,0.133,0.143,0,0,0,0,0,0,0
20403,Oaxaca,Santa María Coyotepec,0.563,0.487,0.455,0.414,0.338,0.269,0.264,1,1,1,1,1,1,1
20404,Oaxaca,Santa María Chachoápam,0.205,0.168,0.186,0.149,0.13,0.099,0.068,0,0,0,0,0,0,0
20405,Oaxaca,Villa de Chilapa de Díaz,0.293,0.208,0.186,0.178,0.156,0.09,0.211,1,1,1,1,0,0,1
20406,Oaxaca,Santa María Chilchotla,0.109,0.068,0.087,0.056,0.06,0.033,0.024,1,1,1,1,1,1,0
20408,Oaxaca,Santa María del Rosario,0.2,0.112,0.075,0.062,0.038,0.05,0.075,0,0,0,0,0,0,0
20409,Oaxaca,Santa María del Tule,0.665,0.597,0.594,0.54,0.506,0.478,0.324,1,1,1,1,1,1,1
20410,Oaxaca,Santa María Ecatepec,0.318,0.29,0.346,0.224,0.262,0.192,0.108,0,0,0,0,0,0,0
20411,Oaxaca,Santa María Guelacé,0.351,0.304,0.324,0.277,0.264,0.25,0.223,1,0,1,0,0,0,0
20412,Oaxaca,Santa María Guienagati,0.13,0.051,0.063,0.042,0.051,0.023,0.016,0,0,0,0,0,0,0
20413,Oaxaca,Santa María Huatulco,0.532,0.463,0.465,0.42,0.389,0.335,0.291,1,1,1,1,1,1,1
20414,Oaxaca,Santa María Huazolotitlán,0.201,0.134,0.136,0.095,0.085,0.062,0.054,1,1,1,1,1,1,1
20415,Oaxaca,Santa María Ipalapa,0.176,0.15,0.173,0.098,0.096,0.041,0.018,1,1,1,0,0,0,0
20416,Oaxaca,Santa María Ixcatlán,0.133,0.133,0.133,0.133,0.133,0.067,0.133,0,0,0,0,0,0,0
20417,Oaxaca,Santa María Jacatepec,0.236,0.176,0.186,0.159,0.138,0.099,0.097,1,1,1,1,1,1,1
20418,Oaxaca,Santa María Jalapa del Marqués,0.429,0.336,0.357,0.309,0.287,0.256,0.119,1,1,1,1,1,1,1
20419,Oaxaca,Santa María Jaltianguis,0.247,0.215,0.204,0.161,0.161,0.14,0.032,0,0,0,0,0,0,0
20420,Oaxaca,Santa María Lachixío,0.178,0.126,0.142,0.087,0.099,0.04,0.047,0,0,0,0,0,0,0
20421,Oaxaca,Santa María Mixtequilla,0.545,0.402,0.472,0.351,0.372,0.308,0.254,1,1,1,1,1,1,1
20422,Oaxaca,Santa María Nativitas,0.21,0.15,0.2,0.09,0.17,0.07,0.02,0,0,0,0,0,0,0
20423,Oaxaca,Santa María Nduayaco,0.065,0.065,0.109,0.044,0.022,0.022,0.022,0,0,0,0,0,0,0
20424,Oaxaca,Santa María Ozolotepec,0.081,0.068,0.076,0.055,0.039,0.029,0.021,0,0,0,0,0,0,0
20425,Oaxaca,Santa María Pápalo,0.155,0.083,0.131,0.066,0.066,0.024,0.042,0,0,0,0,0,0,0
20426,Oaxaca,Santa María Peñoles,0.194,0.164,0.167,0.127,0.121,0.067,0.03,0,0,0,0,0,0,0
20427,Oaxaca,Santa María Petapa,0.403,0.305,0.312,0.263,0.248,0.198,0.209,1,1,1,1,1,1,1
20428,Oaxaca,Santa María Quiegolani,0.168,0.14,0.178,0.094,0.084,0.065,0.047,0,0,0,0,0,0,0
20429,Oaxaca,Santa María Sola,0.082,0.045,0.097,0.037,0.037,0.007,0.03,0,0,0,0,0,0,0
20430,Oaxaca,Santa María Tataltepec,0.05,0.05,0.05,0.05,0.05,0.05,0.05,0,0,0,0,0,0,0
20431,Oaxaca,Santa María Tecomavaca,0.166,0.123,0.141,0.096,0.085,0.065,0.05,0,0,1,0,0,0,0
20432,Oaxaca,Santa María Temaxcalapa,0.419,0.323,0.355,0.258,0.355,0.032,0.032,0,0,0,0,0,0,0
20433,Oaxaca,Santa María Temaxcaltepec,0.043,0.03,0.03,0.013,0.03,0.013,0.021,0,0,0,0,0,0,0
20434,Oaxaca,Santa María Teopoxco,0.078,0.056,0.056,0.045,0.036,0.031,0.042,0,0,0,0,0,0,0
20435,Oaxaca,Santa María Tepantlali,0.096,0.054,0.06,0.041,0.047,0.028,0.014,0,0,0,0,0,0,0
20436,Oaxaca,Santa María Texcatitlán,0.139,0.083,0.083,0.028,0.028,0.056,0.028,0,0,0,0,0,0,0
20437,Oaxaca,Santa María Tlahuitoltepec,0.148,0.112,0.117,0.068,0.068,0.051,0.04,1,1,1,1,1,1,0
20438,Oaxaca,Santa María Tlalixtac,0.109,0.069,0.089,0.069,0.064,0.05,0.025,0,0,0,0,0,0,0
20439,Oaxaca,Santa María Tonameca,0.244,0.163,0.12,0.124,0.102,0.085,0.055,1,1,1,1,1,1,0
20440,Oaxaca,Santa María Totolapilla,0.242,0.242,0.258,0.121,0.152,0.106,0.091,0,0,0,0,0,0,0
20441,Oaxaca,Santa María Xadani,0.196,0.128,0.193,0.117,0.151,0.084,0.079,1,1,1,1,1,1,1
20442,Oaxaca,Santa María Yalina,0.083,0.083,0.062,0,0,0.021,0.021,0,0,0,0,0,0,0
20443,Oaxaca,Santa María Yavesía,0.087,0.072,0.13,0.072,0.101,0.072,0.044,0,0,0,0,0,0,0
20444,Oaxaca,Santa María Yolotepec,0.118,0.118,0.118,0.059,0.088,0.059,0.029,0,0,0,0,0,0,0
20445,Oaxaca,Santa María Yosoyúa,0.244,0.174,0.18,0.1,0.154,0.129,0.08,0,0,0,0,0,0,0
20446,Oaxaca,Santa María Yucuhiti,0.169,0.11,0.138,0.09,0.088,0.051,0.051,1,0,1,0,0,0,0
20447,Oaxaca,Santa María Zacatepec,0.108,0.09,0.088,0.047,0.069,0.045,0.033,1,0,0,0,0,0,0
20448,Oaxaca,Santa María Zaniza,0.062,0,0.047,0.016,0.016,0,0,0,0,0,0,0,0,0
20449,Oaxaca,Santa María Zoquitlán,0.16,0.138,0.16,0.123,0.134,0.101,0.034,0,0,0,0,0,0,0
20450,Oaxaca,Santiago Amoltepec,0.144,0.121,0.142,0.053,0.078,0.044,0.026,0,0,0,0,0,0,0
20451,Oaxaca,Santiago Apoala,0.167,0.167,0.233,0.1,0.133,0.067,0.1,0,0,0,0,0,0,0
20452,Oaxaca,Santiago Apóstol,0.098,0.077,0.071,0.055,0.049,0.023,0.032,0,0,0,0,0,0,0
20453,Oaxaca,Santiago Astata,0.409,0.32,0.383,0.338,0.299,0.227,0.189,1,1,1,1,1,1,1
20454,Oaxaca,Santiago Atitlán,0.119,0.091,0.241,0.06,0.122,0.047,0.023,0,0,0,0,0,0,0
20455,Oaxaca,Santiago Ayuquililla,0.098,0.064,0.068,0.044,0.048,0.022,0.034,0,0,0,0,0,0,0
20456,Oaxaca,Santiago Cacaloxtepec,0.233,0.151,0.147,0.12,0.105,0.048,0.027,0,0,0,0,0,0,0
20457,Oaxaca,Santiago Camotlán,0.151,0.13,0.189,0.092,0.092,0.054,0.043,0,0,0,0,0,0,0
20458,Oaxaca,Santiago Comaltepec,0.117,0.11,0.09,0.097,0.083,0.076,0.007,0,0,0,0,0,0,0
20459,Oaxaca,Villa de Santiago Chazumba,0.282,0.247,0.254,0.204,0.203,0.18,0.072,1,1,1,1,1,1,0
20460,Oaxaca,Santiago Choápam,0.12,0.086,0.088,0.059,0.032,0.029,0.002,0,0,0,0,0,0,0
20461,Oaxaca,Santiago del Río,0.051,0.017,0.068,0.034,0,0,0.034,0,0,0,0,0,0,0
20462,Oaxaca,Santiago Huajolotitlán,0.337,0.258,0.237,0.204,0.17,0.136,0.115,1,1,1,1,1,1,1
20463,Oaxaca,Santiago Huauclilla,0.093,0.062,0.093,0.052,0.041,0.031,0.021,0,0,0,0,0,0,0
20464,Oaxaca,Santiago Ihuitlán Plumas,0.157,0.098,0.137,0.078,0.078,0.078,0.02,0,0,0,0,0,0,0
20465,Oaxaca,Santiago Ixcuintepec,0.114,0.102,0.091,0.068,0.057,0.023,0.046,0,0,0,0,0,0,0
20466,Oaxaca,Santiago Ixtayutla,0.123,0.082,0.097,0.065,0.063,0.046,0.031,0,0,0,0,0,0,0
20467,Oaxaca,Santiago Jamiltepec,0.294,0.251,0.249,0.198,0.196,0.137,0.085,1,1,1,1,1,1,1
20468,Oaxaca,Santiago Jocotepec,0.116,0.08,0.09,0.054,0.051,0.031,0.023,0,0,0,0,0,0,0
20469,Oaxaca,Santiago Juxtlahuaca,0.254,0.191,0.181,0.152,0.146,0.112,0.087,1,1,1,1,1,1,1
20470,Oaxaca,Santiago Lachiguiri,0.194,0.11,0.157,0.116,0.134,0.085,0.091,0,0,0,0,0,0,0
20471,Oaxaca,Santiago Lalopa,0.143,0.143,0.143,0.048,0.143,0.095,0.048,0,0,0,0,0,0,0
20472,Oaxaca,Santiago Laollaga,0.513,0.451,0.454,0.414,0.4,0.369,0.151,1,1,1,1,1,1,1
20473,Oaxaca,Santiago Laxopa,0.084,0.084,0.084,0.074,0.063,0.053,0.105,0,0,0,0,0,0,0
20474,Oaxaca,Santiago Llano Grande,0.305,0.263,0.275,0.181,0.23,0.183,0.047,1,1,1,1,1,1,0
20475,Oaxaca,Santiago Matatlán,0.106,0.075,0.077,0.048,0.049,0.035,0.032,1,1,1,0,0,0,0
20476,Oaxaca,Santiago Miltepec,0.125,0.068,0.091,0.034,0.068,0.011,0.023,0,0,0,0,0,0,0
20477,Oaxaca,Santiago Minas,0.189,0.081,0.162,0.108,0.081,0.054,0.054,0,0,0,0,0,0,0
20478,Oaxaca,Santiago Nacaltepec,0.124,0.095,0.088,0.073,0.08,0.066,0.073,0,0,0,0,0,0,0
20479,Oaxaca,Santiago Nejapilla,0.044,0.044,0.087,0.044,0.044,0.044,0.044,0,0,0,0,0,0,0
20480,Oaxaca,Santiago Nundiche,0.07,0.061,0.07,0.035,0.044,0.018,0.026,0,0,0,0,0,0,0
20481,Oaxaca,Santiago Nuyoó,0.206,0.176,0.164,0.097,0.103,0.067,0.048,0,0,0,0,0,0,0
20482,Oaxaca,Santiago Pinotepa Nacional,0.408,0.324,0.322,0.277,0.248,0.194,0.181,1,1,1,1,1,1,1
20483,Oaxaca,Santiago Suchilquitongo,0.365,0.305,0.298,0.265,0.244,0.186,0.199,1,1,1,1,1,1,1
20484,Oaxaca,Santiago Tamazola,0.138,0.095,0.101,0.076,0.068,0.058,0.032,0,0,0,0,0,0,0
20485,Oaxaca,Santiago Tapextla,0.143,0.09,0.093,0.08,0.06,0.033,0.02,0,0,0,0,0,0,0
20486,Oaxaca,Villa Tejúpam de la Unión,0.239,0.189,0.189,0.147,0.17,0.143,0.096,1,1,1,1,1,1,0
20487,Oaxaca,Santiago Tenango,0.17,0.101,0.149,0.108,0.147,0.057,0.048,0,0,1,0,0,0,0
20488,Oaxaca,Santiago Tepetlapa,0.4,0.333,0.333,0.2,0.333,0.133,0.267,0,0,0,0,0,0,0
20489,Oaxaca,Santiago Tetepec,0.108,0.089,0.096,0.064,0.074,0.049,0.021,0,0,0,0,0,0,0
20490,Oaxaca,Santiago Texcalcingo,0.017,0.008,0.011,0.003,0.008,0,0.003,0,0,0,0,0,0,0
20491,Oaxaca,Santiago Textitlán,0.149,0.122,0.122,0.095,0.09,0.077,0.045,0,0,0,0,0,0,0
20492,Oaxaca,Santiago Tilantongo,0.146,0.126,0.133,0.095,0.122,0.068,0.048,0,0,0,0,0,0,0
20493,Oaxaca,Santiago Tillo,0.263,0.178,0.212,0.161,0.161,0.119,0.076,0,0,0,0,0,0,0
20494,Oaxaca,Santiago Tlazoyaltepec,0.126,0.076,0.114,0.042,0.023,0.023,0.011,0,0,0,0,0,0,0
20495,Oaxaca,Santiago Xanica,0.052,0.036,0.036,0.023,0.033,0.013,0.01,0,0,0,0,0,0,0
20496,Oaxaca,Santiago Xiacuí,0.251,0.223,0.267,0.196,0.161,0.101,0.074,1,1,1,1,1,0,0
20497,Oaxaca,Santiago Yaitepec,0.039,0.03,0.035,0.026,0.026,0.024,0.013,0,0,0,0,0,0,0
20498,Oaxaca,Santiago Yaveo,0.08,0.026,0.032,0.021,0.024,0.013,0.012,0,0,0,0,0,0,0
20499,Oaxaca,Santiago Yolomécatl,0.319,0.251,0.26,0.203,0.205,0.146,0.102,1,1,1,1,1,1,0
20500,Oaxaca,Santiago Yosondúa,0.139,0.122,0.132,0.1,0.091,0.065,0.062,0,0,0,0,0,0,0
20501,Oaxaca,Santiago Yucuyachi,0.076,0.061,0.071,0.02,0.061,0.025,0.03,0,0,0,0,0,0,0
20502,Oaxaca,Santiago Zacatepec,0.127,0.109,0.109,0.066,0.072,0.06,0.039,1,1,1,0,0,0,0
20503,Oaxaca,Santiago Zoochila,0.131,0.049,0.131,0.033,0.098,0.033,0,0,0,0,0,0,0,0
20504,Oaxaca,Nuevo Zoquiápam,0.164,0.145,0.138,0.132,0.118,0.092,0.02,0,0,0,0,0,0,0
20505,Oaxaca,Santo Domingo Ingenio,0.455,0.314,0.378,0.221,0.224,0.172,0.182,1,1,1,1,1,1,1
20506,Oaxaca,Santo Domingo Albarradas,0.147,0.12,0.147,0.107,0.027,0.053,0.053,0,0,0,0,0,0,0
20507,Oaxaca,Santo Domingo Armenta,0.18,0.106,0.125,0.111,0.096,0.064,0.032,1,0,0,0,0,0,0
20508,Oaxaca,Santo Domingo Chihuitán,0.406,0.372,0.387,0.364,0.337,0.323,0.197,1,1,1,1,1,1,1
20509,Oaxaca,Santo Domingo de Morelos,0.165,0.138,0.132,0.095,0.092,0.05,0.021,1,1,1,1,0,0,0
20510,Oaxaca,Santo Domingo Ixcatlán,0.08,0.016,0.072,0.016,0.024,0,0,0,0,0,0,0,0,0
20511,Oaxaca,Santo Domingo Nuxaá,0.107,0.06,0.094,0.06,0.08,0.047,0.027,0,0,0,0,0,0,0
20512,Oaxaca,Santo Domingo Ozolotepec,0.044,0.011,0.033,0.033,0.022,0,0,0,0,0,0,0,0,0
20513,Oaxaca,Santo Domingo Petapa,0.246,0.203,0.233,0.2,0.217,0.136,0.132,1,1,1,1,1,1,1
20514,Oaxaca,Santo Domingo Roayaga,0.047,0.047,0.047,0.047,0.047,0.059,0.024,0,0,0,0,0,0,0
20515,Oaxaca,Santo Domingo Tehuantepec,0.516,0.446,0.475,0.415,0.396,0.37,0.303,1,1,1,1,1,1,1
20516,Oaxaca,Santo Domingo Teojomulco,0.11,0.099,0.106,0.083,0.072,0.065,0.052,0,0,0,0,0,0,0
20517,Oaxaca,Santo Domingo Tepuxtepec,0.068,0.048,0.056,0.04,0.036,0.022,0.014,0,0,0,0,0,0,0
20518,Oaxaca,Santo Domingo Tlatayápam,0.412,0.412,0.353,0.471,0.353,0.353,0.294,0,0,0,0,0,0,0
20519,Oaxaca,Santo Domingo Tomaltepec,0.38,0.356,0.32,0.268,0.233,0.21,0.208,1,1,1,1,1,1,1
20520,Oaxaca,Santo Domingo Tonalá,0.184,0.113,0.099,0.078,0.062,0.044,0.034,1,1,1,0,0,0,0
20521,Oaxaca,Santo Domingo Tonaltepec,0.114,0.091,0.136,0.068,0.091,0.068,0.068,0,0,0,0,0,0,0
20522,Oaxaca,Santo Domingo Xagacía,0.054,0.031,0.031,0,0.023,0.015,0,0,0,0,0,0,0,0
20523,Oaxaca,Santo Domingo Yanhuitlán,0.336,0.295,0.323,0.277,0.251,0.203,0.069,1,1,1,1,1,1,0
20524,Oaxaca,Santo Domingo Yodohino,0.167,0.167,0.167,0.125,0.125,0.042,0.125,0,0,0,0,0,0,0
20525,Oaxaca,Santo Domingo Zanatepec,0.236,0.174,0.162,0.145,0.135,0.109,0.078,1,1,1,1,1,1,1
20526,Oaxaca,Santos Reyes Nopala,0.196,0.149,0.144,0.121,0.11,0.087,0.044,1,1,1,1,1,1,0
20527,Oaxaca,Santos Reyes Pápalo,0.096,0.089,0.089,0.048,0.068,0.034,0.014,0,0,0,0,0,0,0
20528,Oaxaca,Santos Reyes Tepejillo,0.179,0.053,0.095,0.053,0.021,0.011,0.011,0,0,0,0,0,0,0
20529,Oaxaca,Santos Reyes Yucuná,0.111,0.083,0.139,0.028,0.028,0.056,0.028,0,0,0,0,0,0,0
20530,Oaxaca,Santo Tomás Jalieza,0.322,0.271,0.275,0.264,0.227,0.176,0.121,1,1,0,0,0,0,0
20531,Oaxaca,Santo Tomás Mazaltepec,0.344,0.287,0.248,0.239,0.147,0.118,0.108,1,1,1,1,1,0,1
20532,Oaxaca,Santo Tomás Ocotepec,0.09,0.054,0.093,0.035,0.048,0.016,0.01,0,0,0,0,0,0,0
20533,Oaxaca,Santo Tomás Tamazulapan,0.288,0.208,0.196,0.174,0.169,0.073,0.076,1,1,1,0,0,0,0
20534,Oaxaca,San Vicente Coatlán,0.061,0.025,0.046,0.02,0.02,0.01,0.025,0,0,0,0,0,0,0
20535,Oaxaca,San Vicente Lachixío,0.094,0.087,0.079,0.064,0.038,0.034,0.026,0,0,0,0,0,0,0
20536,Oaxaca,San Vicente Nuñú,0.134,0.09,0.06,0.075,0.045,0.015,0.03,0,0,0,0,0,0,0
20537,Oaxaca,Silacayoápam,0.127,0.095,0.1,0.084,0.083,0.073,0.042,1,1,0,1,1,0,0
20538,Oaxaca,Sitio de Xitlapehua,0.179,0.138,0.145,0.097,0.124,0.069,0.055,0,0,0,0,0,0,0
20539,Oaxaca,Soledad Etla,0.43,0.378,0.377,0.339,0.295,0.265,0.235,1,1,1,1,1,1,1
20540,Oaxaca,Villa de Tamazulápam del Progreso,0.428,0.382,0.391,0.334,0.312,0.245,0.133,1,1,1,1,1,1,1
20541,Oaxaca,Tanetze de Zaragoza,0.142,0.116,0.107,0.09,0.064,0.052,0.017,0,0,0,0,0,0,0
20542,Oaxaca,Taniche,0.198,0.128,0.112,0.059,0.059,0.027,0.027,0,0,0,0,0,0,0
20543,Oaxaca,Tataltepec de Valdés,0.134,0.113,0.117,0.093,0.086,0.065,0.063,0,0,0,0,0,0,0
20544,Oaxaca,Teococuilco de Marcos Pérez,0.034,0.034,0.034,0.034,0.034,0.034,0.011,0,0,0,0,0,0,0
20545,Oaxaca,Teotitlán de Flores Magón,0.387,0.312,0.314,0.285,0.27,0.25,0.161,1,1,1,1,1,1,1
20546,Oaxaca,Teotitlán del Valle,0.18,0.153,0.151,0.129,0.129,0.115,0.08,1,1,1,1,1,1,1
20547,Oaxaca,Teotongo,0.174,0.152,0.17,0.174,0.143,0.143,0.085,0,0,0,0,0,0,0
20548,Oaxaca,Tepelmeme Villa de Morelos,0.075,0.036,0.049,0.042,0.039,0.031,0.018,0,0,0,0,0,0,0
20549,Oaxaca,"Heroica Villa Tezoatlán de Segura y Luna, Cuna de la Independencia de Oaxaca",0.136,0.08,0.082,0.083,0.057,0.045,0.021,1,1,1,1,0,0,0
20550,Oaxaca,San Jerónimo Tlacochahuaya,0.408,0.346,0.33,0.299,0.241,0.21,0.185,1,1,1,1,1,1,1
20551,Oaxaca,Tlacolula de Matamoros,0.443,0.402,0.387,0.347,0.334,0.321,0.23,1,1,1,1,1,1,1
20552,Oaxaca,Tlacotepec Plumas,0.17,0.113,0.17,0.113,0.113,0.076,0.038,0,0,0,0,0,0,0
20553,Oaxaca,Tlalixtac de Cabrera,0.399,0.324,0.316,0.284,0.26,0.24,0.219,1,1,1,1,1,1,1
20554,Oaxaca,Totontepec Villa de Morelos,0.094,0.073,0.066,0.058,0.049,0.04,0.009,0,0,0,0,0,0,0
20555,Oaxaca,Trinidad Zaachila,0.271,0.221,0.198,0.19,0.144,0.106,0.117,1,1,1,1,1,1,1
20556,Oaxaca,La Trinidad Vista Hermosa,0.136,0.091,0.114,0.114,0.068,0.023,0.046,0,0,0,0,0,0,0
20557,Oaxaca,Unión Hidalgo,0.535,0.424,0.472,0.397,0.404,0.369,0.176,1,1,1,1,1,1,1
20558,Oaxaca,Valerio Trujano,0.256,0.244,0.25,0.221,0.228,0.212,0.106,1,1,1,1,1,1,0
20559,Oaxaca,San Juan Bautista Valle Nacional,0.245,0.187,0.196,0.155,0.16,0.126,0.075,1,1,1,1,1,1,0
20560,Oaxaca,Villa Díaz Ordaz,0.09,0.072,0.065,0.05,0.041,0.034,0.03,1,0,0,0,0,0,0
20561,Oaxaca,Yaxe,0.11,0.078,0.074,0.054,0.04,0.022,0.023,1,1,0,0,0,0,0
20562,Oaxaca,Magdalena Yodocono de Porfirio Díaz,0.133,0.102,0.089,0.061,0.048,0.043,0.036,0,0,0,0,0,0,0
20563,Oaxaca,Yogana,0.116,0.051,0.101,0.022,0.029,0.007,0.036,0,0,0,0,0,0,0
20564,Oaxaca,Yutanduchi de Guerrero,0.175,0.15,0.15,0.125,0.125,0.1,0.025,0,0,0,0,0,0,0
20565,Oaxaca,Villa de Zaachila,0.389,0.339,0.324,0.28,0.253,0.221,0.152,1,1,1,1,1,1,1
20566,Oaxaca,San Mateo Yucutindoo,0.145,0.118,0.158,0.105,0.158,0.092,0.053,0,0,0,0,0,0,0
20567,Oaxaca,Zapotitlán Lagunas,0.136,0.104,0.084,0.075,0.075,0.049,0.016,0,0,0,0,0,0,0
20568,Oaxaca,Zapotitlán Palmas,0.158,0.116,0.11,0.079,0.073,0.043,0.037,0,0,0,0,0,0,0
20569,Oaxaca,Santa Inés de Zaragoza,0.126,0.106,0.113,0.106,0.113,0.08,0.06,0,0,0,0,0,0,0
20570,Oaxaca,Zimatlán de Álvarez,0.321,0.279,0.26,0.238,0.204,0.169,0.11,1,1,1,1,1,1,1
21001,Puebla,Acajete,0.232,0.148,0.156,0.113,0.125,0.089,0.094,1,1,1,1,1,1,1
21002,Puebla,Acateno,0.11,0.054,0.052,0.048,0.036,0.028,0.03,1,1,1,1,1,0,0
21003,Puebla,Acatlán,0.291,0.256,0.24,0.223,0.198,0.175,0.115,1,1,1,1,1,1,1
21004,Puebla,Acatzingo,0.147,0.064,0.056,0.041,0.043,0.027,0.031,1,1,1,1,1,1,1
21005,Puebla,Acteopan,0.086,0.08,0.043,0.055,0.031,0.024,0.031,0,0,0,0,0,0,0
21006,Puebla,Ahuacatlán,0.123,0.084,0.083,0.061,0.047,0.033,0.028,1,1,1,0,0,0,0
21007,Puebla,Ahuatlán,0.072,0.026,0.01,0.021,0.024,0.002,0.007,0,0,0,0,0,0,0
21008,Puebla,Ahuazotepec,0.239,0.117,0.186,0.104,0.106,0.07,0.065,1,1,1,1,1,1,1
21009,Puebla,Ahuehuetitla,0.166,0.108,0.087,0.074,0.05,0.055,0.034,0,0,0,0,0,0,0
21010,Puebla,Ajalpan,0.191,0.102,0.128,0.077,0.11,0.061,0.072,1,1,1,1,1,1,1
21011,Puebla,Albino Zertuche,0.101,0.065,0.054,0.054,0.04,0.025,0.032,0,0,0,0,0,0,0
21012,Puebla,Aljojuca,0.139,0.096,0.103,0.078,0.072,0.044,0.051,1,1,1,1,1,1,1
21013,Puebla,Altepexi,0.264,0.165,0.16,0.144,0.126,0.103,0.116,1,1,1,1,1,1,1
21014,Puebla,Amixtlán,0.112,0.075,0.063,0.052,0.046,0.045,0.029,0,0,0,0,0,0,0
21015,Puebla,Amozoc,0.579,0.502,0.508,0.456,0.462,0.432,0.392,1,1,1,1,1,1,1
21016,Puebla,Aquixtla,0.248,0.067,0.046,0.049,0.03,0.025,0.023,1,1,0,1,0,0,0
21017,Puebla,Atempan,0.194,0.115,0.126,0.091,0.087,0.068,0.046,1,1,1,1,1,1,1
21018,Puebla,Atexcal,0.338,0.274,0.295,0.242,0.226,0.166,0.216,1,1,1,1,1,1,1
21019,Puebla,Atlixco,0.447,0.374,0.345,0.309,0.296,0.28,0.218,1,1,1,1,1,1,1
21020,Puebla,Atoyatempan,0.129,0.074,0.061,0.058,0.044,0.031,0.024,1,1,1,1,0,0,0
21021,Puebla,Atzala,0.204,0.154,0.159,0.144,0.136,0.081,0.091,1,1,1,0,1,0,1
21022,Puebla,Atzitzihuacán,0.174,0.11,0.101,0.069,0.064,0.054,0.055,1,1,1,1,0,0,0
21023,Puebla,Atzitzintla,0.053,0.042,0.036,0.022,0.023,0.014,0.018,0,0,0,0,0,0,0
21024,Puebla,Axutla,0.07,0.042,0.042,0.07,0.033,0.023,0,0,0,0,0,0,0,0
21025,Puebla,Ayotoxco de Guerrero,0.144,0.092,0.084,0.067,0.056,0.045,0.026,1,1,1,1,1,0,0
21026,Puebla,Calpan,0.239,0.166,0.159,0.144,0.128,0.102,0.103,1,1,1,1,1,1,1
21027,Puebla,Caltepec,0.139,0.075,0.077,0.069,0.064,0.04,0.033,1,0,0,0,0,0,0
21028,Puebla,Camocuautla,0.037,0.031,0.029,0.017,0.014,0.009,0.009,0,0,0,0,0,0,0
21029,Puebla,Caxhuacan,0.26,0.23,0.234,0.207,0.163,0.131,0.099,1,1,1,1,1,0,0
21030,Puebla,Coatepec,0.105,0.083,0.113,0.045,0.045,0.007,0.015,0,0,0,0,0,0,0
21031,Puebla,Coatzingo,0.056,0.015,0.023,0.019,0.019,0.008,0.017,0,0,0,0,0,0,0
21032,Puebla,Cohetzala,0.093,0.088,0.055,0.066,0.066,0.055,0.016,0,0,0,0,0,0,0
21033,Puebla,Cohuecan,0.153,0.091,0.095,0.091,0.06,0.042,0.032,1,1,0,0,0,0,0
21034,Puebla,Coronango,0.593,0.561,0.552,0.535,0.527,0.514,0.473,1,1,1,1,1,1,1
21035,Puebla,Coxcatlán,0.432,0.349,0.345,0.306,0.295,0.25,0.234,1,1,1,1,1,1,1
21036,Puebla,Coyomeapan,0.041,0.03,0.035,0.021,0.023,0.014,0.014,1,0,0,0,0,0,0
21037,Puebla,Coyotepec,0.39,0.342,0.344,0.28,0.237,0.178,0.16,1,1,1,1,1,1,1
21038,Puebla,Cuapiaxtla de Madero,0.156,0.073,0.054,0.053,0.048,0.025,0.033,1,1,1,1,1,0,1
21039,Puebla,Cuautempan,0.097,0.072,0.071,0.052,0.05,0.036,0.018,0,0,0,0,0,0,0
21040,Puebla,Cuautinchán,0.276,0.132,0.129,0.098,0.109,0.081,0.066,1,1,1,1,1,1,1
21041,Puebla,Cuautlancingo,0.738,0.682,0.685,0.635,0.636,0.629,0.541,1,1,1,1,1,1,1
21042,Puebla,Cuayuca de Andrade,0.144,0.091,0.082,0.068,0.068,0.027,0.028,1,0,0,0,0,0,0
21043,Puebla,Cuetzalan del Progreso,0.174,0.138,0.13,0.107,0.096,0.064,0.034,1,1,1,1,1,1,0
21044,Puebla,Cuyoaco,0.285,0.179,0.181,0.124,0.111,0.062,0.112,1,1,1,1,1,1,1
21045,Puebla,Chalchicomula de Sesma,0.3,0.237,0.232,0.198,0.202,0.151,0.136,1,1,1,1,1,1,1
21046,Puebla,Chapulco,0.381,0.187,0.196,0.151,0.163,0.124,0.138,1,1,1,1,1,1,1
21047,Puebla,Chiautla,0.244,0.197,0.188,0.16,0.151,0.124,0.078,1,1,1,1,1,1,1
21048,Puebla,Chiautzingo,0.335,0.283,0.287,0.258,0.249,0.225,0.241,1,1,1,1,1,1,1
21049,Puebla,Chiconcuautla,0.048,0.031,0.04,0.02,0.025,0.016,0.012,1,1,1,0,0,0,0
21050,Puebla,Chichiquila,0.142,0.09,0.09,0.051,0.079,0.022,0.021,1,0,0,0,0,0,0
21051,Puebla,Chietla,0.263,0.217,0.245,0.193,0.192,0.159,0.161,1,1,1,1,1,1,1
21052,Puebla,Chigmecatitlán,0.184,0.078,0.078,0.078,0.064,0.028,0.057,0,0,0,0,0,0,0
21053,Puebla,Chignahuapan,0.277,0.156,0.117,0.103,0.093,0.075,0.065,1,1,1,1,1,1,1
21054,Puebla,Chignautla,0.328,0.105,0.119,0.074,0.078,0.062,0.051,1,1,1,1,1,1,1
21055,Puebla,Chila,0.152,0.114,0.098,0.074,0.073,0.056,0.041,0,0,0,0,0,0,0
21056,Puebla,Chila de la Sal,0.06,0.07,0.035,0.025,0.035,0.02,0.03,0,0,0,0,0,0,0
21057,Puebla,Honey,0.122,0.071,0.063,0.054,0.037,0.029,0.028,1,0,0,0,0,0,0
21058,Puebla,Chilchotla,0.136,0.089,0.093,0.074,0.061,0.042,0.016,1,0,1,0,1,0,0
21059,Puebla,Chinantla,0.155,0.105,0.103,0.085,0.059,0.048,0.041,1,0,0,0,0,0,0
21060,Puebla,Domingo Arenas,0.17,0.138,0.139,0.121,0.109,0.094,0.094,1,1,1,1,1,1,0
21061,Puebla,Eloxochitlán,0.112,0.046,0.154,0.039,0.128,0.011,0.03,0,0,0,0,0,0,0
21062,Puebla,Epatlán,0.205,0.133,0.134,0.103,0.08,0.057,0.052,1,1,1,1,0,0,0
21063,Puebla,Esperanza,0.303,0.198,0.179,0.153,0.154,0.12,0.111,1,1,1,1,1,1,1
21064,Puebla,Francisco Z. Mena,0.147,0.082,0.079,0.07,0.064,0.044,0.033,1,1,1,1,1,1,1
21065,Puebla,General Felipe Ángeles,0.162,0.066,0.09,0.042,0.052,0.02,0.032,1,1,1,1,1,1,1
21066,Puebla,Guadalupe,0.095,0.049,0.054,0.038,0.035,0.025,0.018,1,0,0,0,0,0,0
21067,Puebla,Guadalupe Victoria,0.282,0.107,0.098,0.079,0.078,0.058,0.051,1,1,1,1,1,1,1
21068,Puebla,Hermenegildo Galeana,0.085,0.063,0.061,0.042,0.054,0.025,0.03,1,0,0,0,0,0,0
21069,Puebla,Huaquechula,0.151,0.106,0.099,0.08,0.069,0.056,0.057,1,1,1,1,1,1,1
21070,Puebla,Huatlatlauca,0.091,0.069,0.063,0.063,0.031,0.013,0.02,0,0,0,0,0,0,0
21071,Puebla,Huauchinango,0.36,0.306,0.299,0.269,0.256,0.222,0.165,1,1,1,1,1,1,1
21072,Puebla,Huehuetla,0.212,0.173,0.16,0.146,0.137,0.088,0.057,0,0,0,0,0,0,0
21073,Puebla,Huehuetlán el Chico,0.164,0.119,0.096,0.087,0.066,0.049,0.034,1,1,1,1,1,1,0
21074,Puebla,Huejotzingo,0.534,0.483,0.479,0.437,0.428,0.42,0.375,1,1,1,1,1,1,1
21075,Puebla,Hueyapan,0.202,0.145,0.152,0.125,0.113,0.079,0.066,1,1,1,1,1,1,1
21076,Puebla,Hueytamalco,0.172,0.081,0.086,0.06,0.063,0.029,0.037,1,1,1,1,1,1,1
21077,Puebla,Hueytlalpan,0.069,0.053,0.074,0.033,0.033,0.015,0.016,0,0,0,0,0,0,0
21078,Puebla,Huitzilan de Serdán,0.082,0.056,0.046,0.029,0.028,0.016,0.012,1,1,1,0,0,0,0
21079,Puebla,Huitziltepec,0.178,0.092,0.085,0.058,0.052,0.035,0.04,1,1,1,1,1,0,0
21080,Puebla,Atlequizayan,0.12,0.07,0.07,0.061,0.042,0.035,0.002,0,0,0,0,0,0,0
21081,Puebla,Ixcamilpa de Guerrero,0.092,0.042,0.058,0.028,0.048,0.021,0.023,0,0,0,0,0,0,0
21082,Puebla,Ixcaquixtla,0.308,0.271,0.266,0.22,0.198,0.137,0.099,1,1,1,1,1,1,1
21083,Puebla,Ixtacamaxtitlán,0.144,0.091,0.083,0.063,0.057,0.029,0.033,1,1,1,1,0,0,0
21084,Puebla,Ixtepec,0.129,0.082,0.104,0.065,0.094,0.034,0.036,0,0,0,0,0,0,0
21085,Puebla,Izúcar de Matamoros,0.408,0.333,0.316,0.267,0.249,0.195,0.14,1,1,1,1,1,1,1
21086,Puebla,Jalpan,0.156,0.101,0.105,0.077,0.085,0.041,0.048,1,1,1,1,1,0,1
21087,Puebla,Jolalpan,0.088,0.062,0.048,0.044,0.034,0.024,0.021,1,0,0,0,0,0,0
21088,Puebla,Jonotla,0.149,0.128,0.105,0.091,0.079,0.052,0.041,0,0,0,0,0,0,0
21089,Puebla,Jopala,0.112,0.092,0.113,0.077,0.09,0.055,0.048,1,1,1,1,1,0,0
21090,Puebla,Juan C. Bonilla,0.466,0.396,0.391,0.347,0.333,0.315,0.3,1,1,1,1,1,1,1
21091,Puebla,Juan Galindo,0.33,0.279,0.306,0.243,0.236,0.211,0.146,1,1,1,1,1,1,1
21092,Puebla,Juan N. Méndez,0.121,0.08,0.081,0.068,0.066,0.033,0.049,1,0,1,1,0,0,0
21093,Puebla,Lafragua,0.096,0.046,0.04,0.036,0.036,0.021,0.019,1,0,0,0,0,0,0
21094,Puebla,Libres,0.388,0.275,0.258,0.23,0.217,0.17,0.134,1,1,1,1,1,1,1
21095,Puebla,La Magdalena Tlatlauquitepec,0.177,0.109,0.068,0.048,0.061,0.041,0.034,0,0,0,0,0,0,0
21096,Puebla,Mazapiltepec de Juárez,0.254,0.156,0.176,0.128,0.136,0.071,0.11,1,1,1,0,1,0,0
21097,Puebla,Mixtla,0.335,0.233,0.233,0.149,0.162,0.122,0.093,1,1,1,1,1,1,1
21098,Puebla,Molcaxac,0.231,0.127,0.127,0.099,0.085,0.072,0.092,1,1,1,1,0,0,0
21099,Puebla,Cañada Morelos,0.285,0.153,0.157,0.123,0.138,0.074,0.123,1,1,1,1,1,1,1
21100,Puebla,Naupan,0.044,0.03,0.033,0.024,0.027,0.016,0.016,1,0,0,0,0,0,0
21101,Puebla,Nauzontla,0.122,0.074,0.073,0.056,0.051,0.045,0.024,1,0,0,0,0,0,0
21102,Puebla,Nealtican,0.118,0.035,0.028,0.021,0.016,0.015,0.014,1,1,1,0,0,0,0
21103,Puebla,Nicolás Bravo,0.386,0.18,0.186,0.133,0.142,0.1,0.144,1,1,1,1,1,0,1
21104,Puebla,Nopalucan,0.316,0.242,0.298,0.223,0.245,0.181,0.21,1,1,1,1,1,1,1
21105,Puebla,Ocotepec,0.221,0.133,0.121,0.102,0.078,0.043,0.082,1,1,1,0,1,0,1
21106,Puebla,Ocoyucan,0.419,0.367,0.327,0.308,0.295,0.272,0.267,1,1,1,1,1,1,1
21107,Puebla,Olintla,0.1,0.076,0.071,0.05,0.044,0.018,0.022,0,0,0,0,0,0,0
21108,Puebla,Oriental,0.473,0.38,0.388,0.327,0.329,0.272,0.286,1,1,1,1,1,1,1
21109,Puebla,Pahuatlán,0.14,0.104,0.089,0.079,0.06,0.046,0.029,0,0,0,0,0,0,0
21110,Puebla,Palmar de Bravo,0.13,0.066,0.07,0.047,0.053,0.031,0.047,1,1,1,1,1,1,1
21111,Puebla,Pantepec,0.155,0.118,0.112,0.091,0.078,0.056,0.045,1,1,1,1,1,1,1
21112,Puebla,Petlalcingo,0.128,0.073,0.06,0.051,0.039,0.036,0.024,1,1,0,0,0,0,0
21113,Puebla,Piaxtla,0.112,0.077,0.076,0.055,0.05,0.03,0.016,1,0,0,0,0,0,0
21114,Puebla,Puebla,0.665,0.61,0.608,0.552,0.545,0.521,0.43,1,1,1,1,1,1,1
21115,Puebla,Quecholac,0.103,0.057,0.054,0.037,0.04,0.028,0.03,1,1,1,1,1,0,1
21116,Puebla,Quimixtlán,0.09,0.058,0.063,0.043,0.044,0.028,0.023,0,0,0,0,0,0,0
21117,Puebla,Rafael Lara Grajales,0.455,0.394,0.458,0.358,0.392,0.338,0.342,1,1,1,1,1,1,1
21118,Puebla,Los Reyes de Juárez,0.104,0.036,0.033,0.028,0.026,0.02,0.02,1,1,1,1,1,1,0
21119,Puebla,San Andrés Cholula,0.623,0.57,0.535,0.519,0.485,0.466,0.406,1,1,1,1,1,1,1
21120,Puebla,San Antonio Cañada,0.359,0.209,0.209,0.14,0.139,0.096,0.164,1,1,1,1,1,1,1
21121,Puebla,San Diego la Mesa Tochimiltzingo,0.2,0.089,0.056,0.078,0.022,0.017,0.011,0,0,0,0,0,0,0
21122,Puebla,San Felipe Teotlalcingo,0.234,0.181,0.173,0.151,0.165,0.15,0.137,1,1,1,1,1,1,1
21123,Puebla,San Felipe Tepatlán,0.036,0.024,0.032,0.024,0.024,0.017,0.006,0,0,0,0,0,0,0
21124,Puebla,San Gabriel Chilac,0.177,0.093,0.089,0.063,0.07,0.064,0.054,1,1,1,1,1,1,1
21125,Puebla,San Gregorio Atzompa,0.424,0.294,0.244,0.219,0.18,0.163,0.182,1,1,1,1,1,1,0
21126,Puebla,San Jerónimo Tecuanipan,0.211,0.154,0.123,0.105,0.089,0.083,0.081,1,1,1,1,1,1,1
21127,Puebla,San Jerónimo Xayacatlán,0.198,0.162,0.143,0.138,0.103,0.09,0.05,1,1,1,1,0,0,0
21128,Puebla,San José Chiapa,0.505,0.397,0.527,0.353,0.44,0.344,0.325,1,0,1,0,1,0,0
21129,Puebla,San José Miahuatlán,0.299,0.102,0.106,0.077,0.073,0.034,0.062,1,1,1,1,1,1,1
21130,Puebla,San Juan Atenco,0.158,0.108,0.119,0.086,0.09,0.048,0.041,1,1,1,1,1,0,0
21131,Puebla,San Juan Atzompa,0.238,0.17,0.218,0.177,0.15,0.082,0.116,0,0,0,0,0,0,0
21132,Puebla,San Martín Texmelucan,0.479,0.398,0.398,0.358,0.351,0.334,0.322,1,1,1,1,1,1,1
21133,Puebla,San Martín Totoltepec,0.233,0.142,0.131,0.085,0.074,0.046,0.046,0,0,0,0,0,0,0
21134,Puebla,San Matías Tlalancaleca,0.217,0.137,0.128,0.109,0.101,0.095,0.089,1,1,1,1,1,1,1
21135,Puebla,San Miguel Ixitlán,0.111,0.069,0.069,0.083,0.069,0.042,0.056,0,0,0,0,0,0,0
21136,Puebla,San Miguel Xoxtla,0.615,0.552,0.574,0.487,0.503,0.465,0.465,1,1,1,1,1,1,1
21137,Puebla,San Nicolás Buenos Aires,0.239,0.1,0.095,0.09,0.086,0.03,0.064,1,1,1,1,1,0,1
21138,Puebla,San Nicolás de los Ranchos,0.177,0.08,0.065,0.043,0.034,0.025,0.029,1,1,1,1,0,0,0
21139,Puebla,San Pablo Anicano,0.167,0.103,0.12,0.086,0.089,0.05,0.052,1,1,1,1,1,0,0
21140,Puebla,San Pedro Cholula,0.549,0.503,0.487,0.418,0.434,0.424,0.342,1,1,1,1,1,1,1
21141,Puebla,San Pedro Yeloixtlahuaca,0.178,0.105,0.12,0.083,0.066,0.048,0.034,1,1,1,1,0,0,0
21142,Puebla,San Salvador el Seco,0.219,0.143,0.142,0.101,0.121,0.08,0.071,1,1,1,1,1,1,1
21143,Puebla,San Salvador el Verde,0.379,0.29,0.296,0.244,0.253,0.229,0.218,1,1,1,1,1,1,1
21144,Puebla,San Salvador Huixcolotla,0.064,0.039,0.033,0.031,0.025,0.022,0.022,1,0,0,0,0,0,0
21145,Puebla,San Sebastián Tlacotepec,0.113,0.061,0.067,0.04,0.034,0.02,0.023,1,0,0,0,0,0,0
21146,Puebla,Santa Catarina Tlaltempan,0.15,0.097,0.054,0.038,0.032,0.005,0.027,0,0,0,0,0,0,0
21147,Puebla,Santa Inés Ahuatempan,0.23,0.154,0.154,0.132,0.106,0.07,0.076,1,1,1,1,1,0,1
21148,Puebla,Santa Isabel Cholula,0.147,0.103,0.087,0.073,0.065,0.057,0.053,1,1,1,1,1,1,1
21149,Puebla,Santiago Miahuatlán,0.507,0.33,0.3,0.256,0.255,0.217,0.24,1,1,1,1,1,1,1
21150,Puebla,Huehuetlán el Grande,0.082,0.035,0.044,0.03,0.038,0.015,0.017,1,0,0,0,0,0,0
21151,Puebla,Santo Tomás Hueyotlipan,0.211,0.121,0.104,0.08,0.072,0.054,0.064,1,1,1,1,1,1,1
21152,Puebla,Soltepec,0.259,0.179,0.187,0.134,0.14,0.079,0.115,1,1,1,1,1,1,1
21153,Puebla,Tecali de Herrera,0.317,0.173,0.175,0.131,0.134,0.076,0.09,1,1,1,1,1,1,1
21154,Puebla,Tecamachalco,0.301,0.218,0.212,0.181,0.171,0.154,0.153,1,1,1,1,1,1,1
21155,Puebla,Tecomatlán,0.284,0.209,0.168,0.147,0.116,0.11,0.046,1,1,1,0,0,0,0
21156,Puebla,Tehuacán,0.528,0.413,0.382,0.354,0.343,0.325,0.289,1,1,1,1,1,1,1
21157,Puebla,Tehuitzingo,0.186,0.123,0.132,0.115,0.112,0.078,0.062,1,1,1,1,1,1,0
21158,Puebla,Tenampulco,0.113,0.096,0.099,0.071,0.076,0.067,0.024,0,0,0,0,0,0,0
21159,Puebla,Teopantlán,0.103,0.052,0.071,0.047,0.032,0.026,0.019,0,0,0,0,0,0,0
21160,Puebla,Teotlalco,0.133,0.09,0.087,0.065,0.057,0.025,0.03,1,1,0,0,0,0,0
21161,Puebla,Tepanco de López,0.446,0.358,0.368,0.298,0.316,0.268,0.311,1,1,1,1,1,1,1
21162,Puebla,Tepango de Rodríguez,0.105,0.064,0.051,0.047,0.039,0.037,0.018,0,0,0,0,0,0,0
21163,Puebla,Tepatlaxco de Hidalgo,0.256,0.147,0.143,0.105,0.134,0.073,0.091,1,1,1,1,1,1,1
21164,Puebla,Tepeaca,0.282,0.185,0.161,0.135,0.126,0.105,0.109,1,1,1,1,1,1,1
21165,Puebla,Tepemaxalco,0.09,0.013,0.026,0.013,0.026,0.013,0.013,0,0,0,0,0,0,0
21166,Puebla,Tepeojuma,0.178,0.121,0.107,0.083,0.103,0.058,0.064,1,1,1,1,1,0,0
21167,Puebla,Tepetzintla,0.08,0.043,0.042,0.028,0.024,0.015,0.016,0,1,0,0,0,0,0
21168,Puebla,Tepexco,0.14,0.109,0.096,0.089,0.08,0.066,0.038,1,1,1,1,0,0,0
21169,Puebla,Tepexi de Rodríguez,0.269,0.196,0.174,0.161,0.139,0.094,0.077,1,1,1,1,1,1,1
21170,Puebla,Tepeyahualco,0.376,0.172,0.171,0.131,0.128,0.088,0.113,1,1,1,1,1,1,1
21171,Puebla,Tepeyahualco de Cuauhtémoc,0.263,0.133,0.111,0.093,0.08,0.064,0.053,1,1,1,1,0,0,0
21172,Puebla,Tetela de Ocampo,0.201,0.129,0.121,0.106,0.093,0.08,0.047,1,1,1,1,1,1,1
21173,Puebla,Teteles de Ávila Castillo,0.45,0.386,0.391,0.34,0.3,0.289,0.13,1,1,1,1,1,1,1
21174,Puebla,Teziutlán,0.493,0.351,0.358,0.297,0.296,0.283,0.255,1,1,1,1,1,1,1
21175,Puebla,Tianguismanalco,0.295,0.259,0.248,0.227,0.22,0.224,0.166,1,0,1,1,1,1,1
21176,Puebla,Tilapa,0.195,0.156,0.171,0.122,0.11,0.096,0.09,1,1,1,1,1,1,1
21177,Puebla,Tlacotepec de Benito Juárez,0.195,0.114,0.118,0.081,0.087,0.063,0.071,1,1,1,1,1,1,1
21178,Puebla,Tlacuilotepec,0.082,0.062,0.059,0.032,0.035,0.022,0.017,1,1,1,0,0,0,0
21179,Puebla,Tlachichuca,0.218,0.135,0.124,0.103,0.116,0.068,0.076,1,1,1,1,1,1,1
21180,Puebla,Tlahuapan,0.227,0.148,0.141,0.126,0.126,0.105,0.113,1,1,1,1,1,1,1
21181,Puebla,Tlaltenango,0.517,0.469,0.48,0.419,0.426,0.389,0.412,1,1,1,1,1,1,1
21182,Puebla,Tlanepantla,0.21,0.061,0.066,0.054,0.042,0.031,0.031,1,0,1,0,0,0,0
21183,Puebla,Tlaola,0.084,0.06,0.081,0.051,0.059,0.038,0.027,1,1,1,1,0,0,0
21184,Puebla,Tlapacoya,0.062,0.053,0.072,0.042,0.044,0.028,0.02,0,0,0,0,0,0,0
21185,Puebla,Tlapanalá,0.116,0.06,0.041,0.035,0.025,0.017,0.017,1,1,0,1,0,0,0
21186,Puebla,Tlatlauquitepec,0.286,0.21,0.205,0.177,0.165,0.131,0.096,1,1,1,1,1,1,1
21187,Puebla,Tlaxco,0.085,0.052,0.048,0.039,0.038,0.024,0.013,0,0,0,0,0,0,0
21188,Puebla,Tochimilco,0.139,0.1,0.087,0.067,0.054,0.034,0.048,1,1,1,1,1,1,1
21189,Puebla,Tochtepec,0.167,0.096,0.088,0.072,0.071,0.058,0.054,1,1,1,1,1,1,1
21190,Puebla,Totoltepec de Guerrero,0.227,0.146,0.167,0.152,0.081,0.091,0.046,0,0,0,0,0,0,0
21191,Puebla,Tulcingo,0.209,0.127,0.112,0.099,0.091,0.072,0.054,1,1,1,1,1,1,0
21192,Puebla,Tuzamapan de Galeana,0.267,0.196,0.211,0.156,0.151,0.098,0.057,1,1,1,1,1,0,0
21193,Puebla,Tzicatlacoyan,0.198,0.071,0.075,0.041,0.048,0.021,0.02,1,1,1,0,0,0,0
21194,Puebla,Venustiano Carranza,0.258,0.175,0.175,0.147,0.143,0.099,0.1,1,1,1,1,1,1,1
21195,Puebla,Vicente Guerrero,0.093,0.042,0.041,0.023,0.024,0.01,0.013,1,1,1,1,1,0,0
21196,Puebla,Xayacatlán de Bravo,0.334,0.264,0.264,0.228,0.219,0.167,0.131,1,1,1,1,0,0,0
21197,Puebla,Xicotepec,0.276,0.192,0.201,0.154,0.156,0.13,0.091,1,1,1,1,1,1,1
21198,Puebla,Xicotlán,0.184,0.107,0.061,0.117,0.036,0.02,0.02,0,0,0,0,0,0,0
21199,Puebla,Xiutetelco,0.17,0.069,0.063,0.043,0.047,0.035,0.026,1,1,1,1,1,1,1
21200,Puebla,Xochiapulco,0.209,0.134,0.131,0.117,0.09,0.081,0.024,1,1,0,1,0,0,0
21201,Puebla,Xochiltepec,0.098,0.064,0.053,0.034,0.039,0.017,0.02,0,0,0,0,0,0,0
21202,Puebla,Xochitlán de Vicente Suárez,0.096,0.071,0.066,0.057,0.041,0.024,0.014,1,0,0,0,0,0,0
21203,Puebla,Xochitlán Todos Santos,0.222,0.141,0.135,0.114,0.106,0.082,0.1,1,1,1,1,1,0,1
21204,Puebla,Yaonáhuac,0.391,0.314,0.324,0.266,0.261,0.218,0.155,1,1,1,1,1,1,1
21205,Puebla,Yehualtepec,0.153,0.076,0.088,0.06,0.07,0.052,0.048,1,1,1,1,1,1,1
21206,Puebla,Zacapala,0.1,0.039,0.038,0.031,0.027,0.021,0.012,1,0,0,0,0,0,0
21207,Puebla,Zacapoaxtla,0.242,0.187,0.175,0.148,0.128,0.109,0.059,1,1,1,1,1,1,1
21208,Puebla,Zacatlán,0.31,0.223,0.193,0.175,0.16,0.144,0.093,1,1,1,1,1,1,1
21209,Puebla,Zapotitlán,0.335,0.242,0.225,0.193,0.165,0.133,0.127,1,1,1,1,1,1,1
21210,Puebla,Zapotitlán de Méndez,0.237,0.175,0.173,0.148,0.125,0.086,0.066,0,0,0,0,0,0,0
21211,Puebla,Zaragoza,0.383,0.311,0.292,0.261,0.242,0.213,0.095,1,1,1,1,1,1,1
21212,Puebla,Zautla,0.125,0.08,0.081,0.058,0.044,0.028,0.023,1,0,1,0,0,0,0
21213,Puebla,Zihuateutla,0.107,0.062,0.069,0.05,0.066,0.028,0.016,0,1,1,0,0,0,0
21214,Puebla,Zinacatepec,0.207,0.153,0.141,0.128,0.119,0.102,0.108,1,1,1,1,1,1,1
21215,Puebla,Zongozotla,0.149,0.099,0.132,0.08,0.074,0.052,0.031,1,0,1,0,0,0,0
21216,Puebla,Zoquiapan,0.163,0.137,0.113,0.105,0.064,0.046,0.034,1,1,1,1,0,0,0
21217,Puebla,Zoquitlán,0.091,0.039,0.037,0.023,0.02,0.011,0.017,1,1,0,0,0,0,0
22001,Querétaro,Amealco de Bonfil,0.348,0.296,0.278,0.236,0.224,0.169,0.204,1,1,1,1,1,1,1
22002,Querétaro,Pinal de Amoles,0.161,0.12,0.075,0.08,0.052,0.039,0.042,1,1,1,1,1,0,0
22003,Querétaro,Arroyo Seco,0.218,0.192,0.116,0.138,0.067,0.055,0.053,1,1,1,1,1,1,1
22004,Querétaro,Cadereyta de Montes,0.407,0.32,0.283,0.244,0.237,0.157,0.181,1,1,1,1,1,1,1
22005,Querétaro,Colón,0.637,0.566,0.571,0.47,0.463,0.366,0.407,1,1,1,1,1,1,1
22006,Querétaro,Corregidora,0.762,0.738,0.719,0.679,0.659,0.644,0.52,1,1,1,1,1,1,1
22007,Querétaro,Ezequiel Montes,0.49,0.342,0.275,0.265,0.23,0.163,0.203,1,1,1,1,1,1,1
22008,Querétaro,Huimilpan,0.443,0.333,0.291,0.276,0.266,0.239,0.202,1,1,1,1,1,1,1
22009,Querétaro,Jalpan de Serra,0.358,0.289,0.203,0.231,0.146,0.106,0.071,1,1,1,1,1,1,1
22010,Querétaro,Landa de Matamoros,0.199,0.154,0.111,0.109,0.056,0.038,0.035,1,1,1,1,1,1,0
22011,Querétaro,El Marqués,0.813,0.777,0.766,0.722,0.708,0.692,0.629,1,1,1,1,1,1,1
22012,Querétaro,Pedro Escobedo,0.753,0.705,0.718,0.622,0.65,0.618,0.549,1,1,1,1,1,1,1
22013,Querétaro,Peñamiller,0.222,0.15,0.155,0.112,0.094,0.052,0.065,1,1,1,1,1,1,1
22014,Querétaro,Querétaro,0.794,0.776,0.765,0.712,0.723,0.68,0.604,1,1,1,1,1,1,1
22015,Querétaro,San Joaquín,0.256,0.196,0.124,0.15,0.06,0.044,0.054,1,1,1,1,0,0,0
22016,Querétaro,San Juan del Río,0.715,0.684,0.681,0.626,0.632,0.613,0.507,1,1,1,1,1,1,1
22017,Querétaro,Tequisquiapan,0.574,0.5,0.477,0.42,0.419,0.378,0.369,1,1,1,1,1,1,1
22018,Querétaro,Tolimán,0.36,0.297,0.28,0.233,0.197,0.138,0.159,1,1,1,1,1,1,1
23001,Quintana Roo,Cozumel,0.7,0.671,0.638,0.606,0.595,0.583,0.492,1,1,1,1,1,1,1
23002,Quintana Roo,Felipe Carrillo Puerto,0.501,0.428,0.409,0.359,0.348,0.276,0.257,1,1,1,1,1,1,1
23003,Quintana Roo,Isla Mujeres,0.576,0.487,0.454,0.421,0.401,0.395,0.393,1,1,1,1,1,1,1
23004,Quintana Roo,Othón P. Blanco,0.682,0.629,0.616,0.568,0.577,0.558,0.239,1,1,1,1,1,1,1
23005,Quintana Roo,Benito Juárez,0.769,0.736,0.731,0.649,0.685,0.683,0.627,1,1,1,1,1,1,1
23006,Quintana Roo,José María Morelos,0.392,0.263,0.275,0.215,0.224,0.17,0.093,1,1,1,1,1,1,1
23007,Quintana Roo,Lázaro Cárdenas,0.496,0.41,0.285,0.28,0.214,0.162,0.207,1,1,1,1,1,1,1
23008,Quintana Roo,Playa del Carmen,0.736,0.697,0.703,0.665,0.649,0.662,0.617,1,1,1,1,1,1,1
23009,Quintana Roo,Tulum,0.594,0.53,0.456,0.403,0.393,0.341,0.33,1,1,1,1,1,1,1
23010,Quintana Roo,Bacalar,0.358,0.293,0.26,0.242,0.246,0.208,0.109,1,1,1,1,1,1,1
23011,Quintana Roo,Puerto Morelos,0.656,0.61,0.594,0.555,0.536,0.501,0.462,1,1,1,1,1,1,1
24001,San Luis Potosí,Ahualulco del Sonido 13,0.404,0.316,0.275,0.221,0.204,0.19,0.196,1,1,1,1,1,1,1
24002,San Luis Potosí,Alaquines,0.149,0.098,0.086,0.069,0.058,0.04,0.051,1,1,1,1,0,0,0
24003,San Luis Potosí,Aquismón,0.124,0.068,0.074,0.051,0.05,0.036,0.02,1,1,1,1,1,0,1
24004,San Luis Potosí,Armadillo de los Infante,0.471,0.412,0.38,0.354,0.338,0.283,0.323,1,1,1,1,1,1,1
24005,San Luis Potosí,Cárdenas,0.477,0.407,0.376,0.34,0.29,0.28,0.222,1,1,1,1,1,1,1
24006,San Luis Potosí,Catorce,0.319,0.243,0.207,0.204,0.171,0.13,0.168,1,1,1,1,1,1,1
24007,San Luis Potosí,Cedral,0.548,0.453,0.482,0.417,0.366,0.326,0.298,1,1,1,1,1,1,1
24008,San Luis Potosí,Cerritos,0.478,0.406,0.352,0.335,0.288,0.253,0.181,1,1,1,1,1,1,1
24009,San Luis Potosí,Cerro de San Pedro,0.65,0.635,0.628,0.591,0.576,0.565,0.464,1,1,1,1,1,1,1
24010,San Luis Potosí,Ciudad del Maíz,0.347,0.123,0.15,0.099,0.094,0.072,0.054,1,1,1,1,1,1,1
24011,San Luis Potosí,Ciudad Fernández,0.43,0.35,0.286,0.272,0.238,0.227,0.17,1,1,1,1,1,1,1
24012,San Luis Potosí,Tancanhuitz,0.254,0.19,0.2,0.166,0.142,0.113,0.054,1,1,1,1,1,1,1
24013,San Luis Potosí,Ciudad Valles,0.627,0.575,0.571,0.526,0.516,0.498,0.372,1,1,1,1,1,1,1
24014,San Luis Potosí,Coxcatlán,0.205,0.151,0.137,0.11,0.101,0.066,0.041,1,1,1,0,1,0,0
24015,San Luis Potosí,Charcas,0.606,0.58,0.576,0.53,0.51,0.481,0.468,1,1,1,1,1,1,1
24016,San Luis Potosí,Ebano,0.469,0.379,0.351,0.33,0.3,0.283,0.22,1,1,1,1,1,1,1
24017,San Luis Potosí,Guadalcázar,0.28,0.189,0.177,0.154,0.118,0.103,0.126,1,1,1,1,1,1,1
24018,San Luis Potosí,Huehuetlán,0.182,0.134,0.148,0.12,0.108,0.062,0.054,1,1,1,0,0,0,0
24019,San Luis Potosí,Lagunillas,0.165,0.063,0.069,0.052,0.021,0.021,0.013,0,0,0,0,0,0,0
24020,San Luis Potosí,Matehuala,0.67,0.616,0.594,0.545,0.511,0.478,0.402,1,1,1,1,1,1,1
24021,San Luis Potosí,Mexquitic de Carmona,0.526,0.439,0.428,0.382,0.354,0.322,0.275,1,1,1,1,1,1,1
24022,San Luis Potosí,Moctezuma,0.235,0.18,0.187,0.147,0.12,0.108,0.11,1,1,1,1,1,1,1
24023,San Luis Potosí,Rayón,0.301,0.224,0.175,0.173,0.141,0.105,0.108,1,1,1,1,1,1,1
24024,San Luis Potosí,Rioverde,0.499,0.427,0.372,0.356,0.312,0.294,0.218,1,1,1,1,1,1,1
24025,San Luis Potosí,Salinas,0.376,0.309,0.256,0.244,0.213,0.195,0.182,1,1,1,1,1,1,1
24026,San Luis Potosí,San Antonio,0.169,0.108,0.146,0.091,0.091,0.062,0.035,1,1,1,1,1,0,0
24027,San Luis Potosí,San Ciro de Acosta,0.297,0.21,0.132,0.147,0.088,0.073,0.054,1,1,1,1,1,1,0
24028,San Luis Potosí,San Luis Potosí,0.773,0.725,0.721,0.656,0.669,0.65,0.487,1,1,1,1,1,1,1
24029,San Luis Potosí,San Martín Chalchicuautla,0.172,0.135,0.1,0.091,0.065,0.052,0.037,1,1,1,1,1,1,0
24030,San Luis Potosí,San Nicolás Tolentino,0.282,0.266,0.226,0.227,0.192,0.174,0.192,1,1,1,1,1,1,1
24031,San Luis Potosí,Santa Catarina,0.079,0.042,0.053,0.041,0.019,0.014,0.009,1,1,1,0,0,0,0
24032,San Luis Potosí,Santa María del Río,0.52,0.419,0.41,0.363,0.341,0.286,0.289,1,1,1,1,1,1,1
24033,San Luis Potosí,Santo Domingo,0.12,0.088,0.092,0.074,0.078,0.058,0.038,1,1,1,1,1,0,0
24034,San Luis Potosí,San Vicente Tancuayalab,0.446,0.339,0.338,0.317,0.301,0.252,0.242,1,1,1,1,1,1,1
24035,San Luis Potosí,Soledad de Graciano Sánchez,0.792,0.766,0.751,0.722,0.717,0.711,0.579,1,1,1,1,1,1,1
24036,San Luis Potosí,Tamasopo,0.264,0.213,0.234,0.19,0.188,0.154,0.134,1,1,1,1,1,1,1
24037,San Luis Potosí,Tamazunchale,0.313,0.256,0.239,0.196,0.183,0.153,0.096,1,1,1,1,1,1,1
24038,San Luis Potosí,Tampacán,0.233,0.178,0.165,0.138,0.124,0.103,0.043,1,1,1,1,1,1,0
24039,San Luis Potosí,Tampamolón Corona,0.274,0.196,0.201,0.16,0.14,0.126,0.053,1,1,1,1,1,1,0
24040,San Luis Potosí,Tamuín,0.584,0.499,0.52,0.477,0.471,0.453,0.377,1,1,1,1,1,1,1
24041,San Luis Potosí,Tanlajás,0.271,0.208,0.215,0.182,0.169,0.133,0.106,1,1,1,1,1,1,1
24042,San Luis Potosí,Tanquián de Escobedo,0.424,0.268,0.254,0.205,0.174,0.133,0.117,1,1,1,1,1,1,1
24043,San Luis Potosí,Tierra Nueva,0.264,0.206,0.163,0.153,0.113,0.104,0.1,1,1,1,1,1,1,1
24044,San Luis Potosí,Vanegas,0.575,0.413,0.532,0.398,0.397,0.26,0.371,1,1,1,1,1,1,1
24045,San Luis Potosí,Venado,0.343,0.293,0.295,0.262,0.226,0.198,0.228,1,1,1,1,1,1,1
24046,San Luis Potosí,Villa de Arriaga,0.32,0.208,0.172,0.137,0.114,0.103,0.111,1,1,1,1,1,1,1
24047,San Luis Potosí,Villa de Guadalupe,0.22,0.164,0.151,0.139,0.113,0.092,0.096,1,1,1,1,0,0,0
24048,San Luis Potosí,Villa de la Paz,0.704,0.669,0.65,0.62,0.608,0.586,0.552,1,1,1,1,1,1,1
24049,San Luis Potosí,Villa de Ramos,0.128,0.073,0.073,0.057,0.05,0.034,0.047,1,1,1,1,1,1,1
24050,San Luis Potosí,Villa de Reyes,0.68,0.624,0.65,0.494,0.552,0.52,0.477,1,1,1,1,1,1,1
24051,San Luis Potosí,Villa Hidalgo,0.562,0.521,0.51,0.462,0.403,0.342,0.414,1,1,1,1,1,1,1
24052,San Luis Potosí,Villa Juárez,0.282,0.207,0.15,0.145,0.098,0.069,0.088,1,1,1,1,1,1,1
24053,San Luis Potosí,Axtla de Terrazas,0.308,0.224,0.222,0.191,0.162,0.148,0.078,1,1,1,1,1,1,1
24054,San Luis Potosí,Xilitla,0.188,0.119,0.11,0.073,0.082,0.05,0.04,1,1,1,1,1,1,1
24055,San Luis Potosí,Zaragoza,0.678,0.629,0.657,0.591,0.596,0.573,0.523,1,1,1,1,1,1,1
24056,San Luis Potosí,Villa de Arista,0.207,0.11,0.095,0.08,0.065,0.048,0.057,1,1,1,1,1,1,1
24057,San Luis Potosí,Matlapa,0.206,0.162,0.14,0.114,0.105,0.086,0.052,1,1,1,1,1,1,1
24058,San Luis Potosí,El Naranjo,0.349,0.271,0.31,0.213,0.208,0.162,0.15,1,1,1,1,1,1,1
24059,San Luis Potosí,Villa de Pozos,0.85,0.832,0.831,0.795,0.801,0.791,0.686,1,1,1,1,1,1,1
25001,Sinaloa,Ahome,0.729,0.676,0.686,0.647,0.636,0.631,0.458,1,1,1,1,1,1,1
25002,Sinaloa,Angostura,0.469,0.381,0.407,0.325,0.314,0.295,0.224,1,1,1,1,1,1,1
25003,Sinaloa,Badiraguato,0.332,0.264,0.236,0.18,0.19,0.181,0.13,1,1,1,1,1,1,1
25004,Sinaloa,Concordia,0.58,0.459,0.44,0.377,0.315,0.281,0.195,1,1,1,1,1,1,1
25005,Sinaloa,Cosalá,0.559,0.445,0.442,0.391,0.342,0.295,0.276,1,1,1,1,1,1,1
25006,Sinaloa,Culiacán,0.791,0.743,0.728,0.699,0.694,0.684,0.509,1,1,1,1,1,1,1
25007,Sinaloa,Choix,0.328,0.27,0.274,0.194,0.186,0.149,0.133,1,1,1,1,1,1,1
25008,Sinaloa,Elota,0.565,0.401,0.454,0.345,0.359,0.287,0.339,1,1,1,1,1,1,1
25009,Sinaloa,Escuinapa,0.474,0.397,0.386,0.332,0.319,0.294,0.238,1,1,1,1,1,1,1
25010,Sinaloa,El Fuerte,0.546,0.487,0.486,0.433,0.422,0.411,0.354,1,1,1,1,1,1,1
25011,Sinaloa,Guasave,0.545,0.474,0.512,0.43,0.455,0.43,0.338,1,1,1,1,1,1,1
25012,Sinaloa,Mazatlán,0.749,0.71,0.706,0.672,0.656,0.652,0.529,1,1,1,1,1,1,1
25013,Sinaloa,Mocorito,0.411,0.33,0.31,0.274,0.252,0.246,0.181,1,1,1,1,1,1,1
25014,Sinaloa,Rosario,0.446,0.341,0.377,0.292,0.27,0.238,0.205,1,1,1,1,1,1,1
25015,Sinaloa,Salvador Alvarado,0.678,0.638,0.635,0.603,0.603,0.6,0.501,1,1,1,1,1,1,1
25016,Sinaloa,San Ignacio,0.422,0.304,0.3,0.269,0.234,0.213,0.16,1,1,1,1,1,1,1
25017,Sinaloa,Sinaloa,0.305,0.232,0.291,0.202,0.199,0.158,0.119,1,1,1,1,1,1,1
25018,Sinaloa,Navolato,0.589,0.48,0.565,0.469,0.458,0.43,0.383,1,1,1,1,1,1,1
25019,Sinaloa,Eldorado,0.589,0.421,0.461,0.376,0.391,0.326,0.293,1,1,1,1,1,1,1
25020,Sinaloa,Juan José Ríos,0.505,0.444,0.499,0.435,0.443,0.406,0.35,1,1,1,1,1,1,1
26001,Sonora,Aconchi,0.502,0.332,0.44,0.281,0.215,0.156,0.16,1,1,1,1,1,1,1
26002,Sonora,Agua Prieta,0.685,0.666,0.635,0.6,0.588,0.583,0.566,1,1,1,1,1,1,1
26003,Sonora,Álamos,0.432,0.355,0.347,0.275,0.256,0.216,0.15,1,1,1,1,1,1,1
26004,Sonora,Altar,0.512,0.399,0.37,0.305,0.282,0.22,0.195,1,1,1,1,1,1,1
26005,Sonora,Arivechi,0.534,0.45,0.5,0.312,0.332,0.292,0.215,1,1,1,1,1,1,1
26006,Sonora,Arizpe,0.505,0.411,0.428,0.331,0.207,0.17,0.186,1,1,1,1,1,1,1
26007,Sonora,Atil,0.739,0.386,0.591,0.17,0.046,0.046,0.148,1,0,1,0,0,0,0
26008,Sonora,Bacadéhuachi,0.479,0.193,0.168,0.125,0.061,0.064,0.029,1,0,0,0,0,0,0
26009,Sonora,Bacanora,0.429,0.374,0.367,0.252,0.102,0.082,0.088,1,1,1,0,0,0,0
26010,Sonora,Bacerac,0.37,0.251,0.182,0.182,0.1,0.113,0.034,1,1,1,1,0,0,0
26011,Sonora,Bacoachi,0.37,0.309,0.295,0.185,0.136,0.101,0.113,1,1,1,1,1,0,1
26012,Sonora,Bácum,0.524,0.459,0.531,0.378,0.44,0.422,0.375,1,1,1,1,1,1,1
26013,Sonora,Banámichi,0.653,0.594,0.599,0.523,0.515,0.508,0.499,1,1,1,1,1,1,1
26014,Sonora,Baviácora,0.473,0.407,0.416,0.326,0.263,0.246,0.21,1,1,1,1,1,1,1
26015,Sonora,Bavispe,0.346,0.136,0.086,0.125,0.032,0.032,0.05,1,0,0,0,0,0,0
26016,Sonora,Benjamín Hill,0.664,0.578,0.637,0.542,0.522,0.507,0.484,1,1,1,1,1,1,1
26017,Sonora,Caborca,0.661,0.602,0.61,0.533,0.543,0.527,0.4,1,1,1,1,1,1,1
26018,Sonora,Cajeme,0.789,0.765,0.774,0.734,0.737,0.732,0.599,1,1,1,1,1,1,1
26019,Sonora,Cananea,0.809,0.788,0.78,0.722,0.716,0.693,0.573,1,1,1,1,1,1,1
26020,Sonora,Carbó,0.396,0.323,0.369,0.264,0.211,0.158,0.19,1,1,1,1,1,1,1
26021,Sonora,La Colorada,0.69,0.604,0.694,0.586,0.566,0.541,0.407,1,1,1,1,1,1,1
26022,Sonora,Cucurpe,0.649,0.383,0.364,0.285,0.196,0.164,0.187,1,1,1,1,0,0,0
26023,Sonora,Cumpas,0.648,0.598,0.673,0.545,0.513,0.487,0.376,1,1,1,1,1,1,1
26024,Sonora,Divisaderos,0.484,0.355,0.366,0.177,0.081,0.086,0.086,1,1,1,0,0,0,0
26025,Sonora,Empalme,0.668,0.633,0.651,0.615,0.599,0.59,0.547,1,1,1,1,1,1,1
26026,Sonora,Etchojoa,0.48,0.407,0.463,0.374,0.369,0.329,0.314,1,1,1,1,1,1,1
26027,Sonora,Fronteras,0.677,0.654,0.695,0.602,0.578,0.519,0.526,1,1,1,1,1,1,1
26028,Sonora,Granados,0.5,0.424,0.428,0.244,0.176,0.16,0.104,1,1,1,1,1,0,0
26029,Sonora,Guaymas,0.722,0.69,0.703,0.659,0.653,0.638,0.594,1,1,1,1,1,1,1
26030,Sonora,Hermosillo,0.813,0.787,0.777,0.741,0.716,0.718,0.554,1,1,1,1,1,1,1
26031,Sonora,Huachinera,0.464,0.278,0.135,0.306,0.076,0.07,0.034,1,1,0,1,0,0,0
26032,Sonora,Huásabas,0.587,0.498,0.551,0.372,0.247,0.219,0.271,1,1,1,1,1,0,1
26033,Sonora,Huatabampo,0.508,0.434,0.479,0.374,0.382,0.346,0.306,1,1,1,1,1,1,1
26034,Sonora,Huépac,0.717,0.643,0.691,0.581,0.515,0.496,0.327,1,1,1,1,1,1,1
26035,Sonora,Imuris,0.686,0.635,0.619,0.578,0.532,0.512,0.554,1,1,1,1,1,1,1
26036,Sonora,Magdalena,0.733,0.695,0.684,0.652,0.64,0.614,0.546,1,1,1,1,1,1,1
26037,Sonora,Mazatán,0.666,0.466,0.394,0.353,0.247,0.259,0.094,1,1,1,1,1,1,0
26038,Sonora,Moctezuma,0.646,0.588,0.618,0.5,0.421,0.387,0.207,1,1,1,1,1,1,1
26039,Sonora,Naco,0.543,0.49,0.409,0.412,0.356,0.337,0.293,1,1,1,1,1,1,1
26040,Sonora,Nácori Chico,0.396,0.258,0.273,0.176,0.073,0.044,0.026,1,1,1,0,0,0,0
26041,Sonora,Nacozari de García,0.828,0.817,0.842,0.77,0.718,0.713,0.573,1,1,1,1,1,1,1
26042,Sonora,Navojoa,0.737,0.695,0.703,0.651,0.653,0.644,0.515,1,1,1,1,1,1,1
26043,Sonora,Nogales,0.823,0.804,0.804,0.783,0.773,0.754,0.722,1,1,1,1,1,1,1
26044,Sonora,Ónavas,0.423,0.276,0.276,0.228,0.122,0.089,0.016,1,0,0,0,0,0,0
26045,Sonora,Opodepe,0.43,0.341,0.368,0.298,0.214,0.212,0.217,1,1,1,1,1,1,1
26046,Sonora,Oquitoa,0.671,0.632,0.566,0.592,0.092,0.079,0.079,1,1,1,1,0,0,0
26047,Sonora,Pitiquito,0.645,0.558,0.623,0.518,0.502,0.416,0.302,1,1,1,1,1,1,1
26048,Sonora,Puerto Peñasco,0.646,0.613,0.611,0.522,0.56,0.509,0.424,1,1,1,1,1,1,1
26049,Sonora,Quiriego,0.496,0.395,0.427,0.346,0.308,0.268,0.31,1,1,1,1,1,1,1
26050,Sonora,Rayón,0.332,0.156,0.217,0.083,0.061,0.048,0.067,1,1,1,0,0,0,0
26051,Sonora,Rosario,0.532,0.45,0.498,0.37,0.373,0.328,0.335,1,1,1,1,1,1,1
26052,Sonora,Sahuaripa,0.511,0.457,0.445,0.31,0.236,0.206,0.179,1,1,1,1,1,1,1
26053,Sonora,San Felipe de Jesús,0.709,0.627,0.673,0.464,0.473,0.446,0.373,1,1,1,1,1,1,0
26054,Sonora,San Javier,0.736,0.363,0.681,0.45,0.324,0.258,0.099,1,1,1,1,1,0,0
26055,Sonora,San Luis Río Colorado,0.582,0.535,0.508,0.438,0.438,0.427,0.419,1,1,1,1,1,1,1
26056,Sonora,San Miguel de Horcasitas,0.205,0.184,0.204,0.163,0.147,0.129,0.143,1,1,1,1,1,1,1
26057,Sonora,San Pedro de la Cueva,0.378,0.3,0.283,0.21,0.082,0.06,0.052,1,1,1,0,0,0,0
26058,Sonora,Santa Ana,0.76,0.721,0.691,0.643,0.605,0.624,0.566,1,1,1,1,1,1,1
26059,Sonora,Santa Cruz,0.491,0.379,0.463,0.379,0.35,0.284,0.247,1,1,1,1,1,1,1
26060,Sonora,Sáric,0.445,0.253,0.315,0.13,0.101,0.063,0.029,1,1,1,0,0,0,0
26061,Sonora,Soyopa,0.464,0.343,0.311,0.291,0.225,0.194,0.069,1,1,0,0,0,0,0
26062,Sonora,Suaqui Grande,0.531,0.336,0.353,0.212,0.112,0.083,0.042,1,1,1,1,0,0,0
26063,Sonora,Tepache,0.33,0.302,0.302,0.191,0.098,0.074,0.06,1,1,1,0,0,0,0
26064,Sonora,Trincheras,0.534,0.384,0.366,0.188,0.182,0.148,0.122,1,1,1,1,1,0,0
26065,Sonora,Tubutama,0.371,0.238,0.182,0.195,0.134,0.111,0.108,1,1,1,1,0,0,0
26066,Sonora,Ures,0.585,0.488,0.442,0.337,0.246,0.22,0.162,1,1,1,1,1,1,1
26067,Sonora,Villa Hidalgo,0.493,0.429,0.476,0.424,0.354,0.343,0.259,1,1,1,1,1,1,1
26068,Sonora,Villa Pesqueira,0.535,0.363,0.438,0.215,0.137,0.121,0.082,1,1,1,1,0,0,0
26069,Sonora,Yécora,0.343,0.236,0.241,0.162,0.141,0.128,0.113,1,1,1,1,1,1,1
26070,Sonora,General Plutarco Elías Calles,0.512,0.454,0.422,0.382,0.347,0.328,0.319,1,1,1,1,1,1,1
26071,Sonora,Benito Juárez,0.49,0.418,0.497,0.388,0.389,0.348,0.302,1,1,1,1,1,1,1
26072,Sonora,San Ignacio Río Muerto,0.438,0.362,0.44,0.335,0.326,0.315,0.264,1,1,1,1,1,1,1
27001,Tabasco,Balancán,0.384,0.244,0.239,0.196,0.16,0.121,0.089,1,1,1,1,1,1,1
27002,Tabasco,Cárdenas,0.502,0.39,0.422,0.34,0.342,0.313,0.259,1,1,1,1,1,1,1
27003,Tabasco,Centla,0.443,0.304,0.336,0.246,0.238,0.188,0.176,1,1,1,1,1,1,1
27004,Tabasco,Centro,0.701,0.608,0.592,0.499,0.462,0.446,0.354,1,1,1,1,1,1,1
27005,Tabasco,Comalcalco,0.488,0.367,0.368,0.261,0.257,0.198,0.227,1,1,1,1,1,1,1
27006,Tabasco,Cunduacán,0.488,0.378,0.371,0.289,0.273,0.221,0.222,1,1,1,1,1,1,1
27007,Tabasco,Emiliano Zapata,0.551,0.392,0.38,0.308,0.283,0.251,0.262,1,1,1,1,1,1,1
27008,Tabasco,Huimanguillo,0.44,0.32,0.325,0.247,0.23,0.198,0.197,1,1,1,1,1,1,1
27009,Tabasco,Jalapa,0.528,0.381,0.387,0.272,0.196,0.158,0.152,1,1,1,1,1,1,1
27010,Tabasco,Jalpa de Méndez,0.524,0.416,0.406,0.317,0.259,0.232,0.228,1,1,1,1,1,1,1
27011,Tabasco,Jonuta,0.333,0.224,0.254,0.183,0.164,0.084,0.137,1,1,1,1,1,1,1
27012,Tabasco,Macuspana,0.514,0.405,0.392,0.32,0.302,0.248,0.26,1,1,1,1,1,1,1
27013,Tabasco,Nacajuca,0.69,0.602,0.589,0.526,0.481,0.456,0.355,1,1,1,1,1,1,1
27014,Tabasco,Paraíso,0.578,0.445,0.447,0.38,0.361,0.303,0.355,1,1,1,1,1,1,1
27015,Tabasco,Tacotalpa,0.406,0.236,0.268,0.149,0.083,0.058,0.07,1,1,1,1,1,0,1
27016,Tabasco,Teapa,0.596,0.29,0.286,0.208,0.186,0.174,0.153,1,1,1,1,1,1,1
27017,Tabasco,Tenosique,0.452,0.331,0.327,0.268,0.222,0.2,0.169,1,1,1,1,1,1,1
28001,Tamaulipas,Abasolo,0.338,0.289,0.27,0.196,0.197,0.178,0.112,1,1,1,1,1,1,1
28002,Tamaulipas,Aldama,0.448,0.281,0.269,0.185,0.196,0.176,0.121,1,1,1,1,1,1,1
28003,Tamaulipas,Altamira,0.67,0.6,0.615,0.55,0.561,0.536,0.434,1,1,1,1,1,1,1
28004,Tamaulipas,Antiguo Morelos,0.248,0.196,0.225,0.149,0.178,0.111,0.104,1,1,1,1,1,1,1
28005,Tamaulipas,Burgos,0.292,0.141,0.111,0.101,0.077,0.06,0.037,1,1,1,1,1,0,0
28006,Tamaulipas,Bustamante,0.165,0.11,0.116,0.062,0.052,0.042,0.04,1,1,1,0,0,0,0
28007,Tamaulipas,Camargo,0.436,0.35,0.264,0.225,0.204,0.18,0.16,1,1,1,1,1,1,1
28008,Tamaulipas,Casas,0.287,0.17,0.188,0.083,0.066,0.055,0.062,1,1,1,1,1,1,1
28009,Tamaulipas,Ciudad Madero,0.76,0.727,0.718,0.662,0.656,0.642,0.532,1,1,1,1,1,1,1
28010,Tamaulipas,Cruillas,0.399,0.328,0.222,0.128,0.142,0.086,0.071,1,1,1,0,0,0,0
28011,Tamaulipas,Gómez Farías,0.369,0.219,0.316,0.17,0.182,0.113,0.112,1,1,1,1,1,1,1
28012,Tamaulipas,González,0.377,0.251,0.247,0.194,0.194,0.167,0.124,1,1,1,1,1,1,1
28013,Tamaulipas,Güémez,0.337,0.232,0.253,0.184,0.172,0.163,0.126,1,1,1,1,1,1,1
28014,Tamaulipas,Guerrero,0.617,0.402,0.248,0.212,0.155,0.101,0.055,1,1,1,1,1,0,0
28015,Tamaulipas,Gustavo Díaz Ordaz,0.593,0.505,0.439,0.42,0.375,0.355,0.347,1,1,1,1,1,1,1
28016,Tamaulipas,Hidalgo,0.213,0.16,0.155,0.116,0.124,0.1,0.09,1,1,1,1,1,1,1
28017,Tamaulipas,Jaumave,0.483,0.389,0.357,0.31,0.249,0.215,0.129,1,1,1,1,1,1,1
28018,Tamaulipas,Jiménez,0.442,0.35,0.336,0.287,0.221,0.198,0.103,1,1,1,1,1,1,1
28019,Tamaulipas,Llera,0.284,0.196,0.196,0.142,0.131,0.11,0.094,1,1,1,1,1,1,1
28020,Tamaulipas,Mainero,0.321,0.271,0.231,0.217,0.188,0.189,0.188,1,1,1,1,1,1,1
28021,Tamaulipas,El Mante,0.614,0.554,0.57,0.504,0.503,0.489,0.39,1,1,1,1,1,1,1
28022,Tamaulipas,Matamoros,0.722,0.694,0.661,0.643,0.641,0.624,0.563,1,1,1,1,1,1,1
28023,Tamaulipas,Méndez,0.32,0.198,0.145,0.124,0.076,0.056,0.063,1,1,1,1,0,0,0
28024,Tamaulipas,Mier,0.676,0.556,0.364,0.37,0.268,0.248,0.189,1,1,1,1,1,1,1
28025,Tamaulipas,Miguel Alemán,0.586,0.503,0.37,0.36,0.29,0.29,0.266,1,1,1,1,1,1,1
28026,Tamaulipas,Miquihuana,0.222,0.186,0.166,0.128,0.109,0.092,0.077,1,1,1,1,1,0,0
28027,Tamaulipas,Nuevo Laredo,0.774,0.732,0.718,0.681,0.69,0.68,0.638,1,1,1,1,1,1,1
28028,Tamaulipas,Nuevo Morelos,0.188,0.137,0.124,0.075,0.062,0.05,0.035,1,1,1,1,0,0,0
28029,Tamaulipas,Ocampo,0.311,0.238,0.252,0.207,0.168,0.145,0.098,1,1,1,1,1,1,1
28030,Tamaulipas,Padilla,0.39,0.286,0.278,0.239,0.21,0.218,0.128,1,1,1,1,1,1,1
28031,Tamaulipas,Palmillas,0.304,0.21,0.176,0.126,0.098,0.087,0.071,1,1,1,1,0,0,0
28032,Tamaulipas,Reynosa,0.805,0.776,0.759,0.74,0.73,0.708,0.693,1,1,1,1,1,1,1
28033,Tamaulipas,Río Bravo,0.677,0.629,0.601,0.578,0.578,0.569,0.559,1,1,1,1,1,1,1
28034,Tamaulipas,San Carlos,0.216,0.15,0.136,0.112,0.106,0.095,0.101,1,1,1,1,1,1,1
28035,Tamaulipas,San Fernando,0.403,0.319,0.285,0.26,0.229,0.201,0.174,1,1,1,1,1,1,1
28036,Tamaulipas,San Nicolás,0.073,0.052,0.052,0.039,0.034,0.026,0.017,0,0,0,0,0,0,0
28037,Tamaulipas,Soto la Marina,0.446,0.291,0.284,0.225,0.205,0.187,0.14,1,1,1,1,1,1,1
28038,Tamaulipas,Tampico,0.764,0.723,0.712,0.66,0.655,0.63,0.489,1,1,1,1,1,1,1
28039,Tamaulipas,Tula,0.348,0.254,0.242,0.217,0.168,0.142,0.11,1,1,1,1,1,1,1
28040,Tamaulipas,Valle Hermoso,0.602,0.519,0.467,0.45,0.414,0.38,0.314,1,1,1,1,1,1,1
28041,Tamaulipas,Victoria,0.771,0.728,0.707,0.645,0.569,0.533,0.335,1,1,1,1,1,1,1
28042,Tamaulipas,Villagrán,0.439,0.318,0.327,0.279,0.244,0.222,0.197,1,1,1,1,1,1,1
28043,Tamaulipas,Xicoténcatl,0.426,0.337,0.406,0.272,0.276,0.236,0.167,1,1,1,1,1,1,1
29001,Tlaxcala,Amaxac de Guerrero,0.599,0.535,0.51,0.463,0.466,0.437,0.327,1,1,1,1,1,1,1
29002,Tlaxcala,Apetatitlán de Antonio Carvajal,0.58,0.543,0.514,0.478,0.467,0.455,0.342,1,1,1,1,1,1,1
29003,Tlaxcala,Atlangatepec,0.357,0.286,0.29,0.234,0.233,0.182,0.195,1,1,1,1,1,1,1
29004,Tlaxcala,Atltzayanca,0.375,0.281,0.287,0.239,0.243,0.206,0.22,1,1,1,1,1,1,1
29005,Tlaxcala,Apizaco,0.57,0.509,0.495,0.448,0.457,0.436,0.379,1,1,1,1,1,1,1
29006,Tlaxcala,Calpulalpan,0.35,0.271,0.275,0.237,0.234,0.218,0.183,1,1,1,1,1,1,1
29007,Tlaxcala,El Carmen Tequexquitla,0.154,0.113,0.139,0.085,0.1,0.061,0.081,1,1,1,0,1,0,1
29008,Tlaxcala,Cuapiaxtla,0.248,0.188,0.264,0.141,0.183,0.1,0.127,1,1,1,1,1,1,1
29009,Tlaxcala,Cuaxomulco,0.451,0.373,0.383,0.341,0.342,0.307,0.288,1,1,1,1,1,1,1
29010,Tlaxcala,Chiautempan,0.493,0.404,0.405,0.359,0.348,0.327,0.263,1,1,1,1,1,1,1
29011,Tlaxcala,Muñoz de Domingo Arenas,0.308,0.267,0.244,0.214,0.202,0.18,0.18,1,1,1,1,1,1,1
29012,Tlaxcala,Españita,0.225,0.138,0.252,0.109,0.19,0.074,0.064,1,1,1,1,1,1,1
29013,Tlaxcala,Huamantla,0.431,0.363,0.38,0.316,0.33,0.302,0.246,1,1,1,1,1,1,1
29014,Tlaxcala,Hueyotlipan,0.262,0.195,0.208,0.161,0.158,0.112,0.113,1,1,1,1,1,1,1
29015,Tlaxcala,Ixtacuixtla de Mariano Matamoros,0.445,0.398,0.397,0.364,0.349,0.332,0.314,1,1,1,1,1,1,1
29016,Tlaxcala,Ixtenco,0.57,0.522,0.509,0.464,0.457,0.411,0.294,1,1,1,1,1,1,1
29017,Tlaxcala,Mazatecochco de José María Morelos,0.291,0.109,0.095,0.084,0.08,0.075,0.073,1,1,1,1,1,1,1
29018,Tlaxcala,Contla de Juan Cuamatzi,0.503,0.425,0.426,0.391,0.378,0.352,0.278,1,1,1,1,1,1,1
29019,Tlaxcala,Tepetitla de Lardizábal,0.394,0.354,0.356,0.335,0.323,0.31,0.258,1,1,1,1,1,1,1
29020,Tlaxcala,Sanctórum de Lázaro Cárdenas,0.203,0.136,0.155,0.111,0.118,0.073,0.078,1,1,1,1,1,1,1
29021,Tlaxcala,Nanacamilpa de Mariano Arista,0.253,0.2,0.192,0.149,0.154,0.12,0.137,1,1,1,1,1,1,1
29022,Tlaxcala,Acuamanala de Miguel Hidalgo,0.576,0.549,0.552,0.511,0.505,0.447,0.459,1,1,1,1,1,1,1
29023,Tlaxcala,Natívitas,0.416,0.362,0.361,0.322,0.33,0.296,0.26,1,1,1,1,1,1,1
29024,Tlaxcala,Panotla,0.542,0.497,0.476,0.44,0.428,0.395,0.278,1,1,1,1,1,1,1
29025,Tlaxcala,San Pablo del Monte,0.318,0.235,0.229,0.2,0.184,0.155,0.182,1,1,1,1,1,1,1
29026,Tlaxcala,Santa Cruz Tlaxcala,0.516,0.456,0.458,0.396,0.418,0.4,0.343,1,1,1,1,1,1,1
29027,Tlaxcala,Tenancingo,0.466,0.352,0.36,0.301,0.29,0.26,0.28,1,1,1,1,1,1,1
29028,Tlaxcala,Teolocholco,0.482,0.43,0.439,0.383,0.385,0.354,0.334,1,1,1,1,1,1,1
29029,Tlaxcala,Tepeyanco,0.548,0.502,0.502,0.46,0.447,0.427,0.358,1,1,1,1,1,1,1
29030,Tlaxcala,Terrenate,0.303,0.219,0.239,0.172,0.192,0.166,0.161,1,1,1,1,1,1,1
29031,Tlaxcala,Tetla de la Solidaridad,0.518,0.463,0.464,0.424,0.424,0.412,0.379,1,1,1,1,1,1,1
29032,Tlaxcala,Tetlatlahuca,0.41,0.355,0.347,0.318,0.3,0.271,0.253,1,1,1,1,1,1,1
29033,Tlaxcala,Tlaxcala,0.663,0.612,0.593,0.552,0.529,0.504,0.362,1,1,1,1,1,1,1
29034,Tlaxcala,Tlaxco,0.343,0.242,0.254,0.21,0.21,0.178,0.178,1,1,1,1,1,1,1
29035,Tlaxcala,Tocatlán,0.37,0.332,0.336,0.298,0.3,0.252,0.26,1,1,1,1,1,1,1
29036,Tlaxcala,Totolac,0.629,0.582,0.565,0.515,0.482,0.449,0.333,1,1,1,1,1,1,1
29037,Tlaxcala,Ziltlaltépec de Trinidad Sánchez Santos,0.248,0.193,0.193,0.171,0.18,0.139,0.153,1,1,1,1,1,1,1
29038,Tlaxcala,Tzompantepec,0.554,0.488,0.482,0.443,0.444,0.423,0.357,1,1,1,1,1,1,1
29039,Tlaxcala,Xaloztoc,0.439,0.399,0.414,0.369,0.378,0.349,0.341,1,1,1,1,1,1,1
29040,Tlaxcala,Xaltocan,0.401,0.338,0.327,0.28,0.296,0.262,0.255,1,1,1,1,1,1,1
29041,Tlaxcala,Papalotla de Xicohténcatl,0.516,0.455,0.453,0.4,0.394,0.368,0.342,1,1,1,1,1,1,1
29042,Tlaxcala,Xicohtzinco,0.671,0.636,0.649,0.579,0.578,0.574,0.533,1,1,1,1,1,1,1
29043,Tlaxcala,Yauhquemehcan,0.572,0.508,0.494,0.453,0.441,0.426,0.37,1,1,1,1,1,1,1
29044,Tlaxcala,Zacatelco,0.502,0.44,0.454,0.395,0.392,0.36,0.345,1,1,1,1,1,1,1
29045,Tlaxcala,Benito Juárez,0.159,0.108,0.237,0.084,0.161,0.055,0.066,1,1,1,1,1,1,1
29046,Tlaxcala,Emiliano Zapata,0.237,0.14,0.146,0.125,0.118,0.097,0.108,1,1,1,1,1,1,1
29047,Tlaxcala,Lázaro Cárdenas,0.297,0.249,0.232,0.206,0.174,0.151,0.169,1,1,1,1,1,1,1
29048,Tlaxcala,La Magdalena Tlaltelulco,0.405,0.333,0.313,0.288,0.29,0.258,0.239,1,1,1,1,1,1,1
29049,Tlaxcala,San Damián Texóloc,0.47,0.422,0.399,0.39,0.352,0.332,0.232,1,1,1,1,1,1,1
29050,Tlaxcala,San Francisco Tetlanohcan,0.405,0.363,0.36,0.328,0.326,0.29,0.254,1,1,1,1,1,1,1
29051,Tlaxcala,San Jerónimo Zacualpan,0.539,0.49,0.457,0.405,0.388,0.377,0.304,1,1,1,1,1,1,1
29052,Tlaxcala,San José Teacalco,0.244,0.199,0.189,0.144,0.139,0.12,0.123,1,1,1,1,1,1,1
29053,Tlaxcala,San Juan Huactzinco,0.566,0.538,0.525,0.472,0.441,0.44,0.281,1,1,1,1,1,1,1
29054,Tlaxcala,San Lorenzo Axocomanitla,0.51,0.439,0.431,0.38,0.374,0.306,0.295,1,1,1,1,1,1,1
29055,Tlaxcala,San Lucas Tecopilco,0.243,0.197,0.189,0.151,0.154,0.132,0.14,1,1,1,1,1,1,1
29056,Tlaxcala,Santa Ana Nopalucan,0.454,0.435,0.404,0.411,0.371,0.336,0.279,1,1,1,1,1,1,1
29057,Tlaxcala,Santa Apolonia Teacalco,0.565,0.52,0.502,0.502,0.468,0.441,0.295,1,1,1,1,1,1,1
29058,Tlaxcala,Santa Catarina Ayometla,0.469,0.41,0.452,0.392,0.373,0.358,0.366,1,1,1,1,1,1,1
29059,Tlaxcala,Santa Cruz Quilehtla,0.295,0.237,0.233,0.192,0.182,0.16,0.187,1,1,1,1,1,1,1
29060,Tlaxcala,Santa Isabel Xiloxoxtla,0.515,0.46,0.438,0.399,0.407,0.38,0.358,1,1,1,1,1,1,1
30001,Veracruz de Ignacio de la Llave,Acajete,0.334,0.166,0.156,0.13,0.096,0.076,0.078,1,1,1,1,1,1,1
30002,Veracruz de Ignacio de la Llave,Acatlán,0.218,0.096,0.065,0.048,0.033,0.022,0.022,1,1,0,0,0,0,0
30003,Veracruz de Ignacio de la Llave,Acayucan,0.447,0.333,0.34,0.285,0.296,0.264,0.214,1,1,1,1,1,1,1
30004,Veracruz de Ignacio de la Llave,Actopan,0.264,0.184,0.2,0.165,0.147,0.1,0.086,1,1,1,1,1,1,1
30005,Veracruz de Ignacio de la Llave,Acula,0.28,0.149,0.175,0.117,0.117,0.123,0.088,1,1,1,1,0,1,0
30006,Veracruz de Ignacio de la Llave,Acultzingo,0.225,0.155,0.192,0.142,0.15,0.114,0.102,1,1,1,1,1,1,1
30007,Veracruz de Ignacio de la Llave,Camarón de Tejeda,0.287,0.236,0.236,0.188,0.199,0.154,0.195,1,1,1,1,1,1,1
30008,Veracruz de Ignacio de la Llave,Alpatláhuac,0.149,0.069,0.078,0.04,0.047,0.021,0.027,1,1,0,0,0,0,0
30009,Veracruz de Ignacio de la Llave,Alto Lucero de Gutiérrez Barrios,0.253,0.154,0.154,0.116,0.107,0.071,0.073,1,1,1,1,1,1,1
30010,Veracruz de Ignacio de la Llave,Altotonga,0.228,0.117,0.12,0.089,0.092,0.057,0.052,1,1,1,1,1,1,1
30011,Veracruz de Ignacio de la Llave,Alvarado,0.627,0.458,0.468,0.406,0.391,0.379,0.303,1,1,1,1,1,1,1
30012,Veracruz de Ignacio de la Llave,Amatitlán,0.422,0.31,0.328,0.251,0.259,0.229,0.226,1,1,1,1,1,1,1
30013,Veracruz de Ignacio de la Llave,Naranjos Amatlán,0.557,0.46,0.432,0.413,0.371,0.334,0.306,1,1,1,1,1,1,1
30014,Veracruz de Ignacio de la Llave,Amatlán de los Reyes,0.57,0.49,0.521,0.443,0.446,0.42,0.374,1,1,1,1,1,1,1
30015,Veracruz de Ignacio de la Llave,Angel R. Cabada,0.313,0.232,0.249,0.206,0.192,0.156,0.145,1,1,1,1,1,1,1
30016,Veracruz de Ignacio de la Llave,La Antigua,0.624,0.552,0.565,0.521,0.491,0.459,0.422,1,1,1,1,1,1,1
30017,Veracruz de Ignacio de la Llave,Apazapan,0.484,0.352,0.373,0.337,0.315,0.222,0.229,1,1,1,1,1,1,1
30018,Veracruz de Ignacio de la Llave,Aquila,0.068,0.03,0.027,0.027,0.027,0.027,0.027,0,0,0,0,0,0,0
30019,Veracruz de Ignacio de la Llave,Astacinga,0.089,0.035,0.049,0.022,0.027,0.018,0.013,1,0,0,0,0,0,0
30020,Veracruz de Ignacio de la Llave,Atlahuilco,0.078,0.05,0.055,0.039,0.042,0.025,0.017,0,0,0,0,0,0,0
30021,Veracruz de Ignacio de la Llave,Atoyac,0.493,0.432,0.464,0.397,0.393,0.347,0.234,1,1,1,1,1,1,1
30022,Veracruz de Ignacio de la Llave,Atzacan,0.362,0.325,0.344,0.284,0.3,0.262,0.273,1,1,1,1,1,1,1
30023,Veracruz de Ignacio de la Llave,Atzalan,0.134,0.073,0.07,0.061,0.053,0.038,0.038,1,1,1,1,1,0,1
30024,Veracruz de Ignacio de la Llave,Tlaltetela,0.136,0.085,0.082,0.073,0.059,0.04,0.044,1,1,1,1,1,0,1
30025,Veracruz de Ignacio de la Llave,Ayahualulco,0.095,0.042,0.027,0.016,0.014,0.005,0.008,1,0,0,0,0,0,0
30026,Veracruz de Ignacio de la Llave,Banderilla,0.644,0.545,0.5,0.467,0.4,0.348,0.253,1,1,1,1,1,1,1
30027,Veracruz de Ignacio de la Llave,Benito Juárez,0.153,0.131,0.123,0.104,0.091,0.081,0.054,1,1,1,1,0,0,0
30028,Veracruz de Ignacio de la Llave,Boca del Río,0.744,0.696,0.681,0.634,0.63,0.62,0.522,1,1,1,1,1,1,1
30029,Veracruz de Ignacio de la Llave,Calcahualco,0.079,0.028,0.031,0.018,0.018,0.007,0.009,0,0,0,0,0,0,0
30030,Veracruz de Ignacio de la Llave,Camerino Z. Mendoza,0.484,0.436,0.442,0.355,0.358,0.32,0.242,1,1,1,1,1,1,1
30031,Veracruz de Ignacio de la Llave,Carrillo Puerto,0.147,0.08,0.084,0.05,0.061,0.028,0.052,1,1,1,1,1,0,1
30032,Veracruz de Ignacio de la Llave,Catemaco,0.385,0.267,0.257,0.214,0.204,0.182,0.165,1,1,1,1,1,1,1
30033,Veracruz de Ignacio de la Llave,Cazones de Herrera,0.242,0.156,0.159,0.13,0.12,0.101,0.091,1,1,1,1,1,1,1
30034,Veracruz de Ignacio de la Llave,Cerro Azul,0.56,0.476,0.468,0.436,0.416,0.371,0.293,1,1,1,1,1,1,1
30035,Veracruz de Ignacio de la Llave,Citlaltépetl,0.196,0.15,0.117,0.096,0.079,0.057,0.034,1,1,1,1,1,0,0
30036,Veracruz de Ignacio de la Llave,Coacoatzintla,0.366,0.211,0.199,0.149,0.116,0.094,0.103,1,1,1,1,1,1,1
30037,Veracruz de Ignacio de la Llave,Coahuitlán,0.087,0.052,0.055,0.028,0.04,0.025,0.016,0,0,0,0,0,0,0
30038,Veracruz de Ignacio de la Llave,Coatepec,0.614,0.498,0.476,0.44,0.371,0.324,0.238,1,1,1,1,1,1,1
30039,Veracruz de Ignacio de la Llave,Coatzacoalcos,0.702,0.649,0.671,0.601,0.608,0.586,0.494,1,1,1,1,1,1,1
30040,Veracruz de Ignacio de la Llave,Coatzintla,0.563,0.486,0.501,0.44,0.446,0.413,0.358,1,1,1,1,1,1,1
30041,Veracruz de Ignacio de la Llave,Coetzala,0.298,0.208,0.276,0.186,0.202,0.15,0.153,0,0,0,0,0,0,0
30042,Veracruz de Ignacio de la Llave,Colipa,0.135,0.101,0.1,0.071,0.053,0.043,0.036,0,0,0,0,0,0,0
30043,Veracruz de Ignacio de la Llave,Comapa,0.128,0.067,0.071,0.055,0.053,0.018,0.029,1,1,1,1,1,0,1
30044,Veracruz de Ignacio de la Llave,Córdoba,0.647,0.554,0.555,0.47,0.477,0.453,0.354,1,1,1,1,1,1,1
30045,Veracruz de Ignacio de la Llave,Cosamaloapan de Carpio,0.544,0.457,0.476,0.43,0.423,0.406,0.264,1,1,1,1,1,1,1
30046,Veracruz de Ignacio de la Llave,Cosautlán de Carvajal,0.18,0.094,0.106,0.084,0.065,0.039,0.026,1,0,1,0,0,0,0
30047,Veracruz de Ignacio de la Llave,Coscomatepec,0.215,0.116,0.112,0.098,0.091,0.06,0.059,1,1,1,1,1,1,1
30048,Veracruz de Ignacio de la Llave,Cosoleacaque,0.644,0.559,0.585,0.511,0.534,0.472,0.435,1,1,1,1,1,1,1
30049,Veracruz de Ignacio de la Llave,Cotaxtla,0.379,0.262,0.262,0.243,0.222,0.203,0.216,1,1,1,1,1,1,1
30050,Veracruz de Ignacio de la Llave,Coxquihui,0.144,0.106,0.098,0.075,0.064,0.048,0.046,1,1,1,1,1,0,0
30051,Veracruz de Ignacio de la Llave,Coyutla,0.16,0.116,0.113,0.098,0.089,0.069,0.055,1,1,1,1,1,0,0
30052,Veracruz de Ignacio de la Llave,Cuichapa,0.491,0.404,0.458,0.369,0.385,0.316,0.283,1,1,1,1,1,1,1
30053,Veracruz de Ignacio de la Llave,Cuitláhuac,0.338,0.206,0.23,0.171,0.18,0.162,0.164,1,1,1,1,1,1,1
30054,Veracruz de Ignacio de la Llave,Chacaltianguis,0.277,0.184,0.233,0.181,0.174,0.138,0.114,1,1,1,1,1,1,1
30055,Veracruz de Ignacio de la Llave,Chalma,0.34,0.217,0.204,0.19,0.157,0.142,0.094,1,1,1,1,1,1,0
30056,Veracruz de Ignacio de la Llave,Chiconamel,0.357,0.226,0.194,0.178,0.158,0.125,0.116,1,1,1,1,0,0,0
30057,Veracruz de Ignacio de la Llave,Chiconquiaco,0.084,0.047,0.049,0.033,0.03,0.02,0.02,1,0,0,0,0,0,0
30058,Veracruz de Ignacio de la Llave,Chicontepec,0.251,0.213,0.204,0.171,0.142,0.114,0.068,1,1,1,1,1,1,1
30059,Veracruz de Ignacio de la Llave,Chinameca,0.507,0.355,0.404,0.324,0.339,0.268,0.264,1,1,1,1,1,1,1
30060,Veracruz de Ignacio de la Llave,Chinampa de Gorostiza,0.307,0.173,0.169,0.147,0.149,0.106,0.092,1,1,1,1,1,1,1
30061,Veracruz de Ignacio de la Llave,Las Choapas,0.368,0.257,0.271,0.226,0.225,0.198,0.171,1,1,1,1,1,1,1
30062,Veracruz de Ignacio de la Llave,Chocamán,0.326,0.276,0.276,0.251,0.234,0.208,0.232,1,1,1,1,1,1,1
30063,Veracruz de Ignacio de la Llave,Chontla,0.216,0.105,0.094,0.092,0.053,0.025,0.023,1,1,1,1,1,0,0
30064,Veracruz de Ignacio de la Llave,Chumatlán,0.12,0.093,0.105,0.09,0.08,0.073,0.059,0,0,0,0,0,0,0
30065,Veracruz de Ignacio de la Llave,Emiliano Zapata,0.672,0.583,0.564,0.51,0.461,0.404,0.296,1,1,1,1,1,1,1
30066,Veracruz de Ignacio de la Llave,Espinal,0.149,0.107,0.118,0.087,0.077,0.06,0.044,1,1,1,1,1,1,1
30067,Veracruz de Ignacio de la Llave,Filomeno Mata,0.056,0.038,0.055,0.018,0.023,0.008,0.008,1,0,0,0,0,0,0
30068,Veracruz de Ignacio de la Llave,Fortín,0.602,0.535,0.537,0.492,0.467,0.444,0.385,1,1,1,1,1,1,1
30069,Veracruz de Ignacio de la Llave,Gutiérrez Zamora,0.372,0.271,0.265,0.235,0.206,0.175,0.124,1,1,1,1,1,1,1
30070,Veracruz de Ignacio de la Llave,Hidalgotitlán,0.143,0.067,0.068,0.056,0.044,0.028,0.028,1,1,1,1,1,0,0
30071,Veracruz de Ignacio de la Llave,Huatusco,0.383,0.238,0.214,0.193,0.162,0.138,0.109,1,1,1,1,1,1,1
30072,Veracruz de Ignacio de la Llave,Huayacocotla,0.184,0.131,0.126,0.106,0.077,0.067,0.049,1,1,1,1,1,1,1
30073,Veracruz de Ignacio de la Llave,Hueyapan de Ocampo,0.286,0.226,0.251,0.199,0.206,0.174,0.166,1,1,1,1,1,1,1
30074,Veracruz de Ignacio de la Llave,Huiloapan de Cuauhtémoc,0.502,0.43,0.476,0.385,0.388,0.375,0.282,1,1,1,1,1,1,1
30075,Veracruz de Ignacio de la Llave,Ignacio de la Llave,0.238,0.152,0.133,0.128,0.124,0.099,0.07,1,1,1,1,1,1,1
30076,Veracruz de Ignacio de la Llave,Ilamatlán,0.091,0.067,0.07,0.053,0.047,0.04,0.014,1,0,1,0,0,0,0
30077,Veracruz de Ignacio de la Llave,Isla,0.404,0.213,0.219,0.185,0.185,0.162,0.119,1,1,1,1,1,1,1
30078,Veracruz de Ignacio de la Llave,Ixcatepec,0.196,0.125,0.129,0.124,0.071,0.045,0.031,1,1,1,1,1,0,0
30079,Veracruz de Ignacio de la Llave,Ixhuacán de los Reyes,0.178,0.057,0.056,0.039,0.039,0.016,0.018,1,1,1,0,0,0,0
30080,Veracruz de Ignacio de la Llave,Ixhuatlán del Café,0.152,0.104,0.102,0.082,0.078,0.047,0.058,1,1,1,1,1,1,1
30081,Veracruz de Ignacio de la Llave,Ixhuatlancillo,0.513,0.451,0.457,0.408,0.411,0.402,0.293,1,1,1,1,1,1,1
30082,Veracruz de Ignacio de la Llave,Ixhuatlán del Sureste,0.644,0.513,0.54,0.46,0.459,0.366,0.4,1,1,1,1,1,1,1
30083,Veracruz de Ignacio de la Llave,Ixhuatlán de Madero,0.183,0.126,0.124,0.094,0.09,0.078,0.043,1,1,1,1,1,0,1
30084,Veracruz de Ignacio de la Llave,Ixmatlahuacan,0.312,0.169,0.182,0.142,0.13,0.119,0.11,1,1,1,1,1,1,1
30085,Veracruz de Ignacio de la Llave,Ixtaczoquitlán,0.529,0.467,0.51,0.412,0.424,0.384,0.379,1,1,1,1,1,1,1
30086,Veracruz de Ignacio de la Llave,Jalacingo,0.197,0.081,0.082,0.059,0.064,0.043,0.043,1,1,1,1,1,1,1
30087,Veracruz de Ignacio de la Llave,Xalapa,0.685,0.609,0.587,0.531,0.452,0.386,0.283,1,1,1,1,1,1,1
30088,Veracruz de Ignacio de la Llave,Jalcomulco,0.302,0.149,0.147,0.123,0.113,0.065,0.074,1,1,1,1,1,1,1
30089,Veracruz de Ignacio de la Llave,Jáltipan,0.548,0.419,0.455,0.346,0.339,0.305,0.25,1,1,1,1,1,1,1
30090,Veracruz de Ignacio de la Llave,Jamapa,0.537,0.434,0.437,0.396,0.388,0.374,0.361,1,1,1,1,1,1,1
30091,Veracruz de Ignacio de la Llave,Jesús Carranza,0.298,0.128,0.114,0.105,0.081,0.064,0.042,1,1,1,1,1,1,1
30092,Veracruz de Ignacio de la Llave,Xico,0.376,0.259,0.242,0.207,0.173,0.135,0.121,1,1,1,1,1,1,1
30093,Veracruz de Ignacio de la Llave,Jilotepec,0.446,0.307,0.311,0.27,0.23,0.191,0.16,1,1,1,1,1,1,1
30094,Veracruz de Ignacio de la Llave,Juan Rodríguez Clara,0.29,0.116,0.118,0.093,0.095,0.084,0.059,1,1,1,1,1,1,1
30095,Veracruz de Ignacio de la Llave,Juchique de Ferrer,0.149,0.103,0.107,0.084,0.064,0.05,0.027,1,1,1,1,1,0,0
30096,Veracruz de Ignacio de la Llave,Landero y Coss,0.229,0.104,0.062,0.059,0.031,0.028,0.024,0,0,0,0,0,0,0
30097,Veracruz de Ignacio de la Llave,Lerdo de Tejada,0.616,0.542,0.564,0.52,0.504,0.484,0.396,1,1,1,1,1,1,1
30098,Veracruz de Ignacio de la Llave,Magdalena,0.204,0.11,0.13,0.079,0.102,0.024,0.034,1,1,1,0,0,0,0
30099,Veracruz de Ignacio de la Llave,Maltrata,0.29,0.224,0.234,0.19,0.195,0.17,0.183,1,1,1,1,1,1,1
30100,Veracruz de Ignacio de la Llave,Manlio Fabio Altamirano,0.538,0.428,0.462,0.416,0.406,0.382,0.364,1,1,1,1,1,1,1
30101,Veracruz de Ignacio de la Llave,Mariano Escobedo,0.407,0.368,0.382,0.344,0.342,0.335,0.278,1,1,1,1,1,1,1
30102,Veracruz de Ignacio de la Llave,Martínez de la Torre,0.421,0.329,0.344,0.29,0.29,0.268,0.215,1,1,1,1,1,1,1
30103,Veracruz de Ignacio de la Llave,Mecatlán,0.079,0.051,0.073,0.041,0.038,0.026,0.013,1,0,0,0,0,0,0
30104,Veracruz de Ignacio de la Llave,Mecayapan,0.268,0.171,0.209,0.127,0.133,0.087,0.049,1,1,1,1,1,1,0
30105,Veracruz de Ignacio de la Llave,Medellín de Bravo,0.731,0.662,0.677,0.623,0.638,0.625,0.542,1,1,1,1,1,1,1
30106,Veracruz de Ignacio de la Llave,Miahuatlán,0.19,0.114,0.043,0.035,0.02,0.011,0.022,1,0,0,0,0,0,0
30107,Veracruz de Ignacio de la Llave,Las Minas,0.177,0.108,0.121,0.08,0.072,0.064,0.064,0,0,0,0,0,0,0
30108,Veracruz de Ignacio de la Llave,Minatitlán,0.588,0.514,0.537,0.476,0.467,0.433,0.413,1,1,1,1,1,1,1
30109,Veracruz de Ignacio de la Llave,Misantla,0.32,0.24,0.228,0.196,0.183,0.158,0.11,1,1,1,1,1,1,1
30110,Veracruz de Ignacio de la Llave,Mixtla de Altamirano,0.035,0.016,0.024,0.007,0.032,0.003,0.004,1,0,0,0,0,0,0
30111,Veracruz de Ignacio de la Llave,Moloacán,0.541,0.405,0.436,0.344,0.348,0.278,0.309,1,1,1,1,1,1,1
30112,Veracruz de Ignacio de la Llave,Naolinco,0.426,0.269,0.256,0.224,0.185,0.147,0.113,1,1,1,1,1,1,1
30113,Veracruz de Ignacio de la Llave,Naranjal,0.372,0.273,0.282,0.257,0.225,0.169,0.176,1,1,1,1,1,1,1
30114,Veracruz de Ignacio de la Llave,Nautla,0.349,0.228,0.214,0.21,0.189,0.169,0.099,1,1,1,1,1,1,1
30115,Veracruz de Ignacio de la Llave,Nogales,0.528,0.441,0.466,0.388,0.395,0.361,0.281,1,1,1,1,1,1,1
30116,Veracruz de Ignacio de la Llave,Oluta,0.447,0.317,0.313,0.282,0.281,0.262,0.226,1,1,1,1,1,1,1
30117,Veracruz de Ignacio de la Llave,Omealca,0.23,0.182,0.203,0.122,0.13,0.098,0.094,1,1,1,1,1,1,1
30118,Veracruz de Ignacio de la Llave,Orizaba,0.733,0.69,0.685,0.639,0.619,0.593,0.441,1,1,1,1,1,1,1
30119,Veracruz de Ignacio de la Llave,Otatitlán,0.363,0.218,0.197,0.174,0.156,0.134,0.067,1,1,1,1,1,1,1
30120,Veracruz de Ignacio de la Llave,Oteapan,0.48,0.32,0.349,0.291,0.291,0.258,0.246,1,1,1,1,1,1,1
30121,Veracruz de Ignacio de la Llave,Ozuluama de Mascareñas,0.351,0.165,0.136,0.121,0.088,0.064,0.057,1,1,1,1,1,1,1
30122,Veracruz de Ignacio de la Llave,Pajapan,0.224,0.119,0.118,0.098,0.071,0.063,0.063,1,1,1,1,1,1,1
30123,Veracruz de Ignacio de la Llave,Pánuco,0.545,0.4,0.45,0.349,0.341,0.28,0.264,1,1,1,1,1,1,1
30124,Veracruz de Ignacio de la Llave,Papantla,0.325,0.255,0.249,0.197,0.201,0.162,0.138,1,1,1,1,1,1,1
30125,Veracruz de Ignacio de la Llave,Paso del Macho,0.285,0.228,0.261,0.198,0.218,0.185,0.192,1,1,1,1,1,1,1
30126,Veracruz de Ignacio de la Llave,Paso de Ovejas,0.533,0.454,0.504,0.437,0.426,0.391,0.366,1,1,1,1,1,1,1
30127,Veracruz de Ignacio de la Llave,La Perla,0.049,0.024,0.02,0.013,0.014,0.013,0.013,1,1,1,0,0,0,0
30128,Veracruz de Ignacio de la Llave,Perote,0.421,0.284,0.27,0.237,0.234,0.212,0.187,1,1,1,1,1,1,1
30129,Veracruz de Ignacio de la Llave,Platón Sánchez,0.345,0.228,0.214,0.16,0.112,0.083,0.061,1,1,1,1,1,1,1
30130,Veracruz de Ignacio de la Llave,Playa Vicente,0.25,0.144,0.125,0.104,0.101,0.078,0.062,1,1,1,1,1,1,1
30131,Veracruz de Ignacio de la Llave,Poza Rica de Hidalgo,0.615,0.541,0.534,0.469,0.456,0.413,0.367,1,1,1,1,1,1,1
30132,Veracruz de Ignacio de la Llave,Las Vigas de Ramírez,0.301,0.184,0.182,0.152,0.152,0.11,0.12,1,1,1,1,1,1,1
30133,Veracruz de Ignacio de la Llave,Pueblo Viejo,0.601,0.49,0.493,0.452,0.441,0.425,0.398,1,1,1,1,1,1,1
30134,Veracruz de Ignacio de la Llave,Puente Nacional,0.459,0.367,0.394,0.341,0.338,0.317,0.273,1,1,1,1,1,1,1
30135,Veracruz de Ignacio de la Llave,Rafael Delgado,0.381,0.323,0.325,0.303,0.295,0.273,0.232,1,1,1,1,1,0,1
30136,Veracruz de Ignacio de la Llave,Rafael Lucio,0.415,0.282,0.264,0.228,0.206,0.193,0.156,1,1,1,1,1,1,1
30137,Veracruz de Ignacio de la Llave,Los Reyes,0.093,0.05,0.056,0.042,0.033,0.013,0.01,0,0,0,0,0,0,0
30138,Veracruz de Ignacio de la Llave,Río Blanco,0.698,0.626,0.636,0.58,0.569,0.555,0.377,1,1,1,1,1,1,1
30139,Veracruz de Ignacio de la Llave,Saltabarranca,0.382,0.305,0.342,0.28,0.275,0.239,0.273,1,1,1,1,1,1,1
30140,Veracruz de Ignacio de la Llave,San Andrés Tenejapan,0.275,0.136,0.136,0.101,0.098,0.074,0.081,1,1,1,1,1,0,1
30141,Veracruz de Ignacio de la Llave,San Andrés Tuxtla,0.423,0.331,0.329,0.253,0.253,0.22,0.146,1,1,1,1,1,1,1
30142,Veracruz de Ignacio de la Llave,San Juan Evangelista,0.206,0.082,0.091,0.067,0.065,0.052,0.045,1,1,1,1,1,1,1
30143,Veracruz de Ignacio de la Llave,Santiago Tuxtla,0.313,0.216,0.245,0.189,0.191,0.151,0.117,1,1,1,1,1,1,1
30144,Veracruz de Ignacio de la Llave,Sayula de Alemán,0.322,0.174,0.18,0.134,0.134,0.115,0.104,1,1,1,1,1,1,1
30145,Veracruz de Ignacio de la Llave,Soconusco,0.499,0.357,0.362,0.317,0.307,0.278,0.225,1,1,1,1,1,1,1
30146,Veracruz de Ignacio de la Llave,Sochiapa,0.15,0.064,0.071,0.056,0.038,0.018,0.02,1,0,0,0,0,0,0
30147,Veracruz de Ignacio de la Llave,Soledad Atzompa,0.047,0.028,0.041,0.02,0.02,0.013,0.01,1,0,1,0,0,0,0
30148,Veracruz de Ignacio de la Llave,Soledad de Doblado,0.38,0.284,0.302,0.247,0.248,0.242,0.242,1,1,1,1,1,1,1
30149,Veracruz de Ignacio de la Llave,Soteapan,0.169,0.118,0.155,0.094,0.098,0.053,0.039,1,1,1,1,1,1,1
30150,Veracruz de Ignacio de la Llave,Tamalín,0.287,0.131,0.133,0.122,0.098,0.057,0.06,1,1,1,1,1,0,0
30151,Veracruz de Ignacio de la Llave,Tamiahua,0.312,0.206,0.217,0.16,0.154,0.101,0.09,1,1,1,1,1,1,1
30152,Veracruz de Ignacio de la Llave,Tampico Alto,0.401,0.193,0.211,0.157,0.165,0.146,0.108,1,1,1,1,1,1,1
30153,Veracruz de Ignacio de la Llave,Tancoco,0.269,0.173,0.159,0.131,0.104,0.093,0.095,1,1,1,1,0,0,0
30154,Veracruz de Ignacio de la Llave,Tantima,0.266,0.081,0.086,0.07,0.045,0.03,0.032,1,1,1,1,1,0,0
30155,Veracruz de Ignacio de la Llave,Tantoyuca,0.342,0.254,0.236,0.185,0.151,0.12,0.074,1,1,1,1,1,1,1
30156,Veracruz de Ignacio de la Llave,Tatatila,0.182,0.08,0.095,0.048,0.065,0.03,0.042,1,0,1,0,0,0,0
30157,Veracruz de Ignacio de la Llave,Castillo de Teayo,0.137,0.102,0.111,0.089,0.078,0.063,0.03,1,1,1,1,1,1,1
30158,Veracruz de Ignacio de la Llave,Tecolutla,0.173,0.107,0.109,0.086,0.083,0.054,0.057,1,1,1,1,1,1,1
30159,Veracruz de Ignacio de la Llave,Tehuipango,0.072,0.023,0.198,0.008,0.085,0.006,0.005,0,0,0,0,0,0,0
30160,Veracruz de Ignacio de la Llave,Álamo Temapache,0.22,0.179,0.181,0.145,0.148,0.119,0.118,1,1,1,1,1,1,1
30161,Veracruz de Ignacio de la Llave,Tempoal,0.342,0.203,0.187,0.16,0.142,0.113,0.073,1,1,1,1,1,1,1
30162,Veracruz de Ignacio de la Llave,Tenampa,0.058,0.027,0.013,0.011,0.012,0.003,0.007,1,0,0,0,0,0,0
30163,Veracruz de Ignacio de la Llave,Tenochtitlán,0.186,0.113,0.086,0.056,0.044,0.035,0.028,1,1,0,0,0,0,0
30164,Veracruz de Ignacio de la Llave,Teocelo,0.463,0.296,0.257,0.221,0.166,0.115,0.082,1,1,1,1,1,1,1
30165,Veracruz de Ignacio de la Llave,Tepatlaxco,0.194,0.093,0.09,0.051,0.035,0.021,0.026,1,1,1,1,0,0,0
30166,Veracruz de Ignacio de la Llave,Tepetlán,0.142,0.08,0.069,0.067,0.041,0.027,0.032,1,1,1,0,1,0,0
30167,Veracruz de Ignacio de la Llave,Tepetzintla,0.17,0.134,0.13,0.104,0.091,0.064,0.044,1,1,1,1,1,1,1
30168,Veracruz de Ignacio de la Llave,Tequila,0.145,0.105,0.12,0.086,0.093,0.058,0.038,1,1,1,1,1,0,0
30169,Veracruz de Ignacio de la Llave,José Azueta,0.293,0.169,0.184,0.149,0.146,0.126,0.092,1,1,1,1,1,1,1
30170,Veracruz de Ignacio de la Llave,Texcatepec,0.088,0.048,0.053,0.033,0.033,0.025,0.013,0,0,0,0,0,0,0
30171,Veracruz de Ignacio de la Llave,Texhuacán,0.133,0.104,0.124,0.087,0.064,0.055,0.02,0,0,0,0,0,0,0
30172,Veracruz de Ignacio de la Llave,Texistepec,0.282,0.167,0.19,0.143,0.137,0.11,0.088,1,1,1,1,1,1,1
30173,Veracruz de Ignacio de la Llave,Tezonapa,0.215,0.166,0.177,0.137,0.153,0.129,0.069,1,1,1,1,1,1,1
30174,Veracruz de Ignacio de la Llave,Tierra Blanca,0.482,0.4,0.412,0.355,0.366,0.352,0.307,1,1,1,1,1,1,1
30175,Veracruz de Ignacio de la Llave,Tihuatlán,0.375,0.289,0.301,0.256,0.249,0.224,0.19,1,1,1,1,1,1,1
30176,Veracruz de Ignacio de la Llave,Tlacojalpan,0.185,0.097,0.139,0.079,0.076,0.04,0.056,1,1,1,1,1,0,0
30177,Veracruz de Ignacio de la Llave,Tlacolulan,0.236,0.146,0.155,0.121,0.095,0.075,0.047,1,1,1,1,1,1,0
30178,Veracruz de Ignacio de la Llave,Tlacotalpan,0.464,0.306,0.301,0.231,0.174,0.139,0.127,1,1,1,1,1,1,1
30179,Veracruz de Ignacio de la Llave,Tlacotepec de Mejía,0.186,0.131,0.127,0.108,0.096,0.039,0.083,1,0,1,1,1,0,0
30180,Veracruz de Ignacio de la Llave,Tlachichilco,0.157,0.112,0.104,0.073,0.054,0.036,0.025,1,1,1,1,0,0,0
30181,Veracruz de Ignacio de la Llave,Tlalixcoyan,0.374,0.251,0.246,0.206,0.204,0.178,0.166,1,1,1,1,1,1,1
30182,Veracruz de Ignacio de la Llave,Tlalnelhuayocan,0.41,0.319,0.308,0.269,0.246,0.221,0.155,1,1,1,1,1,1,1
30183,Veracruz de Ignacio de la Llave,Tlapacoyan,0.238,0.145,0.14,0.116,0.109,0.087,0.082,1,1,1,1,1,1,1
30184,Veracruz de Ignacio de la Llave,Tlaquilpa,0.065,0.032,0.046,0.02,0.024,0.007,0.019,0,0,0,0,0,0,0
30185,Veracruz de Ignacio de la Llave,Tlilapan,0.381,0.28,0.312,0.26,0.241,0.194,0.152,1,0,0,0,0,0,0
30186,Veracruz de Ignacio de la Llave,Tomatlán,0.271,0.19,0.177,0.154,0.143,0.114,0.116,1,1,1,1,1,1,1
30187,Veracruz de Ignacio de la Llave,Tonayán,0.118,0.043,0.046,0.032,0.031,0.022,0.025,0,0,0,0,0,0,0
30188,Veracruz de Ignacio de la Llave,Totutla,0.166,0.092,0.084,0.067,0.061,0.033,0.032,1,1,1,0,0,0,0
30189,Veracruz de Ignacio de la Llave,Tuxpan,0.598,0.517,0.55,0.462,0.452,0.44,0.352,1,1,1,1,1,1,1
30190,Veracruz de Ignacio de la Llave,Tuxtilla,0.239,0.153,0.188,0.142,0.167,0.13,0.062,1,1,1,1,1,1,0
30191,Veracruz de Ignacio de la Llave,Ursulo Galván,0.495,0.423,0.468,0.386,0.405,0.344,0.309,1,1,1,1,1,1,1
30192,Veracruz de Ignacio de la Llave,Vega de Alatorre,0.345,0.219,0.216,0.17,0.141,0.117,0.129,1,1,1,1,1,1,1
30193,Veracruz de Ignacio de la Llave,Veracruz,0.753,0.698,0.709,0.663,0.667,0.658,0.519,1,1,1,1,1,1,1
30194,Veracruz de Ignacio de la Llave,Villa Aldama,0.262,0.108,0.11,0.091,0.083,0.07,0.058,1,1,1,1,0,0,0
30195,Veracruz de Ignacio de la Llave,Xoxocotla,0.071,0.027,0.039,0.021,0.021,0.01,0.014,1,0,0,0,0,0,0
30196,Veracruz de Ignacio de la Llave,Yanga,0.378,0.262,0.287,0.196,0.195,0.166,0.153,1,1,1,1,1,1,1
30197,Veracruz de Ignacio de la Llave,Yecuatla,0.175,0.113,0.093,0.087,0.047,0.04,0.035,1,1,1,1,1,0,0
30198,Veracruz de Ignacio de la Llave,Zacualpan,0.149,0.103,0.082,0.065,0.049,0.036,0.046,0,0,0,0,0,0,0
30199,Veracruz de Ignacio de la Llave,Zaragoza,0.345,0.206,0.206,0.161,0.172,0.14,0.136,1,1,1,1,1,1,1
30200,Veracruz de Ignacio de la Llave,Zentla,0.098,0.046,0.055,0.046,0.039,0.021,0.025,1,1,1,1,0,0,0
30201,Veracruz de Ignacio de la Llave,Zongolica,0.187,0.156,0.165,0.141,0.12,0.088,0.043,1,1,1,1,1,0,0
30202,Veracruz de Ignacio de la Llave,Zontecomatlán de López y Fuentes,0.116,0.064,0.054,0.033,0.03,0.033,0.014,1,0,0,0,0,0,0
30203,Veracruz de Ignacio de la Llave,Zozocolco de Hidalgo,0.153,0.123,0.112,0.095,0.074,0.056,0.027,1,1,0,0,0,0,0
30204,Veracruz de Ignacio de la Llave,Agua Dulce,0.645,0.537,0.56,0.488,0.464,0.381,0.423,1,1,1,1,1,1,1
30205,Veracruz de Ignacio de la Llave,El Higo,0.46,0.333,0.445,0.312,0.294,0.221,0.236,1,1,1,1,1,1,1
30206,Veracruz de Ignacio de la Llave,Nanchital de Lázaro Cárdenas del Río,0.761,0.702,0.716,0.654,0.634,0.606,0.571,1,1,1,1,1,1,1
30207,Veracruz de Ignacio de la Llave,Tres Valles,0.421,0.342,0.379,0.317,0.319,0.28,0.244,1,1,1,1,1,1,1
30208,Veracruz de Ignacio de la Llave,Carlos A. Carrillo,0.672,0.613,0.641,0.587,0.594,0.567,0.535,1,1,1,1,1,1,1
30209,Veracruz de Ignacio de la Llave,Tatahuicapan de Juárez,0.268,0.175,0.198,0.141,0.145,0.104,0.06,1,1,1,1,1,1,1
30210,Veracruz de Ignacio de la Llave,Uxpanapa,0.134,0.089,0.075,0.067,0.058,0.039,0.022,1,1,1,1,1,1,0
30211,Veracruz de Ignacio de la Llave,San Rafael,0.322,0.215,0.22,0.191,0.186,0.164,0.152,1,1,1,1,1,1,1
30212,Veracruz de Ignacio de la Llave,Santiago Sochiapan,0.076,0.04,0.052,0.034,0.03,0.013,0.013,1,0,0,0,0,0,0
31001,Yucatán,Abalá,0.554,0.303,0.279,0.214,0.234,0.182,0.166,1,1,1,1,1,1,1
31002,Yucatán,Acanceh,0.746,0.586,0.582,0.535,0.519,0.501,0.487,1,1,1,1,1,1,1
31003,Yucatán,Akil,0.37,0.204,0.187,0.162,0.15,0.118,0.082,1,1,1,1,1,1,1
31004,Yucatán,Baca,0.766,0.616,0.621,0.58,0.531,0.521,0.465,1,1,1,1,1,1,1
31005,Yucatán,Bokobá,0.698,0.342,0.363,0.239,0.211,0.206,0.186,1,1,1,1,1,1,1
31006,Yucatán,Buctzotz,0.354,0.138,0.141,0.116,0.101,0.094,0.072,1,1,1,1,1,1,1
31007,Yucatán,Cacalchén,0.714,0.546,0.544,0.388,0.408,0.386,0.374,1,1,1,1,1,1,1
31008,Yucatán,Calotmul,0.423,0.238,0.212,0.168,0.142,0.116,0.12,1,1,1,1,1,1,1
31009,Yucatán,Cansahcab,0.687,0.459,0.455,0.391,0.313,0.298,0.261,1,1,1,1,1,1,1
31010,Yucatán,Cantamayec,0.421,0.161,0.112,0.057,0.1,0.044,0.049,1,1,1,0,0,0,0
31011,Yucatán,Celestún,0.409,0.08,0.046,0.044,0.041,0.036,0.033,1,1,1,1,1,1,1
31012,Yucatán,Cenotillo,0.292,0.16,0.118,0.131,0.091,0.082,0.067,1,1,1,1,1,1,1
31013,Yucatán,Conkal,0.754,0.66,0.613,0.588,0.562,0.556,0.513,1,1,1,1,1,1,1
31014,Yucatán,Cuncunul,0.496,0.336,0.353,0.328,0.226,0.226,0.239,1,1,1,1,1,1,0
31015,Yucatán,Cuzamá,0.679,0.403,0.403,0.35,0.338,0.299,0.3,1,1,1,1,1,1,1
31016,Yucatán,Chacsinkín,0.41,0.117,0.105,0.081,0.072,0.066,0.05,1,1,0,0,0,0,0
31017,Yucatán,Chankom,0.38,0.282,0.217,0.223,0.147,0.057,0.113,1,1,1,1,1,0,1
31018,Yucatán,Chapab,0.519,0.332,0.323,0.288,0.24,0.211,0.174,1,1,1,1,1,1,1
31019,Yucatán,Chemax,0.317,0.211,0.253,0.188,0.212,0.125,0.162,1,1,1,1,1,1,1
31020,Yucatán,Chicxulub Pueblo,0.642,0.464,0.468,0.421,0.387,0.38,0.384,1,1,1,1,1,1,1
31021,Yucatán,Chichimilá,0.46,0.296,0.279,0.223,0.204,0.148,0.161,1,1,1,1,1,1,1
31022,Yucatán,Chikindzonot,0.236,0.113,0.159,0.075,0.121,0.06,0.078,1,1,1,0,1,0,0
31023,Yucatán,Chocholá,0.664,0.574,0.583,0.516,0.522,0.503,0.407,1,1,1,1,1,1,1
31024,Yucatán,Chumayel,0.377,0.201,0.156,0.118,0.113,0.087,0.066,1,1,1,1,1,1,0
31025,Yucatán,Dzan,0.311,0.144,0.132,0.133,0.092,0.08,0.069,1,1,1,1,1,1,0
31026,Yucatán,Dzemul,0.668,0.468,0.49,0.362,0.35,0.337,0.263,1,1,1,1,1,1,1
31027,Yucatán,Dzidzantún,0.582,0.396,0.388,0.342,0.314,0.321,0.243,1,1,1,1,1,1,1
31028,Yucatán,Dzilam de Bravo,0.338,0.146,0.139,0.132,0.105,0.11,0.068,1,1,1,1,0,0,0
31029,Yucatán,Dzilam González,0.405,0.24,0.223,0.186,0.166,0.166,0.123,1,1,1,1,1,1,1
31030,Yucatán,Dzitás,0.423,0.191,0.177,0.195,0.154,0.114,0.112,1,1,1,1,1,1,1
31031,Yucatán,Dzoncauich,0.514,0.274,0.271,0.234,0.236,0.223,0.193,1,1,1,1,1,1,1
31032,Yucatán,Espita,0.379,0.216,0.186,0.139,0.122,0.08,0.094,1,1,1,1,1,1,1
31033,Yucatán,Halachó,0.478,0.36,0.379,0.311,0.335,0.268,0.264,1,1,1,1,1,1,1
31034,Yucatán,Hocabá,0.675,0.464,0.466,0.443,0.407,0.392,0.407,1,1,1,1,1,1,1
31035,Yucatán,Hoctún,0.629,0.496,0.484,0.442,0.46,0.451,0.397,1,1,1,1,1,1,1
31036,Yucatán,Homún,0.654,0.386,0.354,0.307,0.292,0.248,0.26,1,1,1,1,1,1,1
31037,Yucatán,Huhí,0.486,0.254,0.253,0.215,0.198,0.169,0.193,1,1,1,1,1,1,1
31038,Yucatán,Hunucmá,0.64,0.5,0.479,0.434,0.407,0.393,0.351,1,1,1,1,1,1,1
31039,Yucatán,Ixil,0.618,0.428,0.432,0.383,0.371,0.353,0.305,1,1,1,1,1,1,1
31040,Yucatán,Izamal,0.589,0.395,0.406,0.338,0.349,0.335,0.314,1,1,1,1,1,1,1
31041,Yucatán,Kanasín,0.771,0.689,0.655,0.618,0.614,0.622,0.541,1,1,1,1,1,1,1
31042,Yucatán,Kantunil,0.395,0.212,0.221,0.16,0.156,0.103,0.1,1,1,1,1,1,1,1
31043,Yucatán,Kaua,0.371,0.184,0.177,0.152,0.15,0.073,0.069,1,1,1,1,1,0,1
31044,Yucatán,Kinchil,0.685,0.576,0.582,0.483,0.526,0.453,0.496,1,1,1,1,1,1,1
31045,Yucatán,Kopomá,0.664,0.582,0.573,0.514,0.517,0.505,0.497,1,1,1,1,1,1,1
31046,Yucatán,Mama,0.513,0.208,0.208,0.189,0.156,0.132,0.107,1,1,1,1,1,1,1
31047,Yucatán,Maní,0.348,0.119,0.124,0.083,0.073,0.047,0.051,1,1,1,1,1,0,0
31048,Yucatán,Maxcanú,0.571,0.41,0.428,0.361,0.356,0.326,0.315,1,1,1,1,1,1,1
31049,Yucatán,Mayapán,0.275,0.1,0.115,0.056,0.138,0.015,0.021,1,1,1,1,1,0,0
31050,Yucatán,Mérida,0.818,0.765,0.724,0.666,0.644,0.64,0.488,1,1,1,1,1,1,1
31051,Yucatán,Mocochá,0.729,0.496,0.477,0.438,0.428,0.405,0.341,1,1,1,1,1,1,1
31052,Yucatán,Motul,0.556,0.447,0.455,0.398,0.394,0.371,0.343,1,1,1,1,1,1,1
31053,Yucatán,Muna,0.684,0.477,0.449,0.378,0.367,0.332,0.332,1,1,1,1,1,1,1
31054,Yucatán,Muxupip,0.657,0.543,0.544,0.513,0.507,0.506,0.416,1,1,1,1,1,1,1
31055,Yucatán,Opichén,0.428,0.237,0.285,0.196,0.241,0.191,0.193,1,1,1,1,1,1,1
31056,Yucatán,Oxkutzcab,0.401,0.196,0.159,0.152,0.115,0.089,0.083,1,1,1,1,1,1,1
31057,Yucatán,Panabá,0.317,0.108,0.135,0.127,0.077,0.075,0.047,1,1,1,1,1,1,1
31058,Yucatán,Peto,0.398,0.248,0.22,0.178,0.178,0.143,0.103,1,1,1,1,1,1,1
31059,Yucatán,Progreso,0.593,0.425,0.381,0.37,0.325,0.316,0.247,1,1,1,1,1,1,1
31060,Yucatán,Quintana Roo,0.288,0.132,0.135,0.104,0.087,0.083,0.059,1,0,0,0,0,0,0
31061,Yucatán,Río Lagartos,0.597,0.44,0.434,0.415,0.376,0.35,0.344,1,1,1,1,1,1,1
31062,Yucatán,Sacalum,0.462,0.242,0.264,0.218,0.208,0.178,0.132,1,1,1,1,1,1,1
31063,Yucatán,Samahil,0.781,0.658,0.66,0.545,0.638,0.457,0.599,1,1,1,1,1,1,1
31064,Yucatán,Sanahcat,0.666,0.5,0.512,0.484,0.477,0.461,0.404,1,1,1,1,1,1,1
31065,Yucatán,San Felipe,0.325,0.154,0.263,0.156,0.143,0.125,0.065,1,1,1,1,0,0,0
31066,Yucatán,Santa Elena,0.388,0.222,0.205,0.176,0.148,0.079,0.122,1,1,1,1,1,1,1
31067,Yucatán,Seyé,0.598,0.288,0.287,0.233,0.238,0.186,0.193,1,1,1,1,1,1,1
31068,Yucatán,Sinanché,0.546,0.258,0.263,0.211,0.172,0.162,0.128,1,1,1,1,1,1,1
31069,Yucatán,Sotuta,0.461,0.251,0.225,0.181,0.189,0.11,0.114,1,1,1,1,1,1,1
31070,Yucatán,Sucilá,0.538,0.282,0.249,0.25,0.191,0.154,0.124,1,1,1,1,1,1,1
31071,Yucatán,Sudzal,0.446,0.296,0.264,0.223,0.186,0.102,0.158,1,1,1,1,1,0,1
31072,Yucatán,Suma,0.692,0.497,0.52,0.412,0.43,0.421,0.372,1,1,1,1,1,1,1
31073,Yucatán,Tahdziú,0.105,0.06,0.06,0.04,0.056,0.02,0.017,1,0,0,0,0,0,0
31074,Yucatán,Tahmek,0.696,0.5,0.524,0.443,0.446,0.429,0.408,1,1,1,1,1,1,1
31075,Yucatán,Teabo,0.369,0.162,0.134,0.103,0.101,0.077,0.054,1,1,1,1,0,0,0
31076,Yucatán,Tecoh,0.691,0.504,0.486,0.431,0.421,0.373,0.38,1,1,1,1,1,1,1
31077,Yucatán,Tekal de Venegas,0.544,0.355,0.287,0.21,0.257,0.25,0.28,1,1,1,1,1,1,1
31078,Yucatán,Tekantó,0.648,0.42,0.402,0.338,0.332,0.301,0.289,1,1,1,1,1,1,1
31079,Yucatán,Tekax,0.491,0.339,0.305,0.285,0.267,0.251,0.22,1,1,1,1,1,1,1
31080,Yucatán,Tekit,0.708,0.14,0.132,0.11,0.07,0.046,0.046,1,1,1,1,1,1,1
31081,Yucatán,Tekom,0.4,0.273,0.274,0.186,0.216,0.162,0.149,1,1,1,1,1,1,1
31082,Yucatán,Telchac Pueblo,0.549,0.364,0.368,0.324,0.316,0.3,0.212,1,1,1,1,1,1,1
31083,Yucatán,Telchac Puerto,0.411,0.191,0.161,0.201,0.116,0.101,0.054,1,1,1,1,1,1,0
31084,Yucatán,Temax,0.613,0.39,0.382,0.313,0.293,0.286,0.295,1,1,1,1,1,1,1
31085,Yucatán,Temozón,0.301,0.184,0.166,0.142,0.143,0.118,0.085,1,1,1,1,1,1,1
31086,Yucatán,Tepakán,0.536,0.366,0.352,0.26,0.317,0.266,0.286,1,1,1,1,1,1,1
31087,Yucatán,Tetiz,0.675,0.531,0.513,0.438,0.455,0.403,0.462,1,1,1,1,1,1,1
31088,Yucatán,Teya,0.743,0.37,0.414,0.22,0.208,0.168,0.244,1,1,1,1,1,1,1
31089,Yucatán,Ticul,0.656,0.364,0.336,0.307,0.268,0.258,0.162,1,1,1,1,1,1,1
31090,Yucatán,Timucuy,0.58,0.284,0.299,0.236,0.229,0.204,0.176,1,1,1,1,1,1,1
31091,Yucatán,Tinum,0.398,0.285,0.279,0.219,0.207,0.138,0.146,1,1,1,1,1,1,1
31092,Yucatán,Tixcacalcupul,0.316,0.168,0.253,0.134,0.17,0.079,0.098,1,1,1,1,1,1,1
31093,Yucatán,Tixkokob,0.707,0.587,0.579,0.531,0.509,0.501,0.427,1,1,1,1,1,1,1
31094,Yucatán,Tixméhuac,0.384,0.176,0.201,0.129,0.136,0.087,0.091,1,1,1,1,1,1,1
31095,Yucatán,Tixpéual,0.806,0.65,0.646,0.58,0.556,0.512,0.486,1,1,1,1,1,1,1
31096,Yucatán,Tizimín,0.514,0.37,0.343,0.292,0.262,0.218,0.218,1,1,1,1,1,1,1
31097,Yucatán,Tunkás,0.349,0.141,0.145,0.1,0.1,0.067,0.06,1,1,1,1,1,1,1
31098,Yucatán,Tzucacab,0.377,0.226,0.248,0.184,0.188,0.13,0.14,1,1,1,1,1,1,1
31099,Yucatán,Uayma,0.335,0.264,0.227,0.198,0.223,0.16,0.169,1,1,1,1,1,1,1
31100,Yucatán,Ucú,0.691,0.541,0.494,0.451,0.426,0.408,0.368,1,1,1,1,1,1,1
31101,Yucatán,Umán,0.804,0.746,0.73,0.67,0.676,0.682,0.607,1,1,1,1,1,1,1
31102,Yucatán,Valladolid,0.6,0.494,0.42,0.365,0.344,0.324,0.274,1,1,1,1,1,1,1
31103,Yucatán,Xocchel,0.621,0.397,0.41,0.318,0.364,0.341,0.337,1,1,1,1,1,1,1
31104,Yucatán,Yaxcabá,0.367,0.149,0.169,0.115,0.163,0.054,0.058,1,1,1,1,1,1,1
31105,Yucatán,Yaxkukul,0.645,0.515,0.5,0.479,0.44,0.432,0.384,1,1,1,1,1,1,1
31106,Yucatán,Yobaín,0.597,0.386,0.353,0.329,0.271,0.266,0.209,1,1,1,1,1,1,1
32001,Zacatecas,Apozol,0.34,0.261,0.248,0.189,0.18,0.1,0.074,1,1,1,1,1,1,1
32002,Zacatecas,Apulco,0.476,0.343,0.345,0.318,0.301,0.244,0.234,1,1,1,1,1,1,1
32003,Zacatecas,Atolinga,0.259,0.201,0.215,0.147,0.133,0.065,0.044,1,1,1,1,0,0,0
32004,Zacatecas,Benito Juárez,0.25,0.184,0.171,0.118,0.067,0.044,0.039,1,1,1,1,0,0,0
32005,Zacatecas,Calera,0.519,0.485,0.5,0.437,0.432,0.414,0.378,1,1,1,1,1,1,1
32006,Zacatecas,Cañitas de Felipe Pescador,0.459,0.403,0.391,0.307,0.333,0.289,0.249,1,1,1,1,1,1,1
32007,Zacatecas,Concepción del Oro,0.711,0.681,0.731,0.592,0.595,0.532,0.533,1,1,1,1,1,1,1
32008,Zacatecas,Cuauhtémoc,0.477,0.399,0.412,0.35,0.348,0.286,0.289,1,1,1,1,1,1,1
32009,Zacatecas,Chalchihuites,0.359,0.307,0.294,0.238,0.215,0.125,0.098,1,1,1,1,1,1,1
32010,Zacatecas,Fresnillo,0.586,0.548,0.564,0.516,0.506,0.484,0.435,1,1,1,1,1,1,1
32011,Zacatecas,Trinidad García de la Cadena,0.205,0.153,0.133,0.106,0.083,0.052,0.032,1,1,1,1,1,0,0
32012,Zacatecas,Genaro Codina,0.422,0.234,0.241,0.168,0.151,0.113,0.129,1,1,1,1,1,1,1
32013,Zacatecas,General Enrique Estrada,0.434,0.417,0.429,0.388,0.39,0.372,0.314,1,1,1,1,1,1,1
32014,Zacatecas,General Francisco R. Murguía,0.282,0.251,0.22,0.188,0.166,0.111,0.104,1,1,1,1,1,1,1
32015,Zacatecas,El Plateado de Joaquín Amaro,0.166,0.131,0.145,0.076,0.066,0.034,0.031,1,1,0,0,0,0,0
32016,Zacatecas,General Pánfilo Natera,0.296,0.245,0.227,0.199,0.191,0.141,0.183,1,1,1,1,1,1,1
32017,Zacatecas,Guadalupe,0.722,0.676,0.688,0.625,0.621,0.605,0.364,1,1,1,1,1,1,1
32018,Zacatecas,Huanusco,0.312,0.279,0.271,0.236,0.212,0.109,0.104,1,1,1,1,1,1,1
32019,Zacatecas,Jalpa,0.44,0.369,0.314,0.285,0.263,0.219,0.19,1,1,1,1,1,1,1
32020,Zacatecas,Jerez,0.52,0.462,0.388,0.368,0.346,0.292,0.192,1,1,1,1,1,1,1
32021,Zacatecas,Jiménez del Teul,0.346,0.309,0.327,0.262,0.258,0.144,0.18,1,1,1,1,1,1,1
32022,Zacatecas,Juan Aldama,0.392,0.328,0.286,0.251,0.224,0.194,0.187,1,1,1,1,1,1,1
32023,Zacatecas,Juchipila,0.425,0.369,0.307,0.27,0.236,0.162,0.11,1,1,1,1,1,1,1
32024,Zacatecas,Loreto,0.475,0.362,0.346,0.303,0.288,0.241,0.154,1,1,1,1,1,1,1
32025,Zacatecas,Luis Moya,0.552,0.455,0.44,0.384,0.365,0.299,0.283,1,1,1,1,1,1,1
32026,Zacatecas,Mazapil,0.524,0.487,0.534,0.449,0.436,0.376,0.4,1,1,1,1,1,1,1
32027,Zacatecas,Melchor Ocampo,0.426,0.423,0.463,0.363,0.35,0.26,0.321,1,1,1,1,1,1,1
32028,Zacatecas,Mezquital del Oro,0.213,0.169,0.125,0.1,0.095,0.074,0.065,1,1,1,0,0,0,0
32029,Zacatecas,Miguel Auza,0.389,0.312,0.276,0.243,0.235,0.197,0.202,1,1,1,1,1,1,1
32030,Zacatecas,Momax,0.26,0.215,0.179,0.171,0.08,0.038,0.076,1,1,1,1,0,0,0
32031,Zacatecas,Monte Escobedo,0.278,0.238,0.211,0.175,0.13,0.052,0.053,1,1,1,1,1,1,0
32032,Zacatecas,Morelos,0.688,0.616,0.636,0.552,0.574,0.532,0.362,1,1,1,1,1,1,1
32033,Zacatecas,Moyahua de Estrada,0.268,0.244,0.196,0.198,0.151,0.1,0.058,1,1,1,1,1,0,0
32034,Zacatecas,Nochistlán de Mejía,0.384,0.325,0.275,0.26,0.199,0.131,0.117,1,1,1,1,1,1,1
32035,Zacatecas,Noria de Ángeles,0.271,0.238,0.259,0.209,0.222,0.161,0.144,1,1,1,1,1,1,1
32036,Zacatecas,Ojocaliente,0.51,0.42,0.394,0.345,0.323,0.28,0.236,1,1,1,1,1,1,1
32037,Zacatecas,Pánuco,0.332,0.272,0.29,0.248,0.232,0.212,0.228,1,1,1,1,1,1,1
32038,Zacatecas,Pinos,0.287,0.199,0.212,0.139,0.132,0.105,0.115,1,1,1,1,1,1,1
32039,Zacatecas,Río Grande,0.515,0.428,0.408,0.342,0.331,0.289,0.234,1,1,1,1,1,1,1
32040,Zacatecas,Sain Alto,0.271,0.241,0.23,0.179,0.158,0.13,0.137,1,1,1,1,1,1,1
32041,Zacatecas,El Salvador,0.636,0.533,0.554,0.486,0.399,0.354,0.312,1,1,1,1,1,1,1
32042,Zacatecas,Sombrerete,0.492,0.455,0.448,0.41,0.394,0.351,0.302,1,1,1,1,1,1,1
32043,Zacatecas,Susticacán,0.228,0.205,0.218,0.191,0.181,0.091,0.074,1,1,1,1,1,0,0
32044,Zacatecas,Tabasco,0.374,0.291,0.282,0.232,0.21,0.131,0.163,1,1,1,1,1,1,1
32045,Zacatecas,Tepechitlán,0.317,0.275,0.219,0.215,0.134,0.096,0.079,1,1,1,1,1,1,1
32046,Zacatecas,Tepetongo,0.216,0.168,0.149,0.134,0.104,0.063,0.1,1,1,1,1,1,1,1
32047,Zacatecas,Teúl de González Ortega,0.382,0.303,0.251,0.228,0.174,0.103,0.051,1,1,1,1,1,1,0
32048,Zacatecas,Tlaltenango de Sánchez Román,0.452,0.376,0.301,0.271,0.23,0.184,0.151,1,1,1,1,1,1,1
32049,Zacatecas,Valparaíso,0.315,0.274,0.267,0.222,0.199,0.138,0.093,1,1,1,1,1,1,1
32050,Zacatecas,Vetagrande,0.458,0.351,0.394,0.326,0.327,0.283,0.225,1,1,1,1,1,1,1
32051,Zacatecas,Villa de Cos,0.248,0.164,0.163,0.126,0.12,0.088,0.074,1,1,1,1,1,1,1
32052,Zacatecas,Villa García,0.559,0.506,0.519,0.478,0.463,0.417,0.362,1,1,1,1,1,1,1
32053,Zacatecas,Villa González Ortega,0.366,0.303,0.323,0.268,0.258,0.214,0.137,1,1,1,1,1,1,1
32054,Zacatecas,Villa Hidalgo,0.194,0.152,0.153,0.121,0.117,0.083,0.061,1,1,1,1,1,1,1
32055,Zacatecas,Villanueva,0.369,0.298,0.254,0.213,0.189,0.161,0.174,1,1,1,1,1,1,1
32056,Zacatecas,Zacatecas,0.757,0.711,0.709,0.643,0.653,0.632,0.348,1,1,1,1,1,1,1
32057,Zacatecas,Trancoso,0.511,0.442,0.455,0.399,0.382,0.302,0.257,1,1,1,1,1,1,1
32058,Zacatecas,Santa María de la Paz,0.31,0.259,0.23,0.196,0.144,0.103,0.021,1,1,1,1,1,0,0
